snapshot_at,country_code,country_name,rank,rank_points,video_id,title,channel_id,channel_name,category_id,category_name,published_at,duration,global_view_count,global_like_count,global_comment_count,thumbnail_url,countries_charting
2026-08-31T02:15:00.610597+00:00,DZ,Algeria,1,10,o-jDwgcfZDM,راي جزائري صامت - صعيب ولفك وانا مانيش صبار,UCiJpn-jHAZnomOagzz1cEUA,Najiri Vision | نجيري فيزيون - Topic,10,Music,2026-08-27T23:34:44Z,PT1M32S,80586,253,2,https://i.ytimg.com/vi/o-jDwgcfZDM/maxresdefault.jpg,3
2026-08-31T02:15:00.610597+00:00,DZ,Algeria,2,9,XiWxyqW--vk,GRAND THEFT ALGERIA  | Fan Trailer,UCcynp6wiL-nzAXW48FxB5jw,Proffesor X - بروفيسور ,22,People & Blogs,2026-08-27T16:03:43Z,PT1M31S,20700,766,107,https://i.ytimg.com/vi/XiWxyqW--vk/maxresdefault.jpg,1
2026-08-31T02:15:00.610597+00:00,DZ,Algeria,3,8,RjQENj5FlOU,مقلب النوب في شخص عشوائي !!,UC2qdrMpLKn3GgeCwN65SX_Q,SA7RAWI Gaming,20,Gaming,2026-08-30T11:00:10Z,PT12M13S,240350,20450,1292,https://i.ytimg.com/vi/RjQENj5FlOU/maxresdefault.jpg,4
2026-08-31T02:15:00.610597+00:00,DZ,Algeria,4,7,KBn9EgNGJYI,Faycel Sghir x Abdou Gambetta - Ana 3liha Nma3ni ( Remix Rai 2027 ),UCSAg3zqjC3gI-owuTS31MMw,aYoBeats,10,Music,2026-08-28T17:29:25Z,PT3M30S,41084,269,5,https://i.ytimg.com/vi/KBn9EgNGJYI/maxresdefault.jpg,4
2026-08-31T02:15:00.610597+00:00,DZ,Algeria,5,6,940RDI9PhbQ,الجحلط الاكبر | 11# | Resident evil 4.,UC0z17SJ3bP5wEkG7x1ekhrg,DLT,22,People & Blogs,2026-08-30T16:37:31Z,PT1H21M52S,110417,8790,1742,https://i.ytimg.com/vi/940RDI9PhbQ/maxresdefault.jpg,1
2026-08-31T02:15:00.610597+00:00,DZ,Algeria,6,5,NGCCy79SR0A,بريسيو راها عليا,UC-TLs7T84Jgi6aj-3OIVD-Q,vesco music - Topic,10,Music,2026-08-28T08:17:26Z,PT5M44S,35611,346,0,https://i.ytimg.com/vi/NGCCy79SR0A/maxresdefault.jpg,1
2026-08-31T02:15:00.610597+00:00,DZ,Algeria,7,4,qsBLKTYLojw,اصبحت عامل نظافة في روبلوكس !!,UCjHq0FqdRB0JP-1CcokW3-w,SA7RAWI,20,Gaming,2026-08-30T13:00:20Z,PT34M31S,172148,10028,1255,https://i.ytimg.com/vi/qsBLKTYLojw/maxresdefault.jpg,1
2026-08-31T02:15:00.610597+00:00,DZ,Algeria,8,3,q0VYmUoIcpA,te9etlini thabliniiiiiii تقتليني تهبليني,UCJDaal318UDu0cbuO4CRNPA,IA RAI STYLE - Topic,10,Music,2026-08-25T01:32:45Z,PT3M53S,42149,294,18,https://i.ytimg.com/vi/q0VYmUoIcpA/maxresdefault.jpg,2
2026-08-31T02:15:00.610597+00:00,DZ,Algeria,9,2,qKz4guyRfSI,أولاد الحومة | أقوى عملية اقتحام: البنك المركزي و حصرونا الشرطة😱 |قراند الحياة الواقعية gta5 rp,UCbiuMcVgMjmWKsDD1zOXvlQ,kaster gaming,24,Entertainment,2026-08-30T19:03:12Z,PT57M14S,45155,5223,806,https://i.ytimg.com/vi/qKz4guyRfSI/sddefault.jpg,1
2026-08-31T02:15:00.610597+00:00,DZ,Algeria,10,1,Jjdi4byLilA,DANI DANI DAN,UCUdhbWZZrOAhomLkPeM4WSw,H'Mix - Topic,10,Music,2026-08-26T12:00:44Z,PT2M53S,181706,618,0,https://i.ytimg.com/vi/Jjdi4byLilA/maxresdefault.jpg,2
2026-08-31T02:15:00.610597+00:00,AR,Argentina,1,10,2Va7JevAUok,JUAN JOSÉ PIEDRABUENA / Zapada EN VIVO en UN POCO DE RUIDO !,UCg6kTB4vw1XYFBR4TtHaBuQ,Un Poco De Ruido,10,Music,2026-08-29T23:00:08Z,PT39M19S,92973,1506,142,https://i.ytimg.com/vi/2Va7JevAUok/maxresdefault.jpg,1
2026-08-31T02:15:00.610597+00:00,AR,Argentina,2,9,r14fl2jb4Zo,¡TRAILER EXTENDIDO DE GTA VI!,UCm0ieYUIU0FijIulbZ4ukbw,Tiempo de Videojuegos,20,Gaming,2026-08-29T19:21:40Z,PT23M1S,488520,14041,759,https://i.ytimg.com/vi/r14fl2jb4Zo/maxresdefault.jpg,4
2026-08-31T02:15:00.610597+00:00,AR,Argentina,3,8,-SlvFCOVvTQ,POR CADA SALTO LLEGO MAS ALTO EN ROBLOX!🏔️,UColTsB6zogXWooPbeO67Wgw,ElAbrahaham,20,Gaming,2026-08-30T18:00:20Z,PT23M33S,547695,21750,2876,https://i.ytimg.com/vi/-SlvFCOVvTQ/maxresdefault.jpg,13
2026-08-31T02:15:00.610597+00:00,AR,Argentina,4,7,Too3XygnMdE,Juan Gabriel - Así Fue (En Vivo) (Letra/Lyrics),UC3OcsnHmfLzw0jSOr5ZYO3A,ROSES,10,Music,2026-08-29T20:00:10Z,PT7M3S,157384,705,3,https://i.ytimg.com/vi/Too3XygnMdE/maxresdefault.jpg,11
2026-08-31T02:15:00.610597+00:00,AR,Argentina,5,6,rkEHl4jCpLU,MI REACCIÓN al TRAILER de GTA 6 😱 - Nexxuz,UCggHFGmLDDStxyM-uy9DYnQ,Nexxuz World,24,Entertainment,2026-08-30T20:00:25Z,PT49M22S,130765,9679,361,https://i.ytimg.com/vi/rkEHl4jCpLU/maxresdefault.jpg,18
2026-08-31T02:15:00.610597+00:00,AR,Argentina,6,5,7jljnd_429U,Encerré a Mis Amigas en UN BLOQUE ENDERMAN en Minecraft!,UC62nFXtc3KNujp9LCPJt-sA,Awita,20,Gaming,2026-08-30T20:09:41Z,PT32M35S,223025,5060,425,https://i.ytimg.com/vi/7jljnd_429U/maxresdefault.jpg,4
2026-08-31T02:15:00.610597+00:00,AR,Argentina,7,4,kXcOItata8E,Romeo Santos - Que Se Mueran (Letra),UCU8FHs_uSV10jFb0RqpiqKQ,Velada,22,People & Blogs,2026-08-29T20:30:07Z,PT4M11S,58214,154,2,https://i.ytimg.com/vi/kXcOItata8E/maxresdefault.jpg,6
2026-08-31T02:15:00.610597+00:00,AR,Argentina,8,3,qaQlkyDnqNc,AQUINO reacciona al NUEVO TRAILER de GTA VI,UCDWfTlPBpzJjuR6fImZpzqA,AQUISI R,24,Entertainment,2026-08-30T19:00:13Z,PT38M23S,54803,2558,96,https://i.ytimg.com/vi/qaQlkyDnqNc/maxresdefault.jpg,7
2026-08-31T02:15:00.610597+00:00,AR,Argentina,9,2,be9JDTeBfUU,NUNCA ENTRES en la CASA de HOMERO MALVADO con Mandarina en Roblox,UC-cnbLlplnXA4oc7rR21qzg,Lyna,20,Gaming,2026-08-29T15:57:42Z,PT26M25S,789471,8678,608,https://i.ytimg.com/vi/be9JDTeBfUU/maxresdefault.jpg,1
2026-08-31T02:15:00.610597+00:00,AR,Argentina,10,1,nackUOghPgQ,Romeo Santos - Necio (Letra),UC6FXNmFfPjqpBHyxHgpFDxQ,ChriSync,10,Music,2026-08-30T05:33:13Z,PT4M25S,131753,611,4,https://i.ytimg.com/vi/nackUOghPgQ/maxresdefault.jpg,1
2026-08-31T02:15:00.610597+00:00,AM,Armenia,1,10,ZDRNHPDJdVM,Artur Arakelyan - El Chem Ga,UCMVJNVQkS3OiX3NZ_VY_UQQ,Artur Arakelyan,10,Music,2026-08-24T15:00:06Z,PT2M43S,1281337,7921,449,https://i.ytimg.com/vi/ZDRNHPDJdVM/maxresdefault.jpg,1
2026-08-31T02:15:00.610597+00:00,AM,Armenia,2,9,L2NAh3CIdig,Avengers Endgame: Encore | Official Trailer | In Theaters Sep 25,UCvC4D8onUfXzvjTOM-dBfEA,Marvel Entertainment,24,Entertainment,2026-08-25T16:00:01Z,PT1M37S,13723396,319458,17219,https://i.ytimg.com/vi/L2NAh3CIdig/maxresdefault.jpg,29
2026-08-31T02:15:00.610597+00:00,AM,Armenia,3,8,6hjliIlHgCA,GTA 6-ի GAMEPLAY-ից լիքը կադրեր😱Saint-Hov REACTION,UCl4dy7u2kibajf-c9DIaGwA,Saint-Hov 🇦🇲,20,Gaming,2026-08-28T13:30:40Z,PT20M40S,61249,1530,71,https://i.ytimg.com/vi/6hjliIlHgCA/maxresdefault.jpg,1
2026-08-31T02:15:00.610597+00:00,AM,Armenia,4,7,RLb_eZKmUcM,Oksy Avdalyan - I Love You (Official Audio) 2026,UCJkJ7-e0l84ivMjnW5movYQ,Oksy Avdalyan,24,Entertainment,2026-08-24T16:00:06Z,PT2M27S,387659,5424,142,https://i.ytimg.com/vi/RLb_eZKmUcM/maxresdefault.jpg,1
2026-08-31T02:15:00.610597+00:00,AM,Armenia,5,6,z2ssxDUZqGk,😱ՀԱՆԵՑԻ ՍՏՈՐԳԵՏՆՅԱ ԿՈՆՏԵՅՆԵՐԸ. ԱՇԱԿԵՐՏԻ ԱՐԿԱԾՆԵՐԸ 157,UCN1IdMogjciXd4NDkE60udA,SB TV,20,Gaming,2026-08-30T09:30:52Z,PT15M31S,14650,651,15,https://i.ytimg.com/vi/z2ssxDUZqGk/maxresdefault.jpg,1
2026-08-31T02:15:00.610597+00:00,AM,Armenia,6,5,gRMtDGBtIbU,Ernest Ogannesyan - Qaminer,UC3FSH-ZNEm2n6Zi0J5GqBIQ,Ernest Ogannesyan,10,Music,2026-08-26T14:29:36Z,PT3M54S,347659,5711,258,https://i.ytimg.com/vi/gRMtDGBtIbU/maxresdefault.jpg,1
2026-08-31T02:15:00.610597+00:00,AM,Armenia,7,4,RYXzL5NEVgg,ՎԵՐՋԱՊԵՍ ԽԱՂՈՒՄ ԵՆՔ ONE BLOCK 🤩🔥 | AMH x TIKO x OFELYA | MINECRAFT,UCeKD4aXO5QbIQkzpYF9khVg,AMH LIVE,20,Gaming,2026-08-30T20:46:01Z,PT3H1M27S,13919,1286,2,https://i.ytimg.com/vi/RYXzL5NEVgg/maxresdefault.jpg,1
2026-08-31T02:15:00.610597+00:00,AM,Armenia,8,3,NOymUBDWfsU,Ara & Alik Avetisyanner - Ari Mots || NEW 2026,UCxj345GhyLhAXt1frYit9Lg,AVETISYAN_BROTHERS,10,Music,2026-08-24T15:00:15Z,PT3M15S,160706,1945,77,https://i.ytimg.com/vi/NOymUBDWfsU/maxresdefault.jpg,1
2026-08-31T02:15:00.610597+00:00,AM,Armenia,9,2,Dy06SXknr_g,World's Largest Minecraft Build!,UCIPPMRA040LQr5QPyJEbmXA,MrBeast Gaming,20,Gaming,2026-08-29T16:00:00Z,PT24M59S,20329039,400432,13676,https://i.ytimg.com/vi/Dy06SXknr_g/maxresdefault.jpg,40
2026-08-31T02:15:00.610597+00:00,AM,Armenia,10,1,s8-kDPTNFY8,SIRUSHO - GANGUR VARSER,UC6834ubQWvySCcdZZfiLa0g,Sirusho,10,Music,2026-08-11T19:45:06Z,PT3M33S,2472332,14449,612,https://i.ytimg.com/vi/s8-kDPTNFY8/maxresdefault.jpg,1
2026-08-31T02:15:00.610597+00:00,AU,Australia,1,10,JqFzhcWo3EU,Yeshanagula | The Paradise | Nani | Keerthy Suresh | Anirudh Ravichander | Srikanth Odela,UC68nKdrLbLL0Vj7ilVkLmmg,Saregama Telugu,10,Music,2026-08-29T09:43:07Z,PT3M12S,33591008,451088,10577,https://i.ytimg.com/vi/JqFzhcWo3EU/maxresdefault.jpg,15
2026-08-31T02:15:00.610597+00:00,AU,Australia,2,9,qdyKbeIy87A,"UNABOMBER Official Trailer (2026) Russell Crowe, Shailene Woodley",UCzcRQ3vRNr6fJ1A9rqFn7QA,ONE Media,1,Film & Animation,2026-08-27T14:09:19Z,PT2M57S,988762,5248,993,https://i.ytimg.com/vi/qdyKbeIy87A/maxresdefault.jpg,1
2026-08-31T02:15:00.610597+00:00,AU,Australia,3,8,Dy06SXknr_g,World's Largest Minecraft Build!,UCIPPMRA040LQr5QPyJEbmXA,MrBeast Gaming,20,Gaming,2026-08-29T16:00:00Z,PT24M59S,20329039,400432,13676,https://i.ytimg.com/vi/Dy06SXknr_g/maxresdefault.jpg,40
2026-08-31T02:15:00.610597+00:00,AU,Australia,4,7,s466YCiHfKw,JENNIE - FALLEN ANGEL (Official Video),UCN9_L9lA9kqJbGANLRus_1A,JennieRubyJaneVEVO,10,Music,2026-08-28T04:00:19Z,PT5M43S,13544483,951232,65064,https://i.ytimg.com/vi/s466YCiHfKw/maxresdefault.jpg,12
2026-08-31T02:15:00.610597+00:00,AU,Australia,5,6,6t7C4qaHihE,Ali G: Who Iz I? | Official Trailer,UCf5CjDJvsFvtVIhkfmKAwAA,Amazon MGM Studios,24,Entertainment,2026-08-25T13:00:10Z,PT2M11S,8080641,28883,2552,https://i.ytimg.com/vi/6t7C4qaHihE/maxresdefault.jpg,6
2026-08-31T02:15:00.610597+00:00,AU,Australia,6,5,1tffqhaqxRI,UPDATE 30 TRAILER + MAGNET SHOWCASE | Blox Fruits,UC_xlDCBWQPlihORIZLWtpbA,Gamer Robot,20,Gaming,2026-08-30T02:00:06Z,PT14M19S,4358733,195424,50307,https://i.ytimg.com/vi/1tffqhaqxRI/maxresdefault.jpg,6
2026-08-31T02:15:00.610597+00:00,AU,Australia,7,4,87gO7HMUHeo,"AZ Chike - Look Like My Mama ft. Tyler, The Creator",UC9h4PGPRsxAJmYM84k55sDA,Az Chike,10,Music,2026-08-28T04:00:06Z,PT3M53S,1414965,94228,3233,https://i.ytimg.com/vi/87gO7HMUHeo/maxresdefault.jpg,1
2026-08-31T02:15:00.610597+00:00,AU,Australia,8,3,L2NAh3CIdig,Avengers Endgame: Encore | Official Trailer | In Theaters Sep 25,UCvC4D8onUfXzvjTOM-dBfEA,Marvel Entertainment,24,Entertainment,2026-08-25T16:00:01Z,PT1M37S,13723396,319458,17219,https://i.ytimg.com/vi/L2NAh3CIdig/maxresdefault.jpg,29
2026-08-31T02:15:00.610597+00:00,AU,Australia,9,2,mCDH5KnBx9o,GTA5 Has Rivers You've Never Seen,UCH_7doiCkWeq0v3ycWE5lDw,Any Austin,20,Gaming,2026-08-29T21:06:52Z,PT30M41S,2804319,71072,4698,https://i.ytimg.com/vi/mCDH5KnBx9o/maxresdefault.jpg,1
2026-08-31T02:15:00.610597+00:00,AU,Australia,10,1,ex6qyu8e-o0,"Czarface Meets Frankie Pulitzer - ""Mad Technology"" feat. Method Man (Official Music Video)",UCzIkDtJbnq8DM71uQZ0FN2A,CZARFACE,10,Music,2026-08-26T21:45:25Z,PT3M52S,430556,20542,1155,https://i.ytimg.com/vi/ex6qyu8e-o0/maxresdefault.jpg,1
2026-08-31T02:15:00.610597+00:00,AT,Austria,1,10,r58RX8_LSnI,"Andrea Berg - Das kann uns keiner nehmen (Liveclip ""Giovanni Zarrella Show"" vom 29.08.2026)",UCgV77Yzj32KppAo8FWF3EsQ,Andrea Berg,10,Music,2026-08-30T08:45:34Z,PT3M59S,73458,401,24,https://i.ytimg.com/vi/r58RX8_LSnI/maxresdefault.jpg,2
2026-08-31T02:15:00.610597+00:00,AT,Austria,2,9,fWQqShbNXlA,Zarbex reagiert auf den Extended Look GTA 6 Trailer,UCEMOfc4WSYvEfAXelBiJyEQ,Mr. Geil,24,Entertainment,2026-08-29T08:41:57Z,PT49M50S,275443,5936,378,https://i.ytimg.com/vi/fWQqShbNXlA/maxresdefault.jpg,4
2026-08-31T02:15:00.610597+00:00,AT,Austria,3,8,6MGfFBuKd3U,Ich FINDE VERLASSENE CONTAINER im MEER in GTA 5!,UCaR5mgH9aZkswPQtjZ4DktA,iCrimax,20,Gaming,2026-08-30T08:52:34Z,PT24M27S,227464,3837,288,https://i.ytimg.com/vi/6MGfFBuKd3U/maxresdefault.jpg,2
2026-08-31T02:15:00.610597+00:00,AT,Austria,4,7,ockZ3I2qRKI,Giovanni Zarrella - Senza Te | Die Giovanni Zarrella Show: Die große Sommerparty 2026,UC8JETzqWNyTnAtwaq0_dl9A,Schlager für Alle,10,Music,2026-08-29T20:00:22Z,PT3M47S,98636,280,26,https://i.ytimg.com/vi/ockZ3I2qRKI/maxresdefault.jpg,1
2026-08-31T02:15:00.610597+00:00,AT,Austria,5,6,e5MWQWWyGH0,"GTA VI TRAILER ANALYSE: Mehr Infos, mehr Features, mehr Alles!",UCSJdld9LA2w8__ndX0c_iVg,GronkhReacts,22,People & Blogs,2026-08-29T18:00:06Z,PT2H18M49S,202842,4214,614,https://i.ytimg.com/vi/e5MWQWWyGH0/maxresdefault.jpg,2
2026-08-31T02:15:00.610597+00:00,AT,Austria,6,5,IBLOJMwYV8s,Unser Angeltrip ESKALIERT komplett | How To Fish,UCCJ-NJtqLQRxuaxHZA9q6zg,HandOfUncut,20,Gaming,2026-08-30T15:00:12Z,PT1H54M20S,239329,5277,109,https://i.ytimg.com/vi/IBLOJMwYV8s/maxresdefault.jpg,2
2026-08-31T02:15:00.610597+00:00,AT,Austria,7,4,D0NdunSX1e0,AUT of ORDA - Papa,UC3VXmMZvbMPHU8wJrTgVrcQ,AUT of ORDA,10,Music,2026-08-27T22:00:06Z,PT2M44S,41668,866,38,https://i.ytimg.com/vi/D0NdunSX1e0/maxresdefault.jpg,1
2026-08-31T02:15:00.610597+00:00,AT,Austria,8,3,UobE542JHy8,Die Besten Neuen KINOFILME 2026 / 2027 (Trailer German Deutsch),UCOL10n-as9dXO2qtjjFUQbQ,KinoCheck,24,Entertainment,2026-08-28T14:06:36Z,PT1H2M18S,161590,625,23,https://i.ytimg.com/vi/UobE542JHy8/maxresdefault.jpg,1
2026-08-31T02:15:00.610597+00:00,AT,Austria,9,2,M2XUBbZpi3k,ICH KLAUE EINEN DIAMANT,UCnGzJIUgwZmvixL5WzxIwbg,LUCREW,24,Entertainment,2026-08-30T14:00:36Z,PT19M1S,139469,5320,271,https://i.ytimg.com/vi/M2XUBbZpi3k/maxresdefault.jpg,2
2026-08-31T02:15:00.610597+00:00,AT,Austria,10,1,gyoMVNg7zkM,18 KARAT - IMMORTALE,UCw4gT99yX5P6W8gom1psUVg,SupremosTV,10,Music,2026-08-27T22:00:06Z,PT3M55S,266170,15636,2700,https://i.ytimg.com/vi/gyoMVNg7zkM/maxresdefault.jpg,3
2026-08-31T02:15:00.610597+00:00,AZ,Azerbaijan,1,10,wy1bSeTJQY0,Tacir Məmmədov & Səadət Hüseynzadə - Can Qızım 2026 (Yeni Klip),UCiFiz9e3wYX7Jgiaiwt4iwQ,Tacir Məmmədov,10,Music,2026-08-25T12:30:30Z,PT2M47S,342024,7287,440,https://i.ytimg.com/vi/wy1bSeTJQY0/maxresdefault.jpg,1
2026-08-31T02:15:00.610597+00:00,AZ,Azerbaijan,2,9,0Kw9vMWJvfw,Zengin VS Fakir: Kafa Evi Kapışması (Minecraft),UCKizsKkBBjuEoY_fgRx-4QQ,Ferited,20,Gaming,2026-08-29T15:29:16Z,PT23M42S,551067,6114,879,https://i.ytimg.com/vi/0Kw9vMWJvfw/maxresdefault.jpg,2
2026-08-31T02:15:00.610597+00:00,AZ,Azerbaijan,3,8,l318Re1ZG5s,Şebnem Tovuzlu - Xalam Oğlu,UCn098rkDpKPXu5GGc_JujwA,Şəbnəm Tovuzlu,10,Music,2026-08-28T14:00:07Z,PT3M36S,190722,3468,369,https://i.ytimg.com/vi/l318Re1ZG5s/maxresdefault.jpg,1
2026-08-31T02:15:00.610597+00:00,AZ,Azerbaijan,4,7,TtpUwxQYqwQ,AVCI OLMAK İSTERKEN AV OLUYORDUK! | HOW TO FISH | BÖLÜM 1,UC51-ljNFrvY5ZmV0C_61XcA,Elraenn,20,Gaming,2026-08-27T15:01:33Z,PT2H12M32S,2317201,52606,3205,https://i.ytimg.com/vi/TtpUwxQYqwQ/maxresdefault.jpg,2
2026-08-31T02:15:00.610597+00:00,AZ,Azerbaijan,5,6,KnyGHh0L20E,Talıb Tale-Şəhanə/Official music vido 2026,UCnslh81yIfuR7rDLeEuKH-A,Talıb Tale,10,Music,2026-08-21T17:32:51Z,PT3M16S,214189,2887,208,https://i.ytimg.com/vi/KnyGHh0L20E/maxresdefault.jpg,1
2026-08-31T02:15:00.610597+00:00,AZ,Azerbaijan,6,5,qhvPlcwJUvk,A New Way to Collect Brawlers! - Brawl Talk,UCooVYzDxdwTtGYAkcPmOgOw,Brawl Stars,20,Gaming,2026-08-29T15:00:06Z,PT12M51S,6239828,219501,14329,https://i.ytimg.com/vi/qhvPlcwJUvk/maxresdefault.jpg,27
2026-08-31T02:15:00.610597+00:00,AZ,Azerbaijan,7,4,nXyjT4Xd4bg,Asif Meherremov - Yanindakina Salam De 2026 (Official Music Video),UCGqPRSKemtki5NI54DBdhUw,Asif Meherremov Official,10,Music,2026-08-20T14:00:06Z,PT3M11S,234120,2957,225,https://i.ytimg.com/vi/nXyjT4Xd4bg/maxresdefault.jpg,1
2026-08-31T02:15:00.610597+00:00,AZ,Azerbaijan,8,3,Dy06SXknr_g,World's Largest Minecraft Build!,UCIPPMRA040LQr5QPyJEbmXA,MrBeast Gaming,20,Gaming,2026-08-29T16:00:00Z,PT24M59S,20329039,400432,13676,https://i.ytimg.com/vi/Dy06SXknr_g/maxresdefault.jpg,40
2026-08-31T02:15:00.610597+00:00,AZ,Azerbaijan,9,2,ADsV7AkTpCM,Rüstəm Yağmur - Dostum Səndə Qocalırsan 2026 (Yeni Klip) 4K,UC4hHykBfhEQ9ZjTH2bE9icg,Luna Music House,10,Music,2026-08-24T13:48:19Z,PT5M50S,203853,2725,126,https://i.ytimg.com/vi/ADsV7AkTpCM/maxresdefault.jpg,1
2026-08-31T02:15:00.610597+00:00,AZ,Azerbaijan,10,1,pWDeS0JMbgs,11 Yıl Önceki Eski Minecraft Evimi Yeniden İnşa Ettim!,UCYkivyuc_4ZG7TiB6ottPKg,EmirhanCTN,20,Gaming,2026-08-30T14:01:31Z,PT23M51S,174206,3719,486,https://i.ytimg.com/vi/pWDeS0JMbgs/maxresdefault.jpg,1
2026-08-31T02:15:00.610597+00:00,BH,Bahrain,1,10,JqFzhcWo3EU,Yeshanagula | The Paradise | Nani | Keerthy Suresh | Anirudh Ravichander | Srikanth Odela,UC68nKdrLbLL0Vj7ilVkLmmg,Saregama Telugu,10,Music,2026-08-29T09:43:07Z,PT3M12S,33591008,451088,10577,https://i.ytimg.com/vi/JqFzhcWo3EU/maxresdefault.jpg,15
2026-08-31T02:15:00.610597+00:00,BH,Bahrain,2,9,L2NAh3CIdig,Avengers Endgame: Encore | Official Trailer | In Theaters Sep 25,UCvC4D8onUfXzvjTOM-dBfEA,Marvel Entertainment,24,Entertainment,2026-08-25T16:00:01Z,PT1M37S,13723396,319458,17219,https://i.ytimg.com/vi/L2NAh3CIdig/maxresdefault.jpg,29
2026-08-31T02:15:00.610597+00:00,BH,Bahrain,3,8,aIvgA68Aipk,عدت من الصفر في ماب الكيبورد 😢💔,UCOMwpjGPUrGGUS2Diq6UmVw,El Husamo X,20,Gaming,2026-08-30T16:31:53Z,PT9M4S,396765,9802,823,https://i.ytimg.com/vi/aIvgA68Aipk/maxresdefault.jpg,8
2026-08-31T02:15:00.610597+00:00,BH,Bahrain,4,7,wAc1rJPC1h8,فضل الصلاة على محمد وآل محمد | عبدالمحسن العمراني | 2026 | مولد النبي ص ,UC0NHFItzBnSEJ3SqDRhjNuw,عبدالمحسن العمراني,22,People & Blogs,2026-08-29T16:30:06Z,PT4M25S,36203,752,88,https://i.ytimg.com/vi/wAc1rJPC1h8/maxresdefault.jpg,2
2026-08-31T02:15:00.610597+00:00,BH,Bahrain,5,6,Bm5S7ZKk6K8,"Haiwaan - Official Trailer | Akshay Kumar, Saif Ali Khan, Boman, Shriya, Saiyami | Priyadarshan",UCFFbwnve3yF62-tVXkTyHqg,Zee Music Company,24,Entertainment,2026-08-25T07:00:04Z,PT2M35S,18224177,161648,11222,https://i.ytimg.com/vi/Bm5S7ZKk6K8/maxresdefault.jpg,7
2026-08-31T02:15:00.610597+00:00,BH,Bahrain,6,5,ppVVZYZotmQ,"ربلوكس سرقت بيضة ندرتها 0,00000001% ! Steal an egg",UCayyBWtI1PxJCtieqKUQZnA,اصحاب مازن,20,Gaming,2026-08-30T17:15:11Z,PT20M8S,232514,10977,1003,https://i.ytimg.com/vi/ppVVZYZotmQ/maxresdefault.jpg,3
2026-08-31T02:15:00.610597+00:00,BH,Bahrain,7,4,3sXYll2g_6c,Majid Al Mohandis - Sawily Mawead | Lyrics Video 2026 | ماجد المهندس - سويلي موعد,UCNhqvQMXIgRfjAGmxQqdNRw,Rotana,10,Music,2026-08-06T15:00:20Z,PT3M20S,6317754,37477,1695,https://i.ytimg.com/vi/3sXYll2g_6c/maxresdefault.jpg,1
2026-08-31T02:15:00.610597+00:00,BH,Bahrain,8,3,AgiR798L_bQ,Operation Tral - Official Teaser Malayalam | Jayasurya | Ritika Singh |  Ratheesh Vega | Joby George,UCq6f9bBWaWTHl0FhH167RgA,GOODWILL ENTERTAINMENTS,24,Entertainment,2026-08-26T05:41:06Z,PT1M14S,1091817,9961,918,https://i.ytimg.com/vi/AgiR798L_bQ/maxresdefault.jpg,2
2026-08-31T02:15:00.610597+00:00,BH,Bahrain,9,2,rY11SrpAd7c,ختمت العالم الخامس الجديد في ماب الكيبورد 🤫 !!,UC5tmp5TQQpI1WicemM2t_IA,ماهر المغامر - Maher Roblox,20,Gaming,2026-08-30T11:09:32Z,PT15M41S,304473,12094,2036,https://i.ytimg.com/vi/rY11SrpAd7c/maxresdefault.jpg,3
2026-08-31T02:15:00.610597+00:00,BH,Bahrain,10,1,jR3rWCBeO6M,@SaiAbhyankkar - Radhimaa (Music Video) | Bhagyashri Borse | Vivek | Thejo Bharathwaj | Think Indie,UCLbdVvreihwZRL6kwuEUYsA,Think Music India,10,Music,2026-08-24T15:06:36Z,PT5M48S,15957724,379282,10808,https://i.ytimg.com/vi/jR3rWCBeO6M/maxresdefault.jpg,4
2026-08-31T02:15:00.610597+00:00,BD,Bangladesh,1,10,d4-2l0Kmc7A,Ek Mulaqat X Barbaad Mashup - AMEET Mashup | Arijit Singh X Jubin Nautiyal | Trending Love Song 2026,UCzAcmK_WGjDDuBNSXewHzhw,AMEET Mashup,10,Music,2026-08-19T12:30:12Z,PT6M25S,2843370,0,67,https://i.ytimg.com/vi/d4-2l0Kmc7A/maxresdefault.jpg,1
2026-08-31T02:15:00.610597+00:00,BD,Bangladesh,2,9,Bm5S7ZKk6K8,"Haiwaan - Official Trailer | Akshay Kumar, Saif Ali Khan, Boman, Shriya, Saiyami | Priyadarshan",UCFFbwnve3yF62-tVXkTyHqg,Zee Music Company,24,Entertainment,2026-08-25T07:00:04Z,PT2M35S,18224177,161648,11222,https://i.ytimg.com/vi/Bm5S7ZKk6K8/maxresdefault.jpg,7
2026-08-31T02:15:00.610597+00:00,BD,Bangladesh,3,8,2wOGQaoYDMA,FFWS BD 2026 FALL | সেমি ফাইনাল শেষ দিন LIVE🛑| আমাদের BD Top1 টিম কি পারবো আজকে ফাইনালে উঠতে?🤔,UCrMWtvxARfGOBDagqB6zWWw,RAADVAI YT,20,Gaming,2026-08-30T14:57:35Z,PT5H18M45S,927687,76243,429,https://i.ytimg.com/vi/2wOGQaoYDMA/maxresdefault.jpg,2
2026-08-31T02:15:00.610597+00:00,BD,Bangladesh,4,7,1OJF22PtAQQ,New Song 2026 | New Hindi Song | Teri Yaad Satati Hai | Shahid Kapoor | Alia Bhatt | Romantic Song ,UCigy0uZUtH6V2PAYHftQ4Qg,Prakash Jojawar,10,Music,2026-08-24T02:10:06Z,PT5M16S,1973242,7141,76,https://i.ytimg.com/vi/1OJF22PtAQQ/maxresdefault.jpg,1
2026-08-31T02:15:00.610597+00:00,BD,Bangladesh,5,6,Ywtya3SHMvU,THIS IS NOT A GAME 🤯,UC0IWRLai-BAwci_e9MylNGw,CarryisLive,24,Entertainment,2026-08-28T12:25:40Z,PT32M27S,3876357,80737,1782,https://i.ytimg.com/vi/Ywtya3SHMvU/maxresdefault.jpg,2
2026-08-31T02:15:00.610597+00:00,BD,Bangladesh,6,5,MeFLE9tJe54,Escape From Chunga Changa | Mobile Game,UC7iLnwfWTSxpw2uC_2xLHcg,Sokher Gamer,20,Gaming,2026-08-28T04:31:22Z,PT18M29S,841563,11439,929,https://i.ytimg.com/vi/MeFLE9tJe54/maxresdefault.jpg,1
2026-08-31T02:15:00.610597+00:00,BD,Bangladesh,7,4,1vZ4FeTunEc,মরার মতো বাইচা থাকা যায়না |Rakib Emran | আকাশে তোর ঠিকানায় নাইরে পোস্ট অফিস | Ucchash Band,UC8eHXyMWigFNTgw5L-W6iAA,উচ্ছ্বাস - Ucchash,10,Music,2026-08-21T13:30:27Z,PT3M27S,517456,5681,177,https://i.ytimg.com/vi/1vZ4FeTunEc/maxresdefault.jpg,1
2026-08-31T02:15:00.610597+00:00,BD,Bangladesh,8,3,1wLNzcrGrVw,"Gunmaaster G9 Teaser | Emraan, Genelia, Aparshakti | Aditya Datt | Himesh | Deepak M | 27 Nov 2026",UC_Qan_w2z9EVG-NS0f2g6XQ,Soham Rockstar Entertainment,1,Film & Animation,2026-08-25T05:41:06Z,PT1M23S,13543865,93562,9473,https://i.ytimg.com/vi/1wLNzcrGrVw/maxresdefault.jpg,3
2026-08-31T02:15:00.610597+00:00,BD,Bangladesh,9,2,oc8AaqU1FAo,"$১ এর VENOM এর ছেলে থেকে $১,০০০,০০০ STRONGEST VENOM এর ছেলে তে আপগ্রেড ! GTA 5",UCXeW2a3pXKz4Q8Qz6YYOyqw,Gamer Bhai,20,Gaming,2026-08-27T07:30:39Z,PT20M40S,651123,3638,40,https://i.ytimg.com/vi/oc8AaqU1FAo/maxresdefault.jpg,1
2026-08-31T02:15:00.610597+00:00,BD,Bangladesh,10,1,emq6gzy7ZIE,Amar Kobita - Odd Signature,UCkvYNflzDbeXh8NkaX5TFEQ,Odd Signature,1,Film & Animation,2026-08-28T14:00:07Z,PT5M20S,209378,10553,1274,https://i.ytimg.com/vi/emq6gzy7ZIE/maxresdefault.jpg,1
2026-08-31T02:15:00.610597+00:00,BY,Belarus,1,10,5Twx6fiAkKs,Ленинград — Летний бал (Премьера клипа 2026),UCY0C6A3t3RTUN3BB65rWAgQ,Ленинград,10,Music,2026-08-27T11:30:02Z,PT7M52S,1234991,17930,1181,https://i.ytimg.com/vi/5Twx6fiAkKs/maxresdefault.jpg,2
2026-08-31T02:15:00.610597+00:00,BY,Belarus,2,9,V9HBuYmdnns,ТОЛЬКО Я ПОНЯЛ ТРЕЙЛЕР GTA 6,UCptRK95GEDXvJGOQIFg50fg,Игорь Линк,20,Gaming,2026-08-29T15:39:15Z,PT11M36S,450581,12555,1254,https://i.ytimg.com/vi/V9HBuYmdnns/maxresdefault.jpg,4
2026-08-31T02:15:00.610597+00:00,BY,Belarus,3,8,wlIjbLY-b0U,КОМПОТ ЗА КАДРОМ | НЕУДАЧНЫЕ ДУБЛИ В МАЙНКРАФТ | Компот Minecraft,UC0cWWruNMb95iCBEOzPnjRA,Компот,20,Gaming,2026-08-29T12:00:25Z,PT12M24S,608308,33923,5087,https://i.ytimg.com/vi/wlIjbLY-b0U/maxresdefault.jpg,1
2026-08-31T02:15:00.610597+00:00,BY,Belarus,4,7,84RXp96ba1g,Enzro - Ночи я не боюсь (Elyxo Remix),UCaRgCzbE5oT2BhFfQkWf8Ng,Elyxo,22,People & Blogs,2026-08-25T10:30:12Z,PT7M39S,121564,502,7,https://i.ytimg.com/vi/84RXp96ba1g/maxresdefault.jpg,2
2026-08-31T02:15:00.610597+00:00,BY,Belarus,5,6,IGk17XQ7IrQ,The Witcher 3: Wild Hunt — Remastered | Official Announcement Trailer,UCzybXLxv08IApdjdN0mJhEg,The Witcher,20,Gaming,2026-08-25T19:59:52Z,PT1M46S,4211127,203466,16372,https://i.ytimg.com/vi/IGk17XQ7IrQ/maxresdefault.jpg,28
2026-08-31T02:15:00.610597+00:00,BY,Belarus,6,5,5cJg6Xxrr64,НАЧАЛ ЗАНОВО! ИСПОЛЬЗУЮ ТОЛЬКО ДОНАТ В АСМР КЛАВИАТУРЕ!,UCBYvr4SqfGQd5fTmOXVQ4Zw,ГЛЕНТ,20,Gaming,2026-08-30T10:00:09Z,PT21M20S,502507,15204,1401,https://i.ytimg.com/vi/5cJg6Xxrr64/maxresdefault.jpg,3
2026-08-31T02:15:00.610597+00:00,BY,Belarus,7,4,69i6IBiU960,Душевный Микс 2026 ❤️ Soulful Hip Hop & Deep Vibe,UC3AMXeM3eZwXa4Qdc1ZvnvA,Dr. Deep Atmos,10,Music,2026-08-24T09:55:52Z,PT6M44S,182117,610,13,https://i.ytimg.com/vi/69i6IBiU960/maxresdefault.jpg,2
2026-08-31T02:15:00.610597+00:00,BY,Belarus,8,3,VKt4J3aiIAU,ГЕЙМПЛЕЙ GTA 6 ВЫШЕЛ! РЕАКЦИЯ НА НОВЫЙ ТРЕЙЛЕР ГЕЙМПЛЕЯ ГТА 6,UCpDzpaUTbIkdjkCZ9pmfMrA,Coffi Channel,20,Gaming,2026-08-27T23:14:40Z,PT30M59S,385356,11136,814,https://i.ytimg.com/vi/VKt4J3aiIAU/maxresdefault.jpg,3
2026-08-31T02:15:00.610597+00:00,BY,Belarus,9,2,Dy06SXknr_g,World's Largest Minecraft Build!,UCIPPMRA040LQr5QPyJEbmXA,MrBeast Gaming,20,Gaming,2026-08-29T16:00:00Z,PT24M59S,20329039,400436,13676,https://i.ytimg.com/vi/Dy06SXknr_g/maxresdefault.jpg,40
2026-08-31T02:15:00.610597+00:00,BY,Belarus,10,1,BreH-hJD668,💥 💖 Я ХОЧУ ОТ ТЕБЯ ДОЧЬ  | Mary Sharm,UCorHySODO8WMWtgcHWlJe3Q,Mary Sharm,22,People & Blogs,2026-08-25T16:00:34Z,PT5M41S,85611,700,58,https://i.ytimg.com/vi/BreH-hJD668/maxresdefault.jpg,1
2026-08-31T02:15:00.610597+00:00,BE,Belgium,1,10,3yv8C_QgdZY,Angèle - Une seule vie (Official Video),UCiP2tOO8zRo47GFd5rc8rkA,Angèle,10,Music,2026-08-28T10:00:33Z,PT4M9S,459775,14447,665,https://i.ytimg.com/vi/3yv8C_QgdZY/maxresdefault.jpg,1
2026-08-31T02:15:00.610597+00:00,BE,Belgium,2,9,IGk17XQ7IrQ,The Witcher 3: Wild Hunt — Remastered | Official Announcement Trailer,UCzybXLxv08IApdjdN0mJhEg,The Witcher,20,Gaming,2026-08-25T19:59:52Z,PT1M46S,4211127,203466,16372,https://i.ytimg.com/vi/IGk17XQ7IrQ/maxresdefault.jpg,28
2026-08-31T02:15:00.610597+00:00,BE,Belgium,3,8,qhvPlcwJUvk,A New Way to Collect Brawlers! - Brawl Talk,UCooVYzDxdwTtGYAkcPmOgOw,Brawl Stars,20,Gaming,2026-08-29T15:00:06Z,PT12M51S,6239828,219501,14329,https://i.ytimg.com/vi/qhvPlcwJUvk/maxresdefault.jpg,27
2026-08-31T02:15:00.610597+00:00,BE,Belgium,4,7,is8UDe2PhKQ,KATSEYE (캣츠아이) 'Hootie Frutti' Official MV,UC3IZKseVpdzPSBaWxBxundA,HYBE LABELS,10,Music,2026-08-14T03:59:06Z,PT2M34S,58921333,982856,197828,https://i.ytimg.com/vi/is8UDe2PhKQ/maxresdefault.jpg,15
2026-08-31T02:15:00.610597+00:00,BE,Belgium,5,6,fqyYT4_OIPM,PAPA OÙ T'ES ? - Bande-annonce,UCrSVu3ryGNObwCFoOGU8lHg,Nico Là,24,Entertainment,2026-08-30T16:11:20Z,PT2M18S,197919,14033,474,https://i.ytimg.com/vi/fqyYT4_OIPM/maxresdefault.jpg,3
2026-08-31T02:15:00.610597+00:00,BE,Belgium,6,5,Dy06SXknr_g,World's Largest Minecraft Build!,UCIPPMRA040LQr5QPyJEbmXA,MrBeast Gaming,20,Gaming,2026-08-29T16:00:00Z,PT24M59S,20329039,400436,13676,https://i.ytimg.com/vi/Dy06SXknr_g/maxresdefault.jpg,40
2026-08-31T02:15:00.610597+00:00,BE,Belgium,7,4,7qKuJwDlhMM,Zouhair Bahaoui ft. @_Lazaro  - TITIZ A KHAY [Official Music Video],UCzPpr_J4zgu6QKLJEBk31mw,Zouhair Bahaoui | زهير بهاوي,10,Music,2026-08-21T17:00:49Z,PT3M11S,2800129,34686,1975,https://i.ytimg.com/vi/7qKuJwDlhMM/maxresdefault.jpg,1
2026-08-31T02:15:00.610597+00:00,BE,Belgium,8,3,L2NAh3CIdig,Avengers Endgame: Encore | Official Trailer | In Theaters Sep 25,UCvC4D8onUfXzvjTOM-dBfEA,Marvel Entertainment,24,Entertainment,2026-08-25T16:00:01Z,PT1M37S,13723396,319458,17219,https://i.ytimg.com/vi/L2NAh3CIdig/maxresdefault.jpg,29
2026-08-31T02:15:00.610597+00:00,BE,Belgium,9,2,SMQFqpYlhtI,Je me suis cassé TOUS les os dans GTA 5...,UCbUXiv7ro8Pm8NZkQQjXCMA,StundZow Gaming,20,Gaming,2026-08-28T15:00:29Z,PT22M,571103,11364,470,https://i.ytimg.com/vi/SMQFqpYlhtI/maxresdefault.jpg,1
2026-08-31T02:15:00.610597+00:00,BE,Belgium,10,1,T_OFyCSNBOY,Wake Up | Mostafa Elsaadi (Lyric Video),UCd4YRhZILAQxyS6SOF26t4Q,Mostafa Elsaadi,10,Music,2026-08-20T15:33:48Z,PT5M39S,1992152,10628,176,https://i.ytimg.com/vi/T_OFyCSNBOY/maxresdefault.jpg,2
2026-08-31T02:15:00.610597+00:00,BO,Bolivia,1,10,Too3XygnMdE,Juan Gabriel - Así Fue (En Vivo) (Letra/Lyrics),UC3OcsnHmfLzw0jSOr5ZYO3A,ROSES,10,Music,2026-08-29T20:00:10Z,PT7M3S,157384,705,3,https://i.ytimg.com/vi/Too3XygnMdE/maxresdefault.jpg,11
2026-08-31T02:15:00.610597+00:00,BO,Bolivia,2,9,qaQlkyDnqNc,AQUINO reacciona al NUEVO TRAILER de GTA VI,UCDWfTlPBpzJjuR6fImZpzqA,AQUISI R,24,Entertainment,2026-08-30T19:00:13Z,PT38M23S,54803,2558,96,https://i.ytimg.com/vi/qaQlkyDnqNc/maxresdefault.jpg,7
2026-08-31T02:15:00.610597+00:00,BO,Bolivia,3,8,-SlvFCOVvTQ,POR CADA SALTO LLEGO MAS ALTO EN ROBLOX!🏔️,UColTsB6zogXWooPbeO67Wgw,ElAbrahaham,20,Gaming,2026-08-30T18:00:20Z,PT23M33S,547695,21750,2876,https://i.ytimg.com/vi/-SlvFCOVvTQ/maxresdefault.jpg,13
2026-08-31T02:15:00.610597+00:00,BO,Bolivia,4,7,1_9ut0YfipM,"Dalex - Pa Mi (Remix) ft. Sech, Rafa Pabön, Cazzu, Feid, KHEA, Lenny Tavárez (Letra)",UC80-pD8usP8Z277k2E6QhZQ,Asoniq,10,Music,2026-08-28T17:30:03Z,PT6M2S,115777,110,3,https://i.ytimg.com/vi/1_9ut0YfipM/maxresdefault.jpg,3
2026-08-31T02:15:00.610597+00:00,BO,Bolivia,5,6,rkEHl4jCpLU,MI REACCIÓN al TRAILER de GTA 6 😱 - Nexxuz,UCggHFGmLDDStxyM-uy9DYnQ,Nexxuz World,24,Entertainment,2026-08-30T20:00:25Z,PT49M22S,130765,9679,361,https://i.ytimg.com/vi/rkEHl4jCpLU/maxresdefault.jpg,18
2026-08-31T02:15:00.610597+00:00,BO,Bolivia,6,5,y4PdXhBzP_0,Evolucioné de POBRE a Adoptado por FAMILIA MILLONARIA en Minecraft!,UC8EkcHOycB94lHDkbAPSnQA,Nacho,20,Gaming,2026-08-30T21:07:18Z,PT24M8S,225093,4025,243,https://i.ytimg.com/vi/y4PdXhBzP_0/maxresdefault.jpg,12
2026-08-31T02:15:00.610597+00:00,BO,Bolivia,7,4,XTdwQORXEJM,"Fuerza Regida, Grupo Frontera - COQUETA [video lyrics + letra]",UCWAlw2fr0YPfeLGyAGs3nuQ,Stream Lyrics,10,Music,2026-08-29T19:00:33Z,PT4M2S,59417,129,3,https://i.ytimg.com/vi/XTdwQORXEJM/maxresdefault.jpg,3
2026-08-31T02:15:00.610597+00:00,BO,Bolivia,8,3,om-lsGVdfL8,REACCIONANDO a GTA VI Tráiler Exclusivo - TheGrefg,UCCEmjNPpJYhGDgaEqeeA4HA,TheGrefg,20,Gaming,2026-08-27T22:42:04Z,PT27M55S,1857211,43350,1343,https://i.ytimg.com/vi/om-lsGVdfL8/maxresdefault.jpg,6
2026-08-31T02:15:00.610597+00:00,BO,Bolivia,9,2,6KGlRSlu3ms,CHICOS vs CHICAS: BATALLA de BASES MILITARES en Minecraft,UCyDUULOp3b3JsehZKIIVzrg,Jardred,20,Gaming,2026-08-30T20:40:59Z,PT26M3S,122646,5678,409,https://i.ytimg.com/vi/6KGlRSlu3ms/maxresdefault.jpg,2
2026-08-31T02:15:00.610597+00:00,BO,Bolivia,10,1,N4IALVjPCDE,OfficialAlex425 - Dame Amor (Visualizer),UCoFmF4FX_ZeYjcs2Z9uWycw,Colonize Media,10,Music,2026-08-28T23:00:06Z,PT3M31S,173551,509,5,https://i.ytimg.com/vi/N4IALVjPCDE/maxresdefault.jpg,2
2026-08-31T02:15:00.610597+00:00,BA,Bosnia and Herzegovina,1,10,0P_q4g4v1TI,SLOBA RADANOVIC - POZVACU TE (OFFICIAL VIDEO 2026),UCtHQlg6FypR2SjqPjkkXoog,Sloba Radanovic,10,Music,2026-08-23T12:00:02Z,PT3M11S,2264327,12059,1147,https://i.ytimg.com/vi/0P_q4g4v1TI/maxresdefault.jpg,8
2026-08-31T02:15:00.610597+00:00,BA,Bosnia and Herzegovina,2,9,IGk17XQ7IrQ,The Witcher 3: Wild Hunt — Remastered | Official Announcement Trailer,UCzybXLxv08IApdjdN0mJhEg,The Witcher,20,Gaming,2026-08-25T19:59:52Z,PT1M46S,4211127,203466,16372,https://i.ytimg.com/vi/IGk17XQ7IrQ/maxresdefault.jpg,28
2026-08-31T02:15:00.610597+00:00,BA,Bosnia and Herzegovina,3,8,qX-Vp2MmC9s,POJAVIO SE NEKI SUMLJIVI LIK NA BENZISKOJ PUMPI.. VR,UCD8geOrSnzs_DrHIhgsufoA,Cigvan Gaming,20,Gaming,2026-08-28T17:48:58Z,PT24M37S,141276,3145,43,https://i.ytimg.com/vi/qX-Vp2MmC9s/maxresdefault.jpg,4
2026-08-31T02:15:00.610597+00:00,BA,Bosnia and Herzegovina,4,7,KNpYD2_qbBg,LOBO X BEJBI MOTOROLA - SMUTI,UCiZNnn7FzyB7hlY3A9tAgdw,Get Low Music,10,Music,2026-08-24T12:00:20Z,PT2M23S,263172,5866,239,https://i.ytimg.com/vi/KNpYD2_qbBg/maxresdefault.jpg,3
2026-08-31T02:15:00.610597+00:00,BA,Bosnia and Herzegovina,5,6,X1aFkAkFASk,Avengers: Doomsday | Special Look | In Theaters December 18,UCvC4D8onUfXzvjTOM-dBfEA,Marvel Entertainment,24,Entertainment,2026-08-15T04:06:21Z,PT2M10S,36887790,1343093,59863,https://i.ytimg.com/vi/X1aFkAkFASk/maxresdefault.jpg,22
2026-08-31T02:15:00.610597+00:00,BA,Bosnia and Herzegovina,6,5,h2HJuJDUlo0,Mudja & Ćale REAGUJU NA Grand Theft Auto VI: An Extended Look,UCZbp-wYt5PiIkGmoEZ6ChmQ,Mudja,20,Gaming,2026-08-28T07:45:11Z,PT33M52S,483305,12764,434,https://i.ytimg.com/vi/h2HJuJDUlo0/maxresdefault.jpg,5
2026-08-31T02:15:00.610597+00:00,BA,Bosnia and Herzegovina,7,4,vtZmQOjX9io,Goci Ristić - POZIVNICA ZA VENČANJE (OFFICIAL AUDIO 2026),UCoVEsRtn0IKeF0gDW74aiBQ,Goci Goran Ristic,10,Music,2026-08-13T11:04:22Z,PT3M43S,354108,4157,0,https://i.ytimg.com/vi/vtZmQOjX9io/maxresdefault.jpg,1
2026-08-31T02:15:00.610597+00:00,BA,Bosnia and Herzegovina,8,3,HHu6fWqCAZI,TESTIRAMO AUTA NA VODENIM TOBOGANIMA!,UCnvD039Yr0_zBO7xgItSnMw,Imperator FX,20,Gaming,2026-08-28T14:00:21Z,PT21M51S,75066,1854,50,https://i.ytimg.com/vi/HHu6fWqCAZI/maxresdefault.jpg,1
2026-08-31T02:15:00.610597+00:00,BA,Bosnia and Herzegovina,9,2,S9yDCQYKCDU,Adi Šoše & Saša Matić - Daljine (Official video),UCSGBtI9ORCjRSLgcxy9JYGg,Adi Šoše / AL Music,24,Entertainment,2026-08-13T10:02:28Z,PT3M34S,1733586,14113,562,https://i.ytimg.com/vi/S9yDCQYKCDU/maxresdefault.jpg,5
2026-08-31T02:15:00.610597+00:00,BA,Bosnia and Herzegovina,10,1,yDxQE3Nirso,Postajemo ŽUTI Na 24 SATA u Brookhavenu!,UCLnIHL_NAHkbFi7pZ0mKtLg,Drugari,20,Gaming,2026-08-29T17:00:22Z,PT16M56S,71749,1673,619,https://i.ytimg.com/vi/yDxQE3Nirso/maxresdefault.jpg,1
2026-08-31T02:15:00.610597+00:00,BR,Brazil,1,10,KgVq4L2bFXw,Dan - SEQUÊNCIA DO DEADPOOL (Marvel) | Feat. Gabriel Rodrigues,UCbI8oiCdgXdWpG86ab35zlA,ÉoDan,10,Music,2026-08-30T23:45:14Z,PT2M56S,23643,7568,535,https://i.ytimg.com/vi/KgVq4L2bFXw/maxresdefault.jpg,1
2026-08-31T02:15:00.610597+00:00,BR,Brazil,2,9,viPDfmnhhwk,ThunderCats: Pumm-Ra (1985) | Cinematic 4K AI Short Film,UCdjx530TfbEBB2932AGpiZw,AIM Media Pro,1,Film & Animation,2026-08-29T12:00:20Z,PT12M34S,256781,4200,284,https://i.ytimg.com/vi/viPDfmnhhwk/maxresdefault.jpg,1
2026-08-31T02:15:00.610597+00:00,BR,Brazil,3,8,e6sGVatdYsA,CONSEGUI O OVO MAIS VALIOSO NO ROUBE UM OVO,UCUouM5ZRqZoFNzUvpDeYNGQ,Lucas Clash ON,20,Gaming,2026-08-30T21:32:49Z,PT25M42S,150509,2796,275,https://i.ytimg.com/vi/e6sGVatdYsA/maxresdefault.jpg,1
2026-08-31T02:15:00.610597+00:00,BR,Brazil,4,7,r5jAUhG2a5k,"Kunigami, Shidou & Barou (Blue Lock) | Carta Coringa - Coliado",UCLvgMhw6YjP9BpMYJIYnEhw,Coliado,22,People & Blogs,2026-08-30T21:00:06Z,PT4M48S,26056,4165,192,https://i.ytimg.com/vi/r5jAUhG2a5k/maxresdefault.jpg,1
2026-08-31T02:15:00.610597+00:00,BR,Brazil,5,6,yvlkdb_UdoQ,ANÁLISE FRAME a FRAME COMPLETA do NOVO TRAILER de GTA 6!!,UCMUJCt_tPOXPnXRMzRpyujw,Cortes do Flow Games,22,People & Blogs,2026-08-29T11:00:13Z,PT1H29M50S,100651,2587,93,https://i.ytimg.com/vi/yvlkdb_UdoQ/maxresdefault.jpg,1
2026-08-31T02:15:00.610597+00:00,BR,Brazil,6,5,xYsgAwe2lV4,Entrei na CIVILIZAÇÃO DO TAMANHO,UChvbpaTa-XvVwkGXdslRQ8Q,Problems Filmes,20,Gaming,2026-08-30T21:00:05Z,PT34M26S,75526,1759,62,https://i.ytimg.com/vi/xYsgAwe2lV4/maxresdefault.jpg,1
2026-08-31T02:15:00.610597+00:00,BR,Brazil,7,4,8gd__Fo9DT0,🔥 SERTANEJO GOSPEL RAIZ 2026 🪕 Música: Deus em Casa (Moda de Viola Abençoada),UCDLgVIayrGsY65PojXCpgfw,Louvor na Viola,10,Music,2026-08-27T12:00:10Z,PT4M59S,25546,226,2,https://i.ytimg.com/vi/8gd__Fo9DT0/maxresdefault.jpg,1
2026-08-31T02:15:00.610597+00:00,BR,Brazil,8,3,kCagFd-Pm54,TUDO que VOCÊ PERDEU no NOVO TRAILER | GTA 6,UCeByslZcJ4SmITAL0-jSi4g,Marlon XGamer,20,Gaming,2026-08-29T20:15:32Z,PT36M21S,51865,2482,188,https://i.ytimg.com/vi/kCagFd-Pm54/maxresdefault.jpg,1
2026-08-31T02:15:00.610597+00:00,BR,Brazil,9,2,_QfSsWhVaqY,LEGACY x VITALITY | BLAST OPEN PORTO 2026 | DIA 5 - !socio - Siga @Gaules nas redes sociais!,UC5ZTRH1zclthyc6b_D3m2Pw,Gaules,20,Gaming,2026-08-30T21:49:53Z,PT11H40M50S,538179,10808,4,https://i.ytimg.com/vi/_QfSsWhVaqY/maxresdefault.jpg,1
2026-08-31T02:15:00.610597+00:00,BR,Brazil,10,1,zuPWbnFIcoM,SEM VOCÊ EU CHORO - ZÉ DO BREGA,UCd2hDtk9rCbDCxpg0EV9QHQ,ZÉ DO BREGA OFICIAL,10,Music,2026-08-25T22:19:16Z,PT4M9S,48685,462,11,https://i.ytimg.com/vi/zuPWbnFIcoM/maxresdefault.jpg,1
2026-08-31T02:15:00.610597+00:00,BG,Bulgaria,1,10,XZuY1Vo3vzo,Medi - Serenada  | Меди - Серенада,UCKEHQbfuXZp_4Z3i4mnGNcA,Medi,10,Music,2026-08-26T14:53:49Z,PT3M22S,800413,15043,893,https://i.ytimg.com/vi/XZuY1Vo3vzo/maxresdefault.jpg,1
2026-08-31T02:15:00.610597+00:00,BG,Bulgaria,2,9,L2NAh3CIdig,Avengers Endgame: Encore | Official Trailer | In Theaters Sep 25,UCvC4D8onUfXzvjTOM-dBfEA,Marvel Entertainment,24,Entertainment,2026-08-25T16:00:01Z,PT1M37S,13723396,319458,17219,https://i.ytimg.com/vi/L2NAh3CIdig/maxresdefault.jpg,29
2026-08-31T02:15:00.610597+00:00,BG,Bulgaria,3,8,RmW1poSrM6M,ПОКАНИХ АНДИ В АКВАПАРКА!,UCpIE2a6Grm308w2KnbjW0YQ,NEgamer,20,Gaming,2026-08-29T09:06:54Z,PT23M51S,100655,2204,75,https://i.ytimg.com/vi/RmW1poSrM6M/maxresdefault.jpg,1
2026-08-31T02:15:00.610597+00:00,BG,Bulgaria,4,7,nOFDmqxkiPE,GALIN x KSIOR - NA POJAR | OFFICIAL 4K VIDEO 2026,UCtbxcUcNXfePsy4X-LW4ruQ,GALIN,10,Music,2026-08-15T14:00:11Z,PT3M15S,1464626,20260,412,https://i.ytimg.com/vi/nOFDmqxkiPE/maxresdefault.jpg,1
2026-08-31T02:15:00.610597+00:00,BG,Bulgaria,5,6,IGk17XQ7IrQ,The Witcher 3: Wild Hunt — Remastered | Official Announcement Trailer,UCzybXLxv08IApdjdN0mJhEg,The Witcher,20,Gaming,2026-08-25T19:59:52Z,PT1M46S,4211127,203466,16372,https://i.ytimg.com/vi/IGk17XQ7IrQ/maxresdefault.jpg,28
2026-08-31T02:15:00.610597+00:00,BG,Bulgaria,6,5,iu6l8HQT7jc,СТАВАМ НАЙ-ЛОШИЯ ПИЛОТ ЗА 24 ЧАСА В РОБЛОКС!,UCVd1P09l82puCaknos8Pcow,Alpha Alex,20,Gaming,2026-08-29T07:00:22Z,PT21M56S,39093,1238,22,https://i.ytimg.com/vi/iu6l8HQT7jc/maxresdefault.jpg,1
2026-08-31T02:15:00.610597+00:00,BG,Bulgaria,7,4,AXZPZa-EJrE,NASYO CHERNIA x FURY x BOBO ARMANI x KSIOR - GASOLINA [OFFICIAL 2026 VIDEO],UCFezeJhXzCdibeSLtpTpboA,Nasyo Chernia,10,Music,2026-08-22T15:00:06Z,PT3M35S,295010,6501,395,https://i.ytimg.com/vi/AXZPZa-EJrE/maxresdefault.jpg,1
2026-08-31T02:15:00.610597+00:00,BG,Bulgaria,8,3,5fHXyqQOKL8,Primetime | Official Trailer HD | A24,UCuPivVjnfNo4mb3Oog_frZg,A24,1,Film & Animation,2026-08-06T13:00:36Z,PT2M17S,45775710,248756,16130,https://i.ytimg.com/vi/5fHXyqQOKL8/maxresdefault.jpg,5
2026-08-31T02:15:00.610597+00:00,BG,Bulgaria,9,2,LzwOWpliGIM,"МАЙНКРАФТ, но VERITY се опитва да ме УБИЕ!",UC4lv7ps9d9vo4cEzekQ5K_w,Kriskata,20,Gaming,2026-08-22T06:00:22Z,PT26M15S,164127,4323,189,https://i.ytimg.com/vi/LzwOWpliGIM/maxresdefault.jpg,1
2026-08-31T02:15:00.610597+00:00,BG,Bulgaria,10,1,xfUytz4zvL4,N.A.S.I. - 4 KURVI / Н.А.С.И. - 4 КУРВИ (Official Video) 2026,UCKzbeC6G405XWOx5r8F5jiQ,N.A.S.I.,10,Music,2026-08-17T13:20:07Z,PT3M,716189,11271,352,https://i.ytimg.com/vi/xfUytz4zvL4/maxresdefault.jpg,1
2026-08-31T02:15:00.610597+00:00,KH,Cambodia,1,10,XiSVNmzTGMA,SUZANA - TIKI TIKI feat. VANNDA (OFFICIAL MUSIC VIDEO),UCspFY6wkBOZl1PzyL69q-Bw,SUZANA,22,People & Blogs,2026-08-21T12:00:07Z,PT3M10S,1909627,39618,1158,https://i.ytimg.com/vi/XiSVNmzTGMA/maxresdefault.jpg,1
2026-08-31T02:15:00.610597+00:00,KH,Cambodia,2,9,HoWH3EhqFnM,🎬 [Trailer] TVB អាយដលស៊ើបការណ៍សម្ងាត់ (Pretty Dangerous) | Kelly Cheung x Mark Ma | រឿងភាគនិយាយខ្មែរ,UCAbHU5C61UNjwPV8MF5b2Bg,TVB Cambodia Drama,24,Entertainment,2026-08-29T09:52:55Z,PT1M11S,20831,124,6,https://i.ytimg.com/vi/HoWH3EhqFnM/maxresdefault.jpg,1
2026-08-31T02:15:00.610597+00:00,KH,Cambodia,3,8,R-m58a9l63M,🔴 ផ្សាយបន្តផ្ទាល់ | Queen Legends រដូវកាលទី ៤ វគ្គ​ Playoffs ថ្ងៃទី​ ៤,UCiCnhggSg1xMFptGZRPiULw,Queen Legends,20,Gaming,2026-08-30T15:29:49Z,PT8H31M56S,498054,4351,16,https://i.ytimg.com/vi/R-m58a9l63M/maxresdefault.jpg,1
2026-08-31T02:15:00.610597+00:00,KH,Cambodia,4,7,0jSgcE-sxeo,VANNDA - BLUE STORY (OFFICIAL VIDEO),UCrmidtzX3ZPVxYRjTI6V6tA,វណ្ណដា-VannDa Official,10,Music,2026-08-10T14:05:06Z,PT4M5S,7033987,88531,3747,https://i.ytimg.com/vi/0jSgcE-sxeo/maxresdefault.jpg,1
2026-08-31T02:15:00.610597+00:00,KH,Cambodia,5,6,L2NAh3CIdig,Avengers Endgame: Encore | Official Trailer | In Theaters Sep 25,UCvC4D8onUfXzvjTOM-dBfEA,Marvel Entertainment,24,Entertainment,2026-08-25T16:00:01Z,PT1M37S,13723396,319458,17219,https://i.ytimg.com/vi/L2NAh3CIdig/maxresdefault.jpg,29
2026-08-31T02:15:00.610597+00:00,KH,Cambodia,6,5,QY_09v3dXhw,K.Virot បានដំបងថ្មី​ ​😲,UCbQX8vdHcOA8uc4oJwcxE7w,K. Virot ,22,People & Blogs,2026-08-30T00:00:26Z,PT19M46S,85325,2084,126,https://i.ytimg.com/vi/QY_09v3dXhw/maxresdefault.jpg,1
2026-08-31T02:15:00.610597+00:00,KH,Cambodia,7,4,gmC7INavsGU,TEPPISETH - KHMER OVERSEAS,UC7HLNkCR3gyZpcq7Qfjhx9g,Tep Piseth,10,Music,2026-08-24T08:58:58Z,PT3M53S,324926,11008,514,https://i.ytimg.com/vi/gmC7INavsGU/maxresdefault.jpg,1
2026-08-31T02:15:00.610597+00:00,KH,Cambodia,8,3,UQUNK23w1NE,MAGNET + SEA 1 TRAILER UPDATE REACTION | GET IN HERE!!,UCM54DMduUCssyI_pLxg64Mg,Uzoth,20,Gaming,2026-08-30T02:43:05Z,PT1H9M51S,244233,6042,407,https://i.ytimg.com/vi/UQUNK23w1NE/maxresdefault.jpg,7
2026-08-31T02:15:00.610597+00:00,KH,Cambodia,9,2,0prNPE4LhUI,រលាយ Minecraft short story,UCp-K8i0wQS5yw2HyJIFP5_w,Romagain,27,Education,2026-08-25T12:35:08Z,PT11M35S,126923,6567,306,https://i.ytimg.com/vi/0prNPE4LhUI/maxresdefault.jpg,1
2026-08-31T02:15:00.610597+00:00,KH,Cambodia,10,1,wvXLOzzaT-4,🎵 ទឹកភ្នែកអើយ! [ដួង វីរៈសិទ្ធ],UCRkcs0AD5SPMcPQTI0i8QeQ,DoungVirakseth Cambodia,10,Music,2026-08-24T11:00:06Z,PT5M22S,159548,2235,133,https://i.ytimg.com/vi/wvXLOzzaT-4/maxresdefault.jpg,1
2026-08-31T02:15:00.610597+00:00,CA,Canada,1,10,JqFzhcWo3EU,Yeshanagula | The Paradise | Nani | Keerthy Suresh | Anirudh Ravichander | Srikanth Odela,UC68nKdrLbLL0Vj7ilVkLmmg,Saregama Telugu,10,Music,2026-08-29T09:43:07Z,PT3M12S,33591008,451092,10577,https://i.ytimg.com/vi/JqFzhcWo3EU/maxresdefault.jpg,15
2026-08-31T02:15:00.610597+00:00,CA,Canada,2,9,fqyYT4_OIPM,PAPA OÙ T'ES ? - Bande-annonce,UCrSVu3ryGNObwCFoOGU8lHg,Nico Là,24,Entertainment,2026-08-30T16:11:20Z,PT2M18S,198684,14033,474,https://i.ytimg.com/vi/fqyYT4_OIPM/maxresdefault.jpg,3
2026-08-31T02:15:00.610597+00:00,CA,Canada,3,8,7yj_WVQIB4I,This video will teach you How To Fish,UCzXwjTI6c6mVn6oui_p6oiw,SMii7Y,20,Gaming,2026-08-30T19:13:11Z,PT32M35S,1131249,45310,1992,https://i.ytimg.com/vi/7yj_WVQIB4I/maxresdefault.jpg,6
2026-08-31T02:15:00.610597+00:00,CA,Canada,4,7,lQka7bNFVMg,You’ll Always Be Mine,UCOoMaxBFHZiBE_lvgQlxl3A,Will Swinton - Topic,10,Music,2026-08-27T10:03:30Z,PT2M22S,124010,1736,22,https://i.ytimg.com/vi/lQka7bNFVMg/maxresdefault.jpg,1
2026-08-31T02:15:00.610597+00:00,CA,Canada,5,6,Fxe9RDRFwjA,MITTI DE BAWAY | Teaser 1 | Ft. Mahira Khan - Wahaj Ali | Coming Soon Only on Green TV Entertainment,UCF2ltLX1dnPa6-L1paPaMzw,Green TV Entertainment,24,Entertainment,2026-08-30T14:30:21Z,PT1M4S,401114,4187,387,https://i.ytimg.com/vi/Fxe9RDRFwjA/maxresdefault.jpg,4
2026-08-31T02:15:00.610597+00:00,CA,Canada,6,5,pVm-0kQiFxk,I Became BEN-10 in Minecraft!,UC0eLBYhxW9HC0P9PXQ73mpQ,Cash,24,Entertainment,2026-08-30T15:00:19Z,PT20M36S,616337,7877,1374,https://i.ytimg.com/vi/pVm-0kQiFxk/maxresdefault.jpg,8
2026-08-31T02:15:00.610597+00:00,CA,Canada,7,4,E4V6T4sHoYU,Dakota,UCaotkxTawUmpPs1fiLGvImg,Dulla - Topic,10,Music,2026-08-28T10:03:37Z,PT2M30S,117528,1685,27,https://i.ytimg.com/vi/E4V6T4sHoYU/maxresdefault.jpg,1
2026-08-31T02:15:00.610597+00:00,CA,Canada,8,3,exKLy6CwUNo,Tower Defense X Tower Battles II Trailer | ROBLOX,UCojsj6T5tNPGPZSx7wn4coQ,JOHN ROBLOX,20,Gaming,2026-08-30T18:59:31Z,PT1M41S,85912,4592,1017,https://i.ytimg.com/vi/exKLy6CwUNo/maxresdefault.jpg,6
2026-08-31T02:15:00.610597+00:00,CA,Canada,9,2,1tffqhaqxRI,UPDATE 30 TRAILER + MAGNET SHOWCASE | Blox Fruits,UC_xlDCBWQPlihORIZLWtpbA,Gamer Robot,20,Gaming,2026-08-30T02:00:06Z,PT14M19S,4358733,195424,50307,https://i.ytimg.com/vi/1tffqhaqxRI/maxresdefault.jpg,6
2026-08-31T02:15:00.610597+00:00,CA,Canada,10,1,YMgEFwH9Drk,Kaanuda કાનુડા | McDonald's Bhoomi 2026 | Salim Sulaiman | Aditya Gadhvi | Gujarati Folk Dayro,UCdDDWwRdgJTgpD4iPtOZRUQ,Salim Sulaiman Music,10,Music,2026-08-30T05:30:06Z,PT5M23S,167756,3851,358,https://i.ytimg.com/vi/YMgEFwH9Drk/maxresdefault.jpg,1
2026-08-31T02:15:00.610597+00:00,CL,Chile,1,10,Too3XygnMdE,Juan Gabriel - Así Fue (En Vivo) (Letra/Lyrics),UC3OcsnHmfLzw0jSOr5ZYO3A,ROSES,10,Music,2026-08-29T20:00:10Z,PT7M3S,157384,705,3,https://i.ytimg.com/vi/Too3XygnMdE/maxresdefault.jpg,11
2026-08-31T02:15:00.610597+00:00,CL,Chile,2,9,rkEHl4jCpLU,MI REACCIÓN al TRAILER de GTA 6 😱 - Nexxuz,UCggHFGmLDDStxyM-uy9DYnQ,Nexxuz World,24,Entertainment,2026-08-30T20:00:25Z,PT49M22S,130765,9679,361,https://i.ytimg.com/vi/rkEHl4jCpLU/maxresdefault.jpg,18
2026-08-31T02:15:00.610597+00:00,CL,Chile,3,8,T2QYSLDlr7I,"MI TIENDA SE HIZO DE ORO (Tienda Pokemon, Episodio 6)",UCcjIvuxmWlS5IEQ0JdPV4Ng,Rubius Z,20,Gaming,2026-08-29T16:49:13Z,PT41M15S,2391066,100950,3567,https://i.ytimg.com/vi/T2QYSLDlr7I/maxresdefault.jpg,5
2026-08-31T02:15:00.610597+00:00,CL,Chile,4,7,Y8gieH2xCM4,"Martinwhite, Loyaltty - ANUEL CON KAROL (Official Video)",UCITqhOYJspOJ_1rvjHFZvGg,MartinwhiteVEVO,10,Music,2026-08-29T00:00:08Z,PT3M8S,270340,8518,4828,https://i.ytimg.com/vi/Y8gieH2xCM4/maxresdefault.jpg,1
2026-08-31T02:15:00.610597+00:00,CL,Chile,5,6,qaQlkyDnqNc,AQUINO reacciona al NUEVO TRAILER de GTA VI,UCDWfTlPBpzJjuR6fImZpzqA,AQUISI R,24,Entertainment,2026-08-30T19:00:13Z,PT38M23S,54803,2558,96,https://i.ytimg.com/vi/qaQlkyDnqNc/maxresdefault.jpg,7
2026-08-31T02:15:00.610597+00:00,CL,Chile,6,5,7jljnd_429U,Encerré a Mis Amigas en UN BLOQUE ENDERMAN en Minecraft!,UC62nFXtc3KNujp9LCPJt-sA,Awita,20,Gaming,2026-08-30T20:09:41Z,PT32M35S,223025,5060,425,https://i.ytimg.com/vi/7jljnd_429U/maxresdefault.jpg,4
2026-08-31T02:15:00.610597+00:00,CL,Chile,7,4,oa71DG-36rc,Carín León - Desde Que Te Tengo (Letra),UC0Nd9eBGpXJ7Cvz_ncLsvvA,Alligator Lyrics,10,Music,2026-08-27T13:00:31Z,PT3M47S,350695,525,4,https://i.ytimg.com/vi/oa71DG-36rc/maxresdefault.jpg,3
2026-08-31T02:15:00.610597+00:00,CL,Chile,8,3,r14fl2jb4Zo,¡TRAILER EXTENDIDO DE GTA VI!,UCm0ieYUIU0FijIulbZ4ukbw,Tiempo de Videojuegos,20,Gaming,2026-08-29T19:21:40Z,PT23M1S,488520,14041,759,https://i.ytimg.com/vi/r14fl2jb4Zo/maxresdefault.jpg,4
2026-08-31T02:15:00.610597+00:00,CL,Chile,9,2,-SlvFCOVvTQ,POR CADA SALTO LLEGO MAS ALTO EN ROBLOX!🏔️,UColTsB6zogXWooPbeO67Wgw,ElAbrahaham,20,Gaming,2026-08-30T18:00:20Z,PT23M33S,547695,21750,2876,https://i.ytimg.com/vi/-SlvFCOVvTQ/maxresdefault.jpg,13
2026-08-31T02:15:00.610597+00:00,CL,Chile,10,1,XTdwQORXEJM,"Fuerza Regida, Grupo Frontera - COQUETA [video lyrics + letra]",UCWAlw2fr0YPfeLGyAGs3nuQ,Stream Lyrics,10,Music,2026-08-29T19:00:33Z,PT4M2S,59417,129,3,https://i.ytimg.com/vi/XTdwQORXEJM/maxresdefault.jpg,3
2026-08-31T02:15:00.610597+00:00,CO,Colombia,1,10,Too3XygnMdE,Juan Gabriel - Así Fue (En Vivo) (Letra/Lyrics),UC3OcsnHmfLzw0jSOr5ZYO3A,ROSES,10,Music,2026-08-29T20:00:10Z,PT7M3S,157384,705,3,https://i.ytimg.com/vi/Too3XygnMdE/maxresdefault.jpg,11
2026-08-31T02:15:00.610597+00:00,CO,Colombia,2,9,rkEHl4jCpLU,MI REACCIÓN al TRAILER de GTA 6 😱 - Nexxuz,UCggHFGmLDDStxyM-uy9DYnQ,Nexxuz World,24,Entertainment,2026-08-30T20:00:25Z,PT49M22S,130765,9680,361,https://i.ytimg.com/vi/rkEHl4jCpLU/maxresdefault.jpg,18
2026-08-31T02:15:00.610597+00:00,CO,Colombia,3,8,-SlvFCOVvTQ,POR CADA SALTO LLEGO MAS ALTO EN ROBLOX!🏔️,UColTsB6zogXWooPbeO67Wgw,ElAbrahaham,20,Gaming,2026-08-30T18:00:20Z,PT23M33S,547695,21750,2876,https://i.ytimg.com/vi/-SlvFCOVvTQ/maxresdefault.jpg,13
2026-08-31T02:15:00.610597+00:00,CO,Colombia,4,7,kXcOItata8E,Romeo Santos - Que Se Mueran (Letra),UCU8FHs_uSV10jFb0RqpiqKQ,Velada,22,People & Blogs,2026-08-29T20:30:07Z,PT4M11S,58214,154,2,https://i.ytimg.com/vi/kXcOItata8E/maxresdefault.jpg,6
2026-08-31T02:15:00.610597+00:00,CO,Colombia,5,6,qaQlkyDnqNc,AQUINO reacciona al NUEVO TRAILER de GTA VI,UCDWfTlPBpzJjuR6fImZpzqA,AQUISI R,24,Entertainment,2026-08-30T19:00:13Z,PT38M23S,54803,2558,96,https://i.ytimg.com/vi/qaQlkyDnqNc/maxresdefault.jpg,7
2026-08-31T02:15:00.610597+00:00,CO,Colombia,6,5,y4PdXhBzP_0,Evolucioné de POBRE a Adoptado por FAMILIA MILLONARIA en Minecraft!,UC8EkcHOycB94lHDkbAPSnQA,Nacho,20,Gaming,2026-08-30T21:07:18Z,PT24M8S,225093,4025,243,https://i.ytimg.com/vi/y4PdXhBzP_0/maxresdefault.jpg,12
2026-08-31T02:15:00.610597+00:00,CO,Colombia,7,4,oa71DG-36rc,Carín León - Desde Que Te Tengo (Letra),UC0Nd9eBGpXJ7Cvz_ncLsvvA,Alligator Lyrics,10,Music,2026-08-27T13:00:31Z,PT3M47S,350695,525,4,https://i.ytimg.com/vi/oa71DG-36rc/maxresdefault.jpg,3
2026-08-31T02:15:00.610597+00:00,CO,Colombia,8,3,UQUNK23w1NE,MAGNET + SEA 1 TRAILER UPDATE REACTION | GET IN HERE!!,UCM54DMduUCssyI_pLxg64Mg,Uzoth,20,Gaming,2026-08-30T02:43:05Z,PT1H9M51S,244233,6042,407,https://i.ytimg.com/vi/UQUNK23w1NE/maxresdefault.jpg,7
2026-08-31T02:15:00.610597+00:00,CO,Colombia,9,2,8p9ezbiLkIw,Me Convertí en FOCA y Sobreviví 7 Días en el Ártico en Roblox!,UCmkyN2GfMyR7gsIiKBCR3nw,Dagar Roblox,20,Gaming,2026-08-30T15:03:15Z,PT17M33S,302566,3345,120,https://i.ytimg.com/vi/8p9ezbiLkIw/maxresdefault.jpg,4
2026-08-31T02:15:00.610597+00:00,CO,Colombia,10,1,Ybiv_KsIyac,"SE FUE LA PANTERA - Grupo Firme, Grupo Recluta (LETRA) (EN VIVO)",UC4t5Ht7gCo89-2r47qhdfzg,Sonalux,10,Music,2026-08-28T16:46:01Z,PT3M23S,95981,221,1,https://i.ytimg.com/vi/Ybiv_KsIyac/maxresdefault.jpg,4
2026-08-31T02:15:00.610597+00:00,CR,Costa Rica,1,10,htPCBPfP8kY,"Kany García, Carín León - Te Lo Agradezco (Letra)",UC13_NvR3UwvMCxB_A2pdHmw,Ritmo Fest,10,Music,2026-08-28T17:54:37Z,PT3M4S,108024,227,1,https://i.ytimg.com/vi/htPCBPfP8kY/maxresdefault.jpg,2
2026-08-31T02:15:00.610597+00:00,CR,Costa Rica,2,9,rkEHl4jCpLU,MI REACCIÓN al TRAILER de GTA 6 😱 - Nexxuz,UCggHFGmLDDStxyM-uy9DYnQ,Nexxuz World,24,Entertainment,2026-08-30T20:00:25Z,PT49M22S,130765,9680,361,https://i.ytimg.com/vi/rkEHl4jCpLU/maxresdefault.jpg,18
2026-08-31T02:15:00.610597+00:00,CR,Costa Rica,3,8,-SlvFCOVvTQ,POR CADA SALTO LLEGO MAS ALTO EN ROBLOX!🏔️,UColTsB6zogXWooPbeO67Wgw,ElAbrahaham,20,Gaming,2026-08-30T18:00:20Z,PT23M33S,547695,21750,2876,https://i.ytimg.com/vi/-SlvFCOVvTQ/maxresdefault.jpg,13
2026-08-31T02:15:00.610597+00:00,CR,Costa Rica,4,7,oa71DG-36rc,Carín León - Desde Que Te Tengo (Letra),UC0Nd9eBGpXJ7Cvz_ncLsvvA,Alligator Lyrics,10,Music,2026-08-27T13:00:31Z,PT3M47S,350695,525,4,https://i.ytimg.com/vi/oa71DG-36rc/maxresdefault.jpg,3
2026-08-31T02:15:00.610597+00:00,CR,Costa Rica,5,6,u7QErIFCc7k,Avengers Endgame: Bonus | Tráiler Oficial | Doblado,UC8LEXZO4hjzVk6wO3G9pJyQ,Marvel Latinoamérica Oficial,1,Film & Animation,2026-08-25T16:22:08Z,PT1M36S,1310862,44843,1873,https://i.ytimg.com/vi/u7QErIFCc7k/maxresdefault.jpg,6
2026-08-31T02:15:00.610597+00:00,CR,Costa Rica,6,5,T2QYSLDlr7I,"MI TIENDA SE HIZO DE ORO (Tienda Pokemon, Episodio 6)",UCcjIvuxmWlS5IEQ0JdPV4Ng,Rubius Z,20,Gaming,2026-08-29T16:49:13Z,PT41M15S,2391066,100950,3567,https://i.ytimg.com/vi/T2QYSLDlr7I/maxresdefault.jpg,5
2026-08-31T02:15:00.610597+00:00,CR,Costa Rica,7,4,Too3XygnMdE,Juan Gabriel - Así Fue (En Vivo) (Letra/Lyrics),UC3OcsnHmfLzw0jSOr5ZYO3A,ROSES,10,Music,2026-08-29T20:00:10Z,PT7M3S,157384,705,3,https://i.ytimg.com/vi/Too3XygnMdE/maxresdefault.jpg,11
2026-08-31T02:15:00.610597+00:00,CR,Costa Rica,8,3,qRLTbHUl44U,Escape From Playtime: A Smiling Critters Adventure | Reveal Trailer,UCXqV4yoyC_mmZye6VbKFPeQ,Mob Entertainment,20,Gaming,2026-08-26T18:49:54Z,PT57S,1359641,75948,5166,https://i.ytimg.com/vi/qRLTbHUl44U/maxresdefault.jpg,4
2026-08-31T02:15:00.610597+00:00,CR,Costa Rica,9,2,y4PdXhBzP_0,Evolucioné de POBRE a Adoptado por FAMILIA MILLONARIA en Minecraft!,UC8EkcHOycB94lHDkbAPSnQA,Nacho,20,Gaming,2026-08-30T21:07:18Z,PT24M8S,225093,4025,243,https://i.ytimg.com/vi/y4PdXhBzP_0/maxresdefault.jpg,12
2026-08-31T02:15:00.610597+00:00,CR,Costa Rica,10,1,KS5kBykL81c,La Cita - Galy Galiano (Letra),UCkeWrvpH3MyplVSzgTGc-mg,Big Dance,10,Music,2026-08-28T20:36:17Z,PT4M51S,279534,416,1,https://i.ytimg.com/vi/KS5kBykL81c/maxresdefault.jpg,2
2026-08-31T02:15:00.610597+00:00,HR,Croatia,1,10,WKKifdFO7qg,Jasna Zlokić i Jakov Jozinović - Ljudi poput nas (Official video),UCm3VSb_0u6LOX38LTnOdttg,Croatia Records,24,Entertainment,2026-08-21T17:00:06Z,PT4M14S,402573,8215,549,https://i.ytimg.com/vi/WKKifdFO7qg/maxresdefault.jpg,2
2026-08-31T02:15:00.610597+00:00,HR,Croatia,2,9,6t7C4qaHihE,Ali G: Who Iz I? | Official Trailer,UCf5CjDJvsFvtVIhkfmKAwAA,Amazon MGM Studios,24,Entertainment,2026-08-25T13:00:10Z,PT2M11S,8080641,28883,2552,https://i.ytimg.com/vi/6t7C4qaHihE/maxresdefault.jpg,6
2026-08-31T02:15:00.610597+00:00,HR,Croatia,3,8,qX-Vp2MmC9s,POJAVIO SE NEKI SUMLJIVI LIK NA BENZISKOJ PUMPI.. VR,UCD8geOrSnzs_DrHIhgsufoA,Cigvan Gaming,20,Gaming,2026-08-28T17:48:58Z,PT24M37S,141276,3145,43,https://i.ytimg.com/vi/qX-Vp2MmC9s/maxresdefault.jpg,4
2026-08-31T02:15:00.610597+00:00,HR,Croatia,4,7,Mx7ehEzmikY,SEVERINA - SVIRAJTE MI ‘RAĐAJ SINOVE’ (‘SAVRŠENA’) OFFICIAL VIDEO,UC_vH8DvvkrMB3D69NBdjLnQ,Severina,10,Music,2026-08-20T09:01:01Z,PT3M36S,974167,5001,284,https://i.ytimg.com/vi/Mx7ehEzmikY/maxresdefault.jpg,2
2026-08-31T02:15:00.610597+00:00,HR,Croatia,5,6,SB3siHVCHpY,The Witcher 3: Wild Hunt — Songs of the Past | Official Teaser Trailer,UCzybXLxv08IApdjdN0mJhEg,The Witcher,20,Gaming,2026-08-25T20:08:52Z,PT1M15S,2395423,107870,5230,https://i.ytimg.com/vi/SB3siHVCHpY/maxresdefault.jpg,3
2026-08-31T02:15:00.610597+00:00,HR,Croatia,6,5,wkk85UJ1714,NOVI detalji KOJI NISU bili u 'GTA 6 Extended Look' videu,UCoAVMy_9E_n75aZXbotfVjw,HCL.hr,20,Gaming,2026-08-28T13:45:38Z,PT20M4S,184702,3727,345,https://i.ytimg.com/vi/wkk85UJ1714/maxresdefault.jpg,1
2026-08-31T02:15:00.610597+00:00,HR,Croatia,7,4,0P_q4g4v1TI,SLOBA RADANOVIC - POZVACU TE (OFFICIAL VIDEO 2026),UCtHQlg6FypR2SjqPjkkXoog,Sloba Radanovic,10,Music,2026-08-23T12:00:02Z,PT3M11S,2264327,12059,1147,https://i.ytimg.com/vi/0P_q4g4v1TI/maxresdefault.jpg,8
2026-08-31T02:15:00.610597+00:00,HR,Croatia,8,3,RoNgc407wxo,IT’S FIGHT DAY! 🥊 Moses Itauma vs. Filip Hrgovic • OFFICIAL TRAILER | DAZN Boxing,UCEVVENPnHv-kcp2PqQuJvHg,Seconds Out,22,People & Blogs,2026-08-29T08:44:35Z,PT1M14S,46502,17,2,https://i.ytimg.com/vi/RoNgc407wxo/maxresdefault.jpg,1
2026-08-31T02:15:00.610597+00:00,HR,Croatia,9,2,h2HJuJDUlo0,Mudja & Ćale REAGUJU NA Grand Theft Auto VI: An Extended Look,UCZbp-wYt5PiIkGmoEZ6ChmQ,Mudja,20,Gaming,2026-08-28T07:45:11Z,PT33M52S,483305,12764,434,https://i.ytimg.com/vi/h2HJuJDUlo0/maxresdefault.jpg,5
2026-08-31T02:15:00.610597+00:00,HR,Croatia,10,1,S9yDCQYKCDU,Adi Šoše & Saša Matić - Daljine (Official video),UCSGBtI9ORCjRSLgcxy9JYGg,Adi Šoše / AL Music,24,Entertainment,2026-08-13T10:02:28Z,PT3M34S,1733586,14113,562,https://i.ytimg.com/vi/S9yDCQYKCDU/maxresdefault.jpg,5
2026-08-31T02:15:00.610597+00:00,CY,Cyprus,1,10,KF6SfC6Q-ZA,Burak Bulut - Ah Be Manolya [Official Video],UCFVzWCK50ZYWUhuIS6Y0C0A,Burak Bulut,22,People & Blogs,2026-08-06T21:00:06Z,PT2M58S,14410670,113487,6600,https://i.ytimg.com/vi/KF6SfC6Q-ZA/maxresdefault.jpg,1
2026-08-31T02:15:00.610597+00:00,CY,Cyprus,2,9,L2NAh3CIdig,Avengers Endgame: Encore | Official Trailer | In Theaters Sep 25,UCvC4D8onUfXzvjTOM-dBfEA,Marvel Entertainment,24,Entertainment,2026-08-25T16:00:01Z,PT1M37S,13723396,319458,17219,https://i.ytimg.com/vi/L2NAh3CIdig/maxresdefault.jpg,29
2026-08-31T02:15:00.610597+00:00,CY,Cyprus,3,8,qhvPlcwJUvk,A New Way to Collect Brawlers! - Brawl Talk,UCooVYzDxdwTtGYAkcPmOgOw,Brawl Stars,20,Gaming,2026-08-29T15:00:06Z,PT12M51S,6239828,219502,14329,https://i.ytimg.com/vi/qhvPlcwJUvk/maxresdefault.jpg,27
2026-08-31T02:15:00.610597+00:00,CY,Cyprus,4,7,is8UDe2PhKQ,KATSEYE (캣츠아이) 'Hootie Frutti' Official MV,UC3IZKseVpdzPSBaWxBxundA,HYBE LABELS,10,Music,2026-08-14T03:59:06Z,PT2M34S,58921333,982856,197828,https://i.ytimg.com/vi/is8UDe2PhKQ/maxresdefault.jpg,15
2026-08-31T02:15:00.610597+00:00,CY,Cyprus,5,6,G5hWlD5zfhw,Toxic Official Hindi Trailer | Rocking Star Yash | Geetu Mohandas | KVN | Monster Mind Creations,UC3DOgauBYLQQXdH1siGjfpw,KVN PRODUCTIONS,1,Film & Animation,2026-08-08T13:31:22Z,PT4M39S,36361900,667658,36940,https://i.ytimg.com/vi/G5hWlD5zfhw/maxresdefault.jpg,2
2026-08-31T02:15:00.610597+00:00,CY,Cyprus,6,5,e4J6OoJ1aY0,ΕΣΠΑΣΑ 16 ΜΥΘΟΥΣ ΣΤΟ KYEBOARD ESCAPE ROBLOX,UCLk_on12RSyA7OAAnmV5S3g,Gunzar,20,Gaming,2026-08-28T12:00:24Z,PT16M51S,172132,5202,403,https://i.ytimg.com/vi/e4J6OoJ1aY0/maxresdefault.jpg,2
2026-08-31T02:15:00.610597+00:00,CY,Cyprus,7,4,6Aw9-Y7KScE,AURA - PES (Official Music Video),UCZu8LubQFwcitW6Umn150gg,AURA GIRLS,10,Music,2026-08-20T21:00:06Z,PT2M39S,2132129,104737,54332,https://i.ytimg.com/vi/6Aw9-Y7KScE/maxresdefault.jpg,1
2026-08-31T02:15:00.610597+00:00,CY,Cyprus,8,3,Dy06SXknr_g,World's Largest Minecraft Build!,UCIPPMRA040LQr5QPyJEbmXA,MrBeast Gaming,20,Gaming,2026-08-29T16:00:00Z,PT24M59S,20329039,400436,13676,https://i.ytimg.com/vi/Dy06SXknr_g/maxresdefault.jpg,40
2026-08-31T02:15:00.610597+00:00,CY,Cyprus,9,2,XtzcqMPM6sY,Mabel Matiz - Ha Leylim,UCFWOCsO264XTkBYc3UCvnMA,mabelmatiz,10,Music,2026-08-10T20:59:06Z,PT4M55S,7349095,97834,10219,https://i.ytimg.com/vi/XtzcqMPM6sY/maxresdefault.jpg,1
2026-08-31T02:15:00.610597+00:00,CY,Cyprus,10,1,Be8Jwg2i718,GTA 6 AKLIMI ALDI! İLK OYNANIŞ VİDEOSUNA BAK!,UCXin0u5SrVEBjn5LhOoG97A,Enis Kirazoglu,20,Gaming,2026-08-28T10:45:32Z,PT20M12S,2194067,42672,2654,https://i.ytimg.com/vi/Be8Jwg2i718/maxresdefault.jpg,1
2026-08-31T02:15:00.610597+00:00,CZ,Czechia,1,10,rmalJTzFOXM,SAIJA - MLČ (Official Music Video),UCiu8LlPaBmeNPUXI7xfqn7Q,Eva SAIJA Burešová,10,Music,2026-08-28T06:00:06Z,PT3M31S,76857,2764,373,https://i.ytimg.com/vi/rmalJTzFOXM/maxresdefault.jpg,1
2026-08-31T02:15:00.610597+00:00,CZ,Czechia,2,9,SB3siHVCHpY,The Witcher 3: Wild Hunt — Songs of the Past | Official Teaser Trailer,UCzybXLxv08IApdjdN0mJhEg,The Witcher,20,Gaming,2026-08-25T20:08:52Z,PT1M15S,2395423,107870,5230,https://i.ytimg.com/vi/SB3siHVCHpY/maxresdefault.jpg,3
2026-08-31T02:15:00.610597+00:00,CZ,Czechia,3,8,duSs49_FEuE,REAKCE na GTA VI: An Extended Look! (PRVNÍ GAMEPLAY),UC_c01No6K3fhgPafCUzEf6w,FattyPillowTV,20,Gaming,2026-08-27T23:36:18Z,PT1H6M32S,224499,4621,279,https://i.ytimg.com/vi/duSs49_FEuE/maxresdefault.jpg,1
2026-08-31T02:15:00.610597+00:00,CZ,Czechia,4,7,GCbG0INxh0I,Calin – Balkan Paradise (feat. CA$HANOVA BULHAR),UCLL49Ren_KdYn21dCE7NRng,rychlí kluci,10,Music,2026-08-27T17:00:34Z,PT2M51S,86183,3244,83,https://i.ytimg.com/vi/GCbG0INxh0I/maxresdefault.jpg,1
2026-08-31T02:15:00.610597+00:00,CZ,Czechia,5,6,9JosaqVqheo,Avengers: Doomsday (2026) CZ dabing HD trailer,UCrnvx9KJ8v63SODw082L3Ww,Totalfilm.cz,24,Entertainment,2026-08-18T17:00:16Z,PT2M30S,81357,2606,264,https://i.ytimg.com/vi/9JosaqVqheo/maxresdefault.jpg,1
2026-08-31T02:15:00.610597+00:00,CZ,Czechia,6,5,nU5bL3iPhiI,"Jeden Hráč je PODVODNÍK… ale NEVÍ, jaké je Tajné Téma!",UC8o13lZCHWbnVzUTv5BEB9g,RiZiPlaysTV,20,Gaming,2026-08-26T14:49:50Z,PT13M18S,194687,3761,155,https://i.ytimg.com/vi/nU5bL3iPhiI/maxresdefault.jpg,2
2026-08-31T02:15:00.610597+00:00,CZ,Czechia,7,4,ypMvNA4wwCA,І У ТЕМНУЮ НІЧ,UCJ4n6UBhNjuQKDBukXJpSIQ,DNK - Topic,10,Music,2026-08-21T10:00:28Z,PT2M16S,1849165,26970,210,https://i.ytimg.com/vi/ypMvNA4wwCA/maxresdefault.jpg,2
2026-08-31T02:15:00.610597+00:00,CZ,Czechia,8,3,L2NAh3CIdig,Avengers Endgame: Encore | Official Trailer | In Theaters Sep 25,UCvC4D8onUfXzvjTOM-dBfEA,Marvel Entertainment,24,Entertainment,2026-08-25T16:00:01Z,PT1M37S,13723396,319458,17219,https://i.ytimg.com/vi/L2NAh3CIdig/maxresdefault.jpg,29
2026-08-31T02:15:00.610597+00:00,CZ,Czechia,9,2,qhvPlcwJUvk,A New Way to Collect Brawlers! - Brawl Talk,UCooVYzDxdwTtGYAkcPmOgOw,Brawl Stars,20,Gaming,2026-08-29T15:00:06Z,PT12M51S,6239828,219502,14329,https://i.ytimg.com/vi/qhvPlcwJUvk/maxresdefault.jpg,27
2026-08-31T02:15:00.610597+00:00,CZ,Czechia,10,1,8lxXff6bf4U,Vojtěch Dyk & D.Y.K. - Melódie,UCU4PyJXuTY1wc8CTd--vZAA,DYKofficialVEVO,10,Music,2026-08-25T15:00:06Z,PT4M6S,52591,1528,67,https://i.ytimg.com/vi/8lxXff6bf4U/maxresdefault.jpg,1
2026-08-31T02:15:00.610597+00:00,DK,Denmark,1,10,is8UDe2PhKQ,KATSEYE (캣츠아이) 'Hootie Frutti' Official MV,UC3IZKseVpdzPSBaWxBxundA,HYBE LABELS,10,Music,2026-08-14T03:59:06Z,PT2M34S,58921333,982856,197828,https://i.ytimg.com/vi/is8UDe2PhKQ/maxresdefault.jpg,15
2026-08-31T02:15:00.610597+00:00,DK,Denmark,2,9,IGk17XQ7IrQ,The Witcher 3: Wild Hunt — Remastered | Official Announcement Trailer,UCzybXLxv08IApdjdN0mJhEg,The Witcher,20,Gaming,2026-08-25T19:59:52Z,PT1M46S,4211127,203466,16372,https://i.ytimg.com/vi/IGk17XQ7IrQ/maxresdefault.jpg,28
2026-08-31T02:15:00.610597+00:00,DK,Denmark,3,8,bRAmevajGJQ,Vinderen Bestemmer Spillet... DESVÆRRE,UCs0Cbo9JCNnVKtoywjWt3UA,Johnni Gade Gaming,20,Gaming,2026-08-29T07:30:15Z,PT49M32S,40554,901,45,https://i.ytimg.com/vi/bRAmevajGJQ/maxresdefault.jpg,1
2026-08-31T02:15:00.610597+00:00,DK,Denmark,4,7,H16lj9cuw_E,Cizzo - Amira ,UChc3OSZpJcYT9lwU9j-CvFQ,Cizzo,10,Music,2026-08-29T15:57:27Z,PT2M6S,10370,220,27,https://i.ytimg.com/vi/H16lj9cuw_E/maxresdefault.jpg,1
2026-08-31T02:15:00.610597+00:00,DK,Denmark,5,6,X1aFkAkFASk,Avengers: Doomsday | Special Look | In Theaters December 18,UCvC4D8onUfXzvjTOM-dBfEA,Marvel Entertainment,24,Entertainment,2026-08-15T04:06:21Z,PT2M10S,36887790,1343093,59863,https://i.ytimg.com/vi/X1aFkAkFASk/maxresdefault.jpg,22
2026-08-31T02:15:00.610597+00:00,DK,Denmark,6,5,Dy06SXknr_g,World's Largest Minecraft Build!,UCIPPMRA040LQr5QPyJEbmXA,MrBeast Gaming,20,Gaming,2026-08-29T16:00:00Z,PT24M59S,20329039,400436,13676,https://i.ytimg.com/vi/Dy06SXknr_g/maxresdefault.jpg,40
2026-08-31T02:15:00.610597+00:00,DK,Denmark,7,4,getnHpYUxoM,"Saint Levant, Mohammed Assaf - MASKARA / مسكرة (Official Video)",UCCzciZk37I_YOOb94rpO62g,Saint Levant ,10,Music,2026-08-21T13:59:34Z,PT3M25S,6066996,82621,5246,https://i.ytimg.com/vi/getnHpYUxoM/maxresdefault.jpg,3
2026-08-31T02:15:00.610597+00:00,DK,Denmark,8,3,mfBg8TQQrCQ,LEGO Skylines | Announcement Trailer,UCV8KhRQa3TQPT0f0-DC4xFg,LEGO Skylines,22,People & Blogs,2026-08-25T19:28:52Z,PT43S,2202350,56569,2517,https://i.ytimg.com/vi/mfBg8TQQrCQ/maxresdefault.jpg,4
2026-08-31T02:15:00.610597+00:00,DK,Denmark,9,2,GxGu3NdYDqU,"How To Fish Med Aggo, Wendel og Marcel - Part 1",UCYMBefwPHdhMAn8dXZ8xqHA,SondergaardLIVE,22,People & Blogs,2026-08-29T13:39:28Z,PT2H56M36S,26922,195,10,https://i.ytimg.com/vi/GxGu3NdYDqU/maxresdefault.jpg,1
2026-08-31T02:15:00.610597+00:00,DK,Denmark,10,1,6CqeGHXXioU,"Stray Kids ""FARMING"" Video",UC9rMiEjNaCSsebs31MRDCRA,Stray Kids,10,Music,2026-08-27T14:00:02Z,PT2M48S,5028099,517095,21410,https://i.ytimg.com/vi/6CqeGHXXioU/maxresdefault.jpg,4
2026-08-31T02:15:00.610597+00:00,DO,Dominican Republic,1,10,HpB4Pcdxsrs,La Perversa - Mona (Video Oficial),UCjg8vMcrT6QzC2RVRJRNo7A,La Perversa,10,Music,2026-08-28T17:00:06Z,PT2M35S,1772707,113698,55180,https://i.ytimg.com/vi/HpB4Pcdxsrs/maxresdefault.jpg,6
2026-08-31T02:15:00.610597+00:00,DO,Dominican Republic,2,9,rkEHl4jCpLU,MI REACCIÓN al TRAILER de GTA 6 😱 - Nexxuz,UCggHFGmLDDStxyM-uy9DYnQ,Nexxuz World,24,Entertainment,2026-08-30T20:00:25Z,PT49M22S,130765,9680,361,https://i.ytimg.com/vi/rkEHl4jCpLU/maxresdefault.jpg,18
2026-08-31T02:15:00.610597+00:00,DO,Dominican Republic,3,8,y4PdXhBzP_0,Evolucioné de POBRE a Adoptado por FAMILIA MILLONARIA en Minecraft!,UC8EkcHOycB94lHDkbAPSnQA,Nacho,20,Gaming,2026-08-30T21:07:18Z,PT24M8S,225093,4025,243,https://i.ytimg.com/vi/y4PdXhBzP_0/maxresdefault.jpg,12
2026-08-31T02:15:00.610597+00:00,DO,Dominican Republic,4,7,ItsrTiYI5fI,La Mas Doll X Malu Trevejo - Paso 1 Remix ( Video Oficial ),UC7XLl-6uFAUJVvm-xl3jZVw,La Mas Doll,10,Music,2026-08-28T17:33:16Z,PT2M22S,413298,19592,1652,https://i.ytimg.com/vi/ItsrTiYI5fI/maxresdefault.jpg,2
2026-08-31T02:15:00.610597+00:00,DO,Dominican Republic,5,6,UQUNK23w1NE,MAGNET + SEA 1 TRAILER UPDATE REACTION | GET IN HERE!!,UCM54DMduUCssyI_pLxg64Mg,Uzoth,20,Gaming,2026-08-30T02:43:05Z,PT1H9M51S,244233,6042,407,https://i.ytimg.com/vi/UQUNK23w1NE/maxresdefault.jpg,7
2026-08-31T02:15:00.610597+00:00,DO,Dominican Republic,6,5,pLfQNq0Bgu8,Me Convertí en REY HACKER para Vengarme de Mis Amigos en Minecraft!,UCEs5MQjXJq27-X2vgdwtYDw,Dagar,20,Gaming,2026-08-29T20:35:52Z,PT25M5S,1358460,14701,814,https://i.ytimg.com/vi/pLfQNq0Bgu8/maxresdefault.jpg,3
2026-08-31T02:15:00.610597+00:00,DO,Dominican Republic,7,4,4yHLRLaVdOs,La oveja - Oasis Ministry Ft La Ross María,UC6Ch3cmQqg5iY-Y2KloTIcA,OASIS MINISTRY,10,Music,2026-08-30T19:00:06Z,PT4M59S,40495,3248,293,https://i.ytimg.com/vi/4yHLRLaVdOs/maxresdefault.jpg,1
2026-08-31T02:15:00.610597+00:00,DO,Dominican Republic,8,3,om-lsGVdfL8,REACCIONANDO a GTA VI Tráiler Exclusivo - TheGrefg,UCCEmjNPpJYhGDgaEqeeA4HA,TheGrefg,20,Gaming,2026-08-27T22:42:04Z,PT27M55S,1857211,43350,1343,https://i.ytimg.com/vi/om-lsGVdfL8/maxresdefault.jpg,6
2026-08-31T02:15:00.610597+00:00,DO,Dominican Republic,9,2,8p9ezbiLkIw,Me Convertí en FOCA y Sobreviví 7 Días en el Ártico en Roblox!,UCmkyN2GfMyR7gsIiKBCR3nw,Dagar Roblox,20,Gaming,2026-08-30T15:03:15Z,PT17M33S,302566,3345,120,https://i.ytimg.com/vi/8p9ezbiLkIw/maxresdefault.jpg,4
2026-08-31T02:15:00.610597+00:00,DO,Dominican Republic,10,1,kXcOItata8E,Romeo Santos - Que Se Mueran (Letra),UCU8FHs_uSV10jFb0RqpiqKQ,Velada,22,People & Blogs,2026-08-29T20:30:07Z,PT4M11S,58214,154,2,https://i.ytimg.com/vi/kXcOItata8E/maxresdefault.jpg,6
2026-08-31T02:15:00.610597+00:00,EC,Ecuador,1,10,GqioJXXmPuw,TIWINZA X NEW JERSON - PA FRONTEARLE A CUALQUIERA (AUDIO OFICIAL),UCfNXHs9f989H610YXnnruXw,Tiwinza,10,Music,2026-08-30T00:00:06Z,PT2M11S,66818,4481,330,https://i.ytimg.com/vi/GqioJXXmPuw/maxresdefault.jpg,1
2026-08-31T02:15:00.610597+00:00,EC,Ecuador,2,9,rkEHl4jCpLU,MI REACCIÓN al TRAILER de GTA 6 😱 - Nexxuz,UCggHFGmLDDStxyM-uy9DYnQ,Nexxuz World,24,Entertainment,2026-08-30T20:00:25Z,PT49M22S,130765,9680,361,https://i.ytimg.com/vi/rkEHl4jCpLU/maxresdefault.jpg,18
2026-08-31T02:15:00.610597+00:00,EC,Ecuador,3,8,-SlvFCOVvTQ,POR CADA SALTO LLEGO MAS ALTO EN ROBLOX!🏔️,UColTsB6zogXWooPbeO67Wgw,ElAbrahaham,20,Gaming,2026-08-30T18:00:20Z,PT23M33S,547695,21750,2876,https://i.ytimg.com/vi/-SlvFCOVvTQ/maxresdefault.jpg,13
2026-08-31T02:15:00.610597+00:00,EC,Ecuador,4,7,QJTP_mN-tbE,Romeo Santos - Que Se Mueran  (Letra),UCuMZUmEIz6V26xIFiyDRgJg,Prestige Vibes,10,Music,2026-08-27T13:00:22Z,PT4M10S,75205,71,1,https://i.ytimg.com/vi/QJTP_mN-tbE/maxresdefault.jpg,2
2026-08-31T02:15:00.610597+00:00,EC,Ecuador,5,6,qaQlkyDnqNc,AQUINO reacciona al NUEVO TRAILER de GTA VI,UCDWfTlPBpzJjuR6fImZpzqA,AQUISI R,24,Entertainment,2026-08-30T19:00:13Z,PT38M23S,54803,2558,96,https://i.ytimg.com/vi/qaQlkyDnqNc/maxresdefault.jpg,7
2026-08-31T02:15:00.610597+00:00,EC,Ecuador,6,5,y4PdXhBzP_0,Evolucioné de POBRE a Adoptado por FAMILIA MILLONARIA en Minecraft!,UC8EkcHOycB94lHDkbAPSnQA,Nacho,20,Gaming,2026-08-30T21:07:18Z,PT24M8S,225093,4025,243,https://i.ytimg.com/vi/y4PdXhBzP_0/maxresdefault.jpg,12
2026-08-31T02:15:00.610597+00:00,EC,Ecuador,7,4,kXcOItata8E,Romeo Santos - Que Se Mueran (Letra),UCU8FHs_uSV10jFb0RqpiqKQ,Velada,22,People & Blogs,2026-08-29T20:30:07Z,PT4M11S,58214,154,2,https://i.ytimg.com/vi/kXcOItata8E/maxresdefault.jpg,6
2026-08-31T02:15:00.610597+00:00,EC,Ecuador,8,3,WsHXdkWrExA,Avengers: Doomsday | FINAL TRAILER CONCEPT “SACRIFICE” | Marvel Studios,UCO2EFMFF07y9BikFGKGIlkw,MovieTrailers Entertainment,24,Entertainment,2026-08-29T13:35:26Z,PT1M32S,3270710,22597,614,https://i.ytimg.com/vi/WsHXdkWrExA/maxresdefault.jpg,4
2026-08-31T02:15:00.610597+00:00,EC,Ecuador,9,2,8p9ezbiLkIw,Me Convertí en FOCA y Sobreviví 7 Días en el Ártico en Roblox!,UCmkyN2GfMyR7gsIiKBCR3nw,Dagar Roblox,20,Gaming,2026-08-30T15:03:15Z,PT17M33S,302566,3345,120,https://i.ytimg.com/vi/8p9ezbiLkIw/maxresdefault.jpg,4
2026-08-31T02:15:00.610597+00:00,EC,Ecuador,10,1,1_9ut0YfipM,"Dalex - Pa Mi (Remix) ft. Sech, Rafa Pabön, Cazzu, Feid, KHEA, Lenny Tavárez (Letra)",UC80-pD8usP8Z277k2E6QhZQ,Asoniq,10,Music,2026-08-28T17:30:03Z,PT6M2S,115777,110,3,https://i.ytimg.com/vi/1_9ut0YfipM/maxresdefault.jpg,3
2026-08-31T02:15:00.610597+00:00,EG,Egypt,1,10,BNSHRIycyqM,اسلام كابونجا الدبابه - اطرش الجماجم ادي عالي [ 2026 ] Eslam Kabonga - Official Music,UClScPnBI7P7VmDQPkJOZOsg,اسلام كابونجا - الدبابه,10,Music,2026-08-29T14:49:42Z,PT5M41S,50484,1059,130,https://i.ytimg.com/vi/BNSHRIycyqM/maxresdefault.jpg,1
2026-08-31T02:15:00.610597+00:00,EG,Egypt,2,9,WsHXdkWrExA,Avengers: Doomsday | FINAL TRAILER CONCEPT “SACRIFICE” | Marvel Studios,UCO2EFMFF07y9BikFGKGIlkw,MovieTrailers Entertainment,24,Entertainment,2026-08-29T13:35:26Z,PT1M32S,3270710,22597,614,https://i.ytimg.com/vi/WsHXdkWrExA/maxresdefault.jpg,4
2026-08-31T02:15:00.610597+00:00,EG,Egypt,3,8,EmTs6IoB5H4,اشتغلت مربية لطفل مسكون 😱 | The Baby In Yellow 👶🏻,UCz-H1BVdzwfjTIE9KD5kIMA,Esraa Gaming ,22,People & Blogs,2026-08-29T13:07:45Z,PT35M44S,1086018,32928,11722,https://i.ytimg.com/vi/EmTs6IoB5H4/maxresdefault.jpg,3
2026-08-31T02:15:00.610597+00:00,EG,Egypt,4,7,3xezU7Y37KM,أيسل خالد -  إحنا البنات [2026] | Aysel Khaled - Ehna El Banat,UCK1bU28MPuESq2uh5FJfJtw,Aysel Khaled,10,Music,2026-08-27T12:00:06Z,PT2M12S,1463955,30772,3661,https://i.ytimg.com/vi/3xezU7Y37KM/maxresdefault.jpg,3
2026-08-31T02:15:00.610597+00:00,EG,Egypt,5,6,UQUNK23w1NE,MAGNET + SEA 1 TRAILER UPDATE REACTION | GET IN HERE!!,UCM54DMduUCssyI_pLxg64Mg,Uzoth,20,Gaming,2026-08-30T02:43:05Z,PT1H9M51S,244233,6042,407,https://i.ytimg.com/vi/UQUNK23w1NE/maxresdefault.jpg,7
2026-08-31T02:15:00.610597+00:00,EG,Egypt,6,5,pJxFzSErTBc,تجربه اف سي موبايل ٢٧ بيتا لأول مره قبل ما تنزل🤫🤯,UC9de4K00-WJx6pL90iDkOTw,HikaSIU,20,Gaming,2026-08-30T16:59:43Z,PT14M18S,229989,18142,1354,https://i.ytimg.com/vi/pJxFzSErTBc/maxresdefault.jpg,2
2026-08-31T02:15:00.610597+00:00,EG,Egypt,7,4,pEKtX09shUg,عودة مافيا الافاتار ( والنبي فضولنا السكة ) احمد فيلو و زياد الايراني - توزيع احمد فيلو,UCB-9wMoqxM-TxkPagZWnWsw,Felo - فيلو,10,Music,2026-08-29T15:00:06Z,PT3M53S,49795,2599,321,https://i.ytimg.com/vi/pEKtX09shUg/maxresdefault.jpg,1
2026-08-31T02:15:00.610597+00:00,EG,Egypt,8,3,DlRoO6C1rSg,Marvel’s Wolverine - Game Features Trailer | PS5 Games,UC-2Y8dQb0S6DtpxNgAKoJKA,PlayStation,20,Gaming,2026-08-28T12:00:23Z,PT4M3S,1653109,50829,3570,https://i.ytimg.com/vi/DlRoO6C1rSg/maxresdefault.jpg,3
2026-08-31T02:15:00.610597+00:00,EG,Egypt,9,2,6EDi_MoUJiU,احلام العصر خرطوم وجيمنج بالعربي ضد سعدولا وغنيوه 😂 | ببجي موبايل,UCV9e-DtixzoWzj8z2sjRQwA,3lilio,20,Gaming,2026-08-30T18:30:22Z,PT24M15S,51491,4409,107,https://i.ytimg.com/vi/6EDi_MoUJiU/maxresdefault.jpg,1
2026-08-31T02:15:00.610597+00:00,EG,Egypt,10,1,TCrKYFxlfgc,Roshdy🤎Hassan📻 محمد رشدي😍حسن الأسمر🎵كوكتيل أغاني🎧طرب ومواويل,UCVvXeFdKRelYvWy0dWLg6-w,Rawa2an Music - روقان ميوزك,22,People & Blogs,2026-08-30T14:00:15Z,PT2H7M59S,5851,43,0,https://i.ytimg.com/vi/TCrKYFxlfgc/maxresdefault.jpg,1
2026-08-31T02:15:00.610597+00:00,SV,El Salvador,1,10,bbHXkXrFS2o,Romeo Santos- Necio (Letra),UCHiKs3Iq5rGPC-UmQtjIsvQ,Lufenix,10,Music,2026-08-20T22:30:06Z,PT4M25S,3220211,3881,26,https://i.ytimg.com/vi/bbHXkXrFS2o/maxresdefault.jpg,1
2026-08-31T02:15:00.610597+00:00,SV,El Salvador,2,9,om-lsGVdfL8,REACCIONANDO a GTA VI Tráiler Exclusivo - TheGrefg,UCCEmjNPpJYhGDgaEqeeA4HA,TheGrefg,20,Gaming,2026-08-27T22:42:04Z,PT27M55S,1857211,43350,1343,https://i.ytimg.com/vi/om-lsGVdfL8/maxresdefault.jpg,6
2026-08-31T02:15:00.610597+00:00,SV,El Salvador,3,8,Dy06SXknr_g,World's Largest Minecraft Build!,UCIPPMRA040LQr5QPyJEbmXA,MrBeast Gaming,20,Gaming,2026-08-29T16:00:00Z,PT24M59S,20329039,400436,13676,https://i.ytimg.com/vi/Dy06SXknr_g/maxresdefault.jpg,40
2026-08-31T02:15:00.610597+00:00,SV,El Salvador,4,7,7piDV0v1v-c,"Yandel, Farruko, Zion & Lennox, Egbert Rosa aka Haze - Encantadora (Remix) (Letra/Lyrics)",UCvWhPqiJBsdsZmM9cEzQorg,SoundKream,10,Music,2026-08-25T15:00:22Z,PT4M13S,1196980,2258,9,https://i.ytimg.com/vi/7piDV0v1v-c/maxresdefault.jpg,1
2026-08-31T02:15:00.610597+00:00,SV,El Salvador,5,6,lAr_uspgHm8,Avengers: Doomsday | Tráiler Oficial | Doblado,UC8LEXZO4hjzVk6wO3G9pJyQ,Marvel Latinoamérica Oficial,1,Film & Animation,2026-08-15T04:48:59Z,PT2M11S,5412386,217389,7424,https://i.ytimg.com/vi/lAr_uspgHm8/maxresdefault.jpg,1
2026-08-31T02:15:00.610597+00:00,SV,El Salvador,6,5,2LdfjaHVA1g,ENTRÉ al NIVEL BLOQUEADO *COLMENA HARDCORE* de SUPER BEAR ADVENTURE !!,UCj9rK3jt8qmih4mZX0UL67g,DeGoBooM,20,Gaming,2026-08-29T19:17:34Z,PT20M26S,406080,4861,226,https://i.ytimg.com/vi/2LdfjaHVA1g/maxresdefault.jpg,1
2026-08-31T02:15:00.610597+00:00,SV,El Salvador,7,4,yjOJYBE_GuA,Brytiago - Estoy Pa' Ti (2016 Video Oficial),UCuVvjHUPjVsJraijv120D_A,BrytiagoTV,10,Music,2026-08-13T04:00:06Z,PT3M12S,12708985,115361,2092,https://i.ytimg.com/vi/yjOJYBE_GuA/maxresdefault.jpg,1
2026-08-31T02:15:00.610597+00:00,SV,El Salvador,8,3,rkEHl4jCpLU,MI REACCIÓN al TRAILER de GTA 6 😱 - Nexxuz,UCggHFGmLDDStxyM-uy9DYnQ,Nexxuz World,24,Entertainment,2026-08-30T20:00:25Z,PT49M22S,130765,9680,361,https://i.ytimg.com/vi/rkEHl4jCpLU/maxresdefault.jpg,18
2026-08-31T02:15:00.610597+00:00,SV,El Salvador,9,2,eGMMkhqE0ks,Fernanfloo Saw Game... Pero 10 AÑOS después !!,UCV4xOVpbcV8SdueDCOxLXtQ,Fernanfloo,20,Gaming,2026-08-27T20:00:01Z,PT46M38S,5812797,228005,8092,https://i.ytimg.com/vi/eGMMkhqE0ks/maxresdefault.jpg,1
2026-08-31T02:15:00.610597+00:00,SV,El Salvador,10,1,6pD4yeWXyjc,Espinoza Paz — El Próximo Viernes (Letra/Lyrics),UCofK-jm2oG6GqkYp7Vw3U6g,Richie Mexa,10,Music,2026-08-21T18:21:02Z,PT4M11S,1315058,4571,18,https://i.ytimg.com/vi/6pD4yeWXyjc/maxresdefault.jpg,1
2026-08-31T02:15:00.610597+00:00,EE,Estonia,1,10,6CqeGHXXioU,"Stray Kids ""FARMING"" Video",UC9rMiEjNaCSsebs31MRDCRA,Stray Kids,10,Music,2026-08-27T14:00:02Z,PT2M48S,5028099,517095,21410,https://i.ytimg.com/vi/6CqeGHXXioU/maxresdefault.jpg,4
2026-08-31T02:15:00.610597+00:00,EE,Estonia,2,9,IGk17XQ7IrQ,The Witcher 3: Wild Hunt — Remastered | Official Announcement Trailer,UCzybXLxv08IApdjdN0mJhEg,The Witcher,20,Gaming,2026-08-25T19:59:52Z,PT1M46S,4211127,203466,16372,https://i.ytimg.com/vi/IGk17XQ7IrQ/maxresdefault.jpg,28
2026-08-31T02:15:00.610597+00:00,EE,Estonia,3,8,Dy06SXknr_g,World's Largest Minecraft Build!,UCIPPMRA040LQr5QPyJEbmXA,MrBeast Gaming,20,Gaming,2026-08-29T16:00:00Z,PT24M59S,20329039,400436,13676,https://i.ytimg.com/vi/Dy06SXknr_g/maxresdefault.jpg,40
2026-08-31T02:15:00.610597+00:00,EE,Estonia,4,7,is8UDe2PhKQ,KATSEYE (캣츠아이) 'Hootie Frutti' Official MV,UC3IZKseVpdzPSBaWxBxundA,HYBE LABELS,10,Music,2026-08-14T03:59:06Z,PT2M34S,58921333,982856,197828,https://i.ytimg.com/vi/is8UDe2PhKQ/maxresdefault.jpg,15
2026-08-31T02:15:00.610597+00:00,EE,Estonia,5,6,X1aFkAkFASk,Avengers: Doomsday | Special Look | In Theaters December 18,UCvC4D8onUfXzvjTOM-dBfEA,Marvel Entertainment,24,Entertainment,2026-08-15T04:06:21Z,PT2M10S,36887790,1343093,59863,https://i.ytimg.com/vi/X1aFkAkFASk/maxresdefault.jpg,22
2026-08-31T02:15:00.610597+00:00,EE,Estonia,6,5,oP8bTi7bzsg,"BLAST Open Porto 2026, Day 5 - G2 vs NAVI, M80 vs Aurora, IC vs FUT, Legacy vs Vitality",UC9k--dE_UE0Faxzgb_DDkYQ,BLAST Premier,20,Gaming,2026-08-30T21:37:27Z,PT11H54M57S,2412896,11006,25,https://i.ytimg.com/vi/oP8bTi7bzsg/maxresdefault.jpg,3
2026-08-31T02:15:00.610597+00:00,EE,Estonia,7,4,BZ4UzthYTss,"Stray Kids ""This & That"" M/V",UCaO6TYtlC8U5ttz62hTrZgg,JYP Entertainment,10,Music,2026-08-07T04:00:01Z,PT3M14S,82891001,1464790,132673,https://i.ytimg.com/vi/BZ4UzthYTss/maxresdefault.jpg,1
2026-08-31T02:15:00.610597+00:00,EE,Estonia,8,3,5fHXyqQOKL8,Primetime | Official Trailer HD | A24,UCuPivVjnfNo4mb3Oog_frZg,A24,1,Film & Animation,2026-08-06T13:00:36Z,PT2M17S,45775710,248756,16130,https://i.ytimg.com/vi/5fHXyqQOKL8/maxresdefault.jpg,5
2026-08-31T02:15:00.610597+00:00,EE,Estonia,9,2,hCtwPB0U24k,GTA 6 ЖДЕТ ПРОВАЛ,UC6bTF68IAV1okfRfwXIP1Cg,itpedia,28,Science & Technology,2026-08-30T12:00:38Z,PT20M49S,692177,22180,2269,https://i.ytimg.com/vi/hCtwPB0U24k/maxresdefault.jpg,2
2026-08-31T02:15:00.610597+00:00,EE,Estonia,10,1,afSgBNwmZrQ,Ariana Grande - petal,UC0VOyT2OCBKdQhF3BAbZ-1g,ArianaGrandeVevo,10,Music,2026-07-31T15:00:06Z,PT6M51S,28505709,952893,93191,https://i.ytimg.com/vi/afSgBNwmZrQ/maxresdefault.jpg,4
2026-08-31T02:15:00.610597+00:00,FI,Finland,1,10,U-UZ3E0dsv4,Aston Kalmari - Polkupyörä,UCU_0c49oJMH-rV17lzX0jzQ,Aston Kalmari,10,Music,2026-08-27T20:59:56Z,PT3M36S,40097,656,49,https://i.ytimg.com/vi/U-UZ3E0dsv4/maxresdefault.jpg,1
2026-08-31T02:15:00.610597+00:00,FI,Finland,2,9,IGk17XQ7IrQ,The Witcher 3: Wild Hunt — Remastered | Official Announcement Trailer,UCzybXLxv08IApdjdN0mJhEg,The Witcher,20,Gaming,2026-08-25T19:59:52Z,PT1M46S,4211127,203466,16372,https://i.ytimg.com/vi/IGk17XQ7IrQ/maxresdefault.jpg,28
2026-08-31T02:15:00.610597+00:00,FI,Finland,3,8,vxMGv6qDC2U,Onko TÄMÄ paras GTA??? (San Andreas),UCBJ4RpQPQutOnWcqiooL9eQ,LaeppaVika,20,Gaming,2026-08-28T10:30:34Z,PT53M21S,110642,2797,203,https://i.ytimg.com/vi/vxMGv6qDC2U/maxresdefault.jpg,1
2026-08-31T02:15:00.610597+00:00,FI,Finland,4,7,ANrCXf1wnJA,Väärä nainen,UCw226MhNETPUYuOQXicdznQ,Ida - Topic,10,Music,2026-08-13T10:04:43Z,PT3M16S,146061,2389,41,https://i.ytimg.com/vi/ANrCXf1wnJA/maxresdefault.jpg,1
2026-08-31T02:15:00.610597+00:00,FI,Finland,5,6,L2NAh3CIdig,Avengers Endgame: Encore | Official Trailer | In Theaters Sep 25,UCvC4D8onUfXzvjTOM-dBfEA,Marvel Entertainment,24,Entertainment,2026-08-25T16:00:01Z,PT1M37S,13723396,319458,17219,https://i.ytimg.com/vi/L2NAh3CIdig/maxresdefault.jpg,29
2026-08-31T02:15:00.610597+00:00,FI,Finland,6,5,z-Ah9xZi-2Q,Kuinka LOIN Hardcore Minecraft Armeijan,UCcIbGAzlerqGwUdftqehCLg,Kreindal,20,Gaming,2026-08-29T12:00:10Z,PT52M,42542,1600,300,https://i.ytimg.com/vi/z-Ah9xZi-2Q/maxresdefault.jpg,1
2026-08-31T02:15:00.610597+00:00,FI,Finland,7,4,RUZFABT_hU8,Ida – Väärä nainen (Official Audio),UCunoODU-RG93w8NYFCbZ4Rw,Kaiku Entertainment,10,Music,2026-08-13T21:00:28Z,PT3M16S,111485,1591,73,https://i.ytimg.com/vi/RUZFABT_hU8/maxresdefault.jpg,1
2026-08-31T02:15:00.610597+00:00,FI,Finland,8,3,mfBg8TQQrCQ,LEGO Skylines | Announcement Trailer,UCV8KhRQa3TQPT0f0-DC4xFg,LEGO Skylines,22,People & Blogs,2026-08-25T19:28:52Z,PT43S,2202350,56569,2517,https://i.ytimg.com/vi/mfBg8TQQrCQ/maxresdefault.jpg,4
2026-08-31T02:15:00.610597+00:00,FI,Finland,9,2,u27YY_m7ebQ,Valitse Ovi ja ÄLÄ KUOLE!,UCpdYbr1AtlP8zN0KAh3P8lw,Satusetä,24,Entertainment,2026-08-29T08:03:38Z,PT20M46S,23547,477,36,https://i.ytimg.com/vi/u27YY_m7ebQ/sddefault.jpg,1
2026-08-31T02:15:00.610597+00:00,FI,Finland,10,1,is8UDe2PhKQ,KATSEYE (캣츠아이) 'Hootie Frutti' Official MV,UC3IZKseVpdzPSBaWxBxundA,HYBE LABELS,10,Music,2026-08-14T03:59:06Z,PT2M34S,58921333,982856,197828,https://i.ytimg.com/vi/is8UDe2PhKQ/maxresdefault.jpg,15
2026-08-31T02:15:00.610597+00:00,FR,France,1,10,RNB_7PqukUw,Lucarne (feat. TLF),UC7_3-wJdkiDATH9IPUJCqdQ,Rohff - Topic,10,Music,2026-08-29T10:02:49Z,PT3M38S,31931,1403,230,https://i.ytimg.com/vi/RNB_7PqukUw/maxresdefault.jpg,1
2026-08-31T02:15:00.610597+00:00,FR,France,2,9,fqyYT4_OIPM,PAPA OÙ T'ES ? - Bande-annonce,UCrSVu3ryGNObwCFoOGU8lHg,Nico Là,24,Entertainment,2026-08-30T16:11:20Z,PT2M18S,198684,14033,474,https://i.ytimg.com/vi/fqyYT4_OIPM/maxresdefault.jpg,3
2026-08-31T02:15:00.610597+00:00,FR,France,3,8,NkDPIUHNaVo,DEUX ÉNORMES DÉBILES TENTENT DE RÉSOUDRE DES ÉNIGMES (Big Walk),UCYGjxo5ifuhnmvhPvCc3DJQ,Wankil Studio - Laink et Terracid,20,Gaming,2026-08-30T12:30:23Z,PT22M3S,355624,15389,125,https://i.ytimg.com/vi/NkDPIUHNaVo/maxresdefault.jpg,1
2026-08-31T02:15:00.610597+00:00,FR,France,4,7,pSvhh7Qhc_E,Mauvais Djo - Bandela Ft. Armageddon & Anderson (Clip officiel),UCJ2deOSM_0syVxf_HO4HR7g,Mauvais djo,22,People & Blogs,2026-08-28T16:00:02Z,PT3M46S,386734,7098,350,https://i.ytimg.com/vi/pSvhh7Qhc_E/maxresdefault.jpg,1
2026-08-31T02:15:00.610597+00:00,FR,France,5,6,h7OG9xPkm7Q,DUCOBU 6 et le Fantôme de Saint-Potache Bande Annonce (2026),UC_i8X3p8oZNaik8X513Zn1Q,FilmsActu,1,Film & Animation,2026-08-30T15:02:06Z,PT1M7S,33901,506,88,https://i.ytimg.com/vi/h7OG9xPkm7Q/maxresdefault.jpg,1
2026-08-31T02:15:00.610597+00:00,FR,France,6,5,y5TxtzbbFEY,500 CHOSES A SAVOIR SUR GTA 6,UCyMy3i-BaVOmOwTZskm52Ew,LaSalle,20,Gaming,2026-08-30T15:30:33Z,PT40M4S,349978,9671,627,https://i.ytimg.com/vi/y5TxtzbbFEY/maxresdefault.jpg,1
2026-08-31T02:15:00.610597+00:00,FR,France,7,4,tMvS0wFUssw,Vianney - D'or et d'étain (clip officiel),UC5TkQJO0gnV7Ayw4xCsTn-g,Vianney Musique,10,Music,2026-08-28T10:00:06Z,PT3M23S,393002,8463,482,https://i.ytimg.com/vi/tMvS0wFUssw/maxresdefault.jpg,1
2026-08-31T02:15:00.610597+00:00,FR,France,8,3,YfvPgHFs5v4,Ducobu et le fantôme de Saint-Potache - Bande-annonce officielle - UGC Distribution,UCIMVZBs4uegC9eM-CqGSlfA,UGC Distribution,1,Film & Animation,2026-08-30T11:00:28Z,PT48S,10550,335,0,https://i.ytimg.com/vi/YfvPgHFs5v4/maxresdefault.jpg,1
2026-08-31T02:15:00.610597+00:00,FR,France,9,2,z4fxbyt63_c,CE JEU DE RACCOON EST TERRIBLEMENT DROLE - TRASH DAY,UC_VearYbOy6ofg87HLM4nzQ,Nino MssClick,20,Gaming,2026-08-30T16:00:11Z,PT32M5S,177500,11662,715,https://i.ytimg.com/vi/z4fxbyt63_c/maxresdefault.jpg,1
2026-08-31T02:15:00.610597+00:00,FR,France,10,1,HowrnAhvwBs,Leto - Lululemon (Clip officiel),UCP9zhgBhlIwgF5UEf3Pmj8Q,Leto,10,Music,2026-08-28T15:00:02Z,PT2M45S,564626,15829,509,https://i.ytimg.com/vi/HowrnAhvwBs/maxresdefault.jpg,1
2026-08-31T02:15:00.610597+00:00,GE,Georgia,1,10,-UxKpMRbUDU,Oasis Deep - Вор Не Ходит На Работу,UCAPRbcQD2B3fZ_xx_islisQ,Oasis Deep,10,Music,2026-08-22T17:12:36Z,PT3M6S,236487,807,3,https://i.ytimg.com/vi/-UxKpMRbUDU/maxresdefault.jpg,1
2026-08-31T02:15:00.610597+00:00,GE,Georgia,2,9,IGk17XQ7IrQ,The Witcher 3: Wild Hunt — Remastered | Official Announcement Trailer,UCzybXLxv08IApdjdN0mJhEg,The Witcher,20,Gaming,2026-08-25T19:59:52Z,PT1M46S,4211127,203466,16372,https://i.ytimg.com/vi/IGk17XQ7IrQ/maxresdefault.jpg,28
2026-08-31T02:15:00.610597+00:00,GE,Georgia,3,8,qhvPlcwJUvk,A New Way to Collect Brawlers! - Brawl Talk,UCooVYzDxdwTtGYAkcPmOgOw,Brawl Stars,20,Gaming,2026-08-29T15:00:06Z,PT12M51S,6239828,219502,14329,https://i.ytimg.com/vi/qhvPlcwJUvk/maxresdefault.jpg,27
2026-08-31T02:15:00.610597+00:00,GE,Georgia,4,7,1T3ybpu1P30,"Была, не была",UCtvcx2JSDThyOmRg0wDISCw,Release - Topic,10,Music,2026-08-20T21:01:58Z,PT2M48S,660928,6814,0,https://i.ytimg.com/vi/1T3ybpu1P30/maxresdefault.jpg,1
2026-08-31T02:15:00.610597+00:00,GE,Georgia,5,6,X1aFkAkFASk,Avengers: Doomsday | Special Look | In Theaters December 18,UCvC4D8onUfXzvjTOM-dBfEA,Marvel Entertainment,24,Entertainment,2026-08-15T04:06:21Z,PT2M10S,36887790,1343093,59863,https://i.ytimg.com/vi/X1aFkAkFASk/maxresdefault.jpg,22
2026-08-31T02:15:00.610597+00:00,GE,Georgia,6,5,fIY6lXQnSas,სად მიდის ჩინჩინა დასასვენებლად? - Minecraft,UCazMACdpHmK8-pVDUyV2dmQ,Geo Zaxid - Games,20,Gaming,2026-08-29T09:00:22Z,PT12M48S,23450,952,38,https://i.ytimg.com/vi/fIY6lXQnSas/maxresdefault.jpg,1
2026-08-31T02:15:00.610597+00:00,GE,Georgia,7,4,mL97D4kwYac,Petto - სიმძიმე (ProdByNika),UCcmBkWgcqbIXK12kN7duS0A,prodbyynika - Topic,10,Music,2026-08-28T20:59:38Z,PT2M25S,27697,1278,34,https://i.ytimg.com/vi/mL97D4kwYac/maxresdefault.jpg,1
2026-08-31T02:15:00.610597+00:00,GE,Georgia,8,3,V9HBuYmdnns,ТОЛЬКО Я ПОНЯЛ ТРЕЙЛЕР GTA 6,UCptRK95GEDXvJGOQIFg50fg,Игорь Линк,20,Gaming,2026-08-29T15:39:15Z,PT11M36S,450581,12555,1254,https://i.ytimg.com/vi/V9HBuYmdnns/maxresdefault.jpg,4
2026-08-31T02:15:00.610597+00:00,GE,Georgia,9,2,zVB9qNMwc7A,უსასწაულესიიიიაააააა  GTA 6 - ის ოფიციალური გეიმფლეი!!! ჩემი რეაქტი,UC4tyylntl2l2-lA5N8GTddg,Go Lets Play,20,Gaming,2026-08-28T10:51:18Z,PT34M17S,124430,4681,455,https://i.ytimg.com/vi/zVB9qNMwc7A/maxresdefault.jpg,1
2026-08-31T02:15:00.610597+00:00,GE,Georgia,10,1,vK8qJ7crjYU,DUORUSH - In The End (Original Mix),UCAv759-nU3TB15mCJKxpo_w,DUORUSH,10,Music,2026-08-23T14:30:31Z,PT5M46S,815249,4244,97,https://i.ytimg.com/vi/vK8qJ7crjYU/maxresdefault.jpg,1
2026-08-31T02:15:00.610597+00:00,DE,Germany,1,10,r58RX8_LSnI,"Andrea Berg - Das kann uns keiner nehmen (Liveclip ""Giovanni Zarrella Show"" vom 29.08.2026)",UCgV77Yzj32KppAo8FWF3EsQ,Andrea Berg,10,Music,2026-08-30T08:45:34Z,PT3M59S,73458,401,24,https://i.ytimg.com/vi/r58RX8_LSnI/maxresdefault.jpg,2
2026-08-31T02:15:00.610597+00:00,DE,Germany,2,9,e5MWQWWyGH0,"GTA VI TRAILER ANALYSE: Mehr Infos, mehr Features, mehr Alles!",UCSJdld9LA2w8__ndX0c_iVg,GronkhReacts,22,People & Blogs,2026-08-29T18:00:06Z,PT2H18M49S,202842,4214,614,https://i.ytimg.com/vi/e5MWQWWyGH0/maxresdefault.jpg,2
2026-08-31T02:15:00.610597+00:00,DE,Germany,3,8,IBLOJMwYV8s,Unser Angeltrip ESKALIERT komplett | How To Fish,UCCJ-NJtqLQRxuaxHZA9q6zg,HandOfUncut,20,Gaming,2026-08-30T15:00:12Z,PT1H54M20S,239329,5277,109,https://i.ytimg.com/vi/IBLOJMwYV8s/maxresdefault.jpg,2
2026-08-31T02:15:00.610597+00:00,DE,Germany,4,7,xz8Ybk6SAqM,Bruno & Giovanni Zarrella - Piccolo e fragile | Eine italienische Sommernacht | Das Open-Air-Konzert,UC8JETzqWNyTnAtwaq0_dl9A,Schlager für Alle,10,Music,2026-08-30T07:58:07Z,PT5M8S,83292,83,2,https://i.ytimg.com/vi/xz8Ybk6SAqM/maxresdefault.jpg,1
2026-08-31T02:15:00.610597+00:00,DE,Germany,5,6,fWQqShbNXlA,Zarbex reagiert auf den Extended Look GTA 6 Trailer,UCEMOfc4WSYvEfAXelBiJyEQ,Mr. Geil,24,Entertainment,2026-08-29T08:41:57Z,PT49M50S,275443,5936,378,https://i.ytimg.com/vi/fWQqShbNXlA/maxresdefault.jpg,4
2026-08-31T02:15:00.610597+00:00,DE,Germany,6,5,6MGfFBuKd3U,Ich FINDE VERLASSENE CONTAINER im MEER in GTA 5!,UCaR5mgH9aZkswPQtjZ4DktA,iCrimax,20,Gaming,2026-08-30T08:52:34Z,PT24M27S,227464,3837,288,https://i.ytimg.com/vi/6MGfFBuKd3U/maxresdefault.jpg,2
2026-08-31T02:15:00.610597+00:00,DE,Germany,7,4,YoC7CjvfqO8,Vanessa Mai - Ich sterb für dich | ZDF Fernsehgarten,UC-fMvx4-Hl7Y__dNIac7upQ,Vanessa Mai,10,Music,2026-08-30T12:27:21Z,PT3M46S,29964,377,23,https://i.ytimg.com/vi/YoC7CjvfqO8/maxresdefault.jpg,1
2026-08-31T02:15:00.610597+00:00,DE,Germany,8,3,exKLy6CwUNo,Tower Defense X Tower Battles II Trailer | ROBLOX,UCojsj6T5tNPGPZSx7wn4coQ,JOHN ROBLOX,20,Gaming,2026-08-30T18:59:31Z,PT1M41S,85912,4593,1017,https://i.ytimg.com/vi/exKLy6CwUNo/maxresdefault.jpg,6
2026-08-31T02:15:00.610597+00:00,DE,Germany,9,2,M2XUBbZpi3k,ICH KLAUE EINEN DIAMANT,UCnGzJIUgwZmvixL5WzxIwbg,LUCREW,24,Entertainment,2026-08-30T14:00:36Z,PT19M1S,139469,5320,271,https://i.ytimg.com/vi/M2XUBbZpi3k/maxresdefault.jpg,2
2026-08-31T02:15:00.610597+00:00,DE,Germany,10,1,oqTrR6HVSKg,"Andra x Leo de la Roșiori - Tinerețe, Nu Fugi De Mine (LIVE) #LaCerereaFanilor",UC-j_qmx-JdJWjwVIetg1vHQ,Andra,10,Music,2026-08-30T09:00:01Z,PT6M10S,172913,2452,127,https://i.ytimg.com/vi/oqTrR6HVSKg/maxresdefault.jpg,2
2026-08-31T02:15:00.610597+00:00,GH,Ghana,1,10,Qb7WMh36o1U,"Okese1 - Don’t Come Too Close II ft Darkovibes, Sista Afia and Joey B",UCj31nQueQdmW5NCBq5--uYg,OKESE1MUSIC,10,Music,2026-08-30T08:05:52Z,PT3M7S,71152,4593,324,https://i.ytimg.com/vi/Qb7WMh36o1U/maxresdefault.jpg,1
2026-08-31T02:15:00.610597+00:00,GH,Ghana,2,9,L2NAh3CIdig,Avengers Endgame: Encore | Official Trailer | In Theaters Sep 25,UCvC4D8onUfXzvjTOM-dBfEA,Marvel Entertainment,24,Entertainment,2026-08-25T16:00:01Z,PT1M37S,13723396,319458,17219,https://i.ytimg.com/vi/L2NAh3CIdig/maxresdefault.jpg,29
2026-08-31T02:15:00.610597+00:00,GH,Ghana,3,8,1tffqhaqxRI,UPDATE 30 TRAILER + MAGNET SHOWCASE | Blox Fruits,UC_xlDCBWQPlihORIZLWtpbA,Gamer Robot,20,Gaming,2026-08-30T02:00:06Z,PT14M19S,4358733,195427,50307,https://i.ytimg.com/vi/1tffqhaqxRI/maxresdefault.jpg,6
2026-08-31T02:15:00.610597+00:00,GH,Ghana,4,7,B5Fkf6_mZNI,Kweku Smoke x Lasmid - Faith ( Official Video ),UCxZYPC1BAGhpqXaVl1_q_jA,KwekuSmoke,10,Music,2026-08-29T21:14:10Z,PT2M37S,71890,3379,238,https://i.ytimg.com/vi/B5Fkf6_mZNI/maxresdefault.jpg,1
2026-08-31T02:15:00.610597+00:00,GH,Ghana,5,6,I-XEjBtRWQY,GIDAN SARAUTA SEASON 6 TRAILER ,UCdiI6VrQ4aYI29FW1ChiHsA,Maishadda Global Resources,24,Entertainment,2026-08-18T20:00:06Z,PT5M37S,310534,10496,452,https://i.ytimg.com/vi/I-XEjBtRWQY/maxresdefault.jpg,2
2026-08-31T02:15:00.610597+00:00,GH,Ghana,6,5,Dy06SXknr_g,World's Largest Minecraft Build!,UCIPPMRA040LQr5QPyJEbmXA,MrBeast Gaming,20,Gaming,2026-08-29T16:00:00Z,PT24M59S,20329039,400436,13676,https://i.ytimg.com/vi/Dy06SXknr_g/maxresdefault.jpg,40
2026-08-31T02:15:00.610597+00:00,GH,Ghana,7,4,UILV9xWGhAY,KiDi - IDK (with Sarkodie) (Lyric Video),UCh3Kj3ckrz1VtSGWXue9t7g,KiDi,10,Music,2026-08-27T00:00:51Z,PT2M24S,80352,2866,204,https://i.ytimg.com/vi/UILV9xWGhAY/maxresdefault.jpg,1
2026-08-31T02:15:00.610597+00:00,GH,Ghana,8,3,d7HEckaSKuM,Love Island USA Season 8 Reunion | Official Trailer | Peacock Original,UCPgMAS8woHJ_o_OZdTR7kcQ,Peacock,24,Entertainment,2026-08-26T19:59:46Z,PT1M20S,321395,4882,714,https://i.ytimg.com/vi/d7HEckaSKuM/maxresdefault.jpg,1
2026-08-31T02:15:00.610597+00:00,GH,Ghana,9,2,wSm9GTUttBs,GTA 6 (Grand Theft Auto 6) - Official Extended Gameplay,UCKy1dAqELo0zrOtPkf0eTMw,IGN,20,Gaming,2026-08-28T01:28:32Z,PT26M49S,5822740,97416,10813,https://i.ytimg.com/vi/wSm9GTUttBs/maxresdefault.jpg,4
2026-08-31T02:15:00.610597+00:00,GH,Ghana,10,1,wIXe6YxUkoc,Kuami Eugene - We Go (Official Music Video),UCX3YsgO93ZVeMeJ2FTA-l2g,Kuami Eugene,10,Music,2026-08-27T06:00:28Z,PT2M57S,140398,5659,577,https://i.ytimg.com/vi/wIXe6YxUkoc/maxresdefault.jpg,1
2026-08-31T02:15:00.610597+00:00,GR,Greece,1,10,is8UDe2PhKQ,KATSEYE (캣츠아이) 'Hootie Frutti' Official MV,UC3IZKseVpdzPSBaWxBxundA,HYBE LABELS,10,Music,2026-08-14T03:59:06Z,PT2M34S,58921333,982856,197828,https://i.ytimg.com/vi/is8UDe2PhKQ/maxresdefault.jpg,15
2026-08-31T02:15:00.610597+00:00,GR,Greece,2,9,L2NAh3CIdig,Avengers Endgame: Encore | Official Trailer | In Theaters Sep 25,UCvC4D8onUfXzvjTOM-dBfEA,Marvel Entertainment,24,Entertainment,2026-08-25T16:00:01Z,PT1M37S,13723396,319458,17219,https://i.ytimg.com/vi/L2NAh3CIdig/maxresdefault.jpg,29
2026-08-31T02:15:00.610597+00:00,GR,Greece,3,8,e4J6OoJ1aY0,ΕΣΠΑΣΑ 16 ΜΥΘΟΥΣ ΣΤΟ KYEBOARD ESCAPE ROBLOX,UCLk_on12RSyA7OAAnmV5S3g,Gunzar,20,Gaming,2026-08-28T12:00:24Z,PT16M51S,172132,5202,403,https://i.ytimg.com/vi/e4J6OoJ1aY0/maxresdefault.jpg,2
2026-08-31T02:15:00.610597+00:00,GR,Greece,4,7,1kmy-Kq1TOc,Noizy x Light x Gue - Strip For Me (Official Video),UCim40Arej9EBOfg0ViFW2ww,thisisnoizy,24,Entertainment,2026-08-27T22:00:06Z,PT3M27S,443565,7966,251,https://i.ytimg.com/vi/1kmy-Kq1TOc/maxresdefault.jpg,2
2026-08-31T02:15:00.610597+00:00,GR,Greece,5,6,IGk17XQ7IrQ,The Witcher 3: Wild Hunt — Remastered | Official Announcement Trailer,UCzybXLxv08IApdjdN0mJhEg,The Witcher,20,Gaming,2026-08-25T19:59:52Z,PT1M46S,4211127,203466,16372,https://i.ytimg.com/vi/IGk17XQ7IrQ/maxresdefault.jpg,28
2026-08-31T02:15:00.610597+00:00,GR,Greece,6,5,qhvPlcwJUvk,A New Way to Collect Brawlers! - Brawl Talk,UCooVYzDxdwTtGYAkcPmOgOw,Brawl Stars,20,Gaming,2026-08-29T15:00:06Z,PT12M51S,6239828,219502,14330,https://i.ytimg.com/vi/qhvPlcwJUvk/maxresdefault.jpg,27
2026-08-31T02:15:00.610597+00:00,GR,Greece,7,4,T_OFyCSNBOY,Wake Up | Mostafa Elsaadi (Lyric Video),UCd4YRhZILAQxyS6SOF26t4Q,Mostafa Elsaadi,10,Music,2026-08-20T15:33:48Z,PT5M39S,1992152,10628,176,https://i.ytimg.com/vi/T_OFyCSNBOY/maxresdefault.jpg,2
2026-08-31T02:15:00.610597+00:00,GR,Greece,8,3,OCvBV1ZBfHQ,Τότε και Τώρα –  2η Σεζόν | Trailer | Έρχεται στον ΣΚΑΪ,UCmHgxU394HiIAsN1fMegqzw,SKAI.gr,25,News & Politics,2026-08-24T19:44:18Z,PT1M16S,45799,442,0,https://i.ytimg.com/vi/OCvBV1ZBfHQ/maxresdefault.jpg,1
2026-08-31T02:15:00.610597+00:00,GR,Greece,9,2,Vk3Algzn-Uw,ΚΡΥΦΤΗΚΑ ΣΤΙΣ ΠΙΟ ΦΑΝΕΡΕΣ ΚΡΥΨΩΝΕΣ ΣΤΟ MINECRAFT!,UC9sP6AFEI3tGeoDGZk2DByw,CaptainPanez,20,Gaming,2026-08-28T11:27:14Z,PT1H14M59S,77083,2067,187,https://i.ytimg.com/vi/Vk3Algzn-Uw/maxresdefault.jpg,1
2026-08-31T02:15:00.610597+00:00,GR,Greece,10,1,nroc5Ie2kIk,Bes Kallaku & Mariglen Hazizaj & Florjan Saçma - Manushaqe,UCv_BVkBgQlFepwQo3dqp7Nw,Bes Kallaku,10,Music,2026-08-12T16:00:07Z,PT3M12S,2077353,12205,221,https://i.ytimg.com/vi/nroc5Ie2kIk/maxresdefault.jpg,1
2026-08-31T02:15:00.610597+00:00,GT,Guatemala,1,10,ZbkNJGXeXJU,Prometiste Volver,UCBcH-tCfIuZ-PlpkPk7UZew,Release - Topic,10,Music,2026-08-29T15:57:05Z,PT3M7S,296968,1856,0,https://i.ytimg.com/vi/ZbkNJGXeXJU/maxresdefault.jpg,4
2026-08-31T02:15:00.610597+00:00,GT,Guatemala,2,9,rkEHl4jCpLU,MI REACCIÓN al TRAILER de GTA 6 😱 - Nexxuz,UCggHFGmLDDStxyM-uy9DYnQ,Nexxuz World,24,Entertainment,2026-08-30T20:00:25Z,PT49M22S,130765,9680,361,https://i.ytimg.com/vi/rkEHl4jCpLU/maxresdefault.jpg,18
2026-08-31T02:15:00.610597+00:00,GT,Guatemala,3,8,-SlvFCOVvTQ,POR CADA SALTO LLEGO MAS ALTO EN ROBLOX!🏔️,UColTsB6zogXWooPbeO67Wgw,ElAbrahaham,20,Gaming,2026-08-30T18:00:20Z,PT23M33S,547695,21754,2876,https://i.ytimg.com/vi/-SlvFCOVvTQ/maxresdefault.jpg,13
2026-08-31T02:15:00.610597+00:00,GT,Guatemala,4,7,Too3XygnMdE,Juan Gabriel - Así Fue (En Vivo) (Letra/Lyrics),UC3OcsnHmfLzw0jSOr5ZYO3A,ROSES,10,Music,2026-08-29T20:00:10Z,PT7M3S,157384,705,3,https://i.ytimg.com/vi/Too3XygnMdE/maxresdefault.jpg,11
2026-08-31T02:15:00.610597+00:00,GT,Guatemala,5,6,qRLTbHUl44U,Escape From Playtime: A Smiling Critters Adventure | Reveal Trailer,UCXqV4yoyC_mmZye6VbKFPeQ,Mob Entertainment,20,Gaming,2026-08-26T18:49:54Z,PT57S,1359641,75948,5166,https://i.ytimg.com/vi/qRLTbHUl44U/maxresdefault.jpg,4
2026-08-31T02:15:00.610597+00:00,GT,Guatemala,6,5,y4PdXhBzP_0,Evolucioné de POBRE a Adoptado por FAMILIA MILLONARIA en Minecraft!,UC8EkcHOycB94lHDkbAPSnQA,Nacho,20,Gaming,2026-08-30T21:07:18Z,PT24M8S,225093,4025,243,https://i.ytimg.com/vi/y4PdXhBzP_0/maxresdefault.jpg,12
2026-08-31T02:15:00.610597+00:00,GT,Guatemala,7,4,Ybiv_KsIyac,"SE FUE LA PANTERA - Grupo Firme, Grupo Recluta (LETRA) (EN VIVO)",UC4t5Ht7gCo89-2r47qhdfzg,Sonalux,10,Music,2026-08-28T16:46:01Z,PT3M23S,95981,221,1,https://i.ytimg.com/vi/Ybiv_KsIyac/maxresdefault.jpg,4
2026-08-31T02:15:00.610597+00:00,GT,Guatemala,8,3,u7QErIFCc7k,Avengers Endgame: Bonus | Tráiler Oficial | Doblado,UC8LEXZO4hjzVk6wO3G9pJyQ,Marvel Latinoamérica Oficial,1,Film & Animation,2026-08-25T16:22:08Z,PT1M36S,1310862,44844,1873,https://i.ytimg.com/vi/u7QErIFCc7k/maxresdefault.jpg,6
2026-08-31T02:15:00.610597+00:00,GT,Guatemala,9,2,hdrzQ9tmlOc,JUGAMOS AL MM2 DE TERROR CON AMIGOS | MM2 of The Locust,UCp-MGAju1QmvsCNZOEQikzQ,Nabriel,20,Gaming,2026-08-30T17:41:46Z,PT22M46S,219457,6546,625,https://i.ytimg.com/vi/hdrzQ9tmlOc/maxresdefault.jpg,3
2026-08-31T02:15:00.610597+00:00,GT,Guatemala,10,1,1NCCKahcaPM,Vicente Fernández - Mujeres Divinas (En Vivo [Un Azteca en el Azteca] [Letra / Lyrics]),UCK586Wo8pKz0C50xlSZqSDA,vicentefernandezVEVO,10,Music,2026-08-30T00:00:28Z,PT3M19S,112580,967,30,https://i.ytimg.com/vi/1NCCKahcaPM/maxresdefault.jpg,2
2026-08-31T02:15:00.610597+00:00,HN,Honduras,1,10,Ybiv_KsIyac,"SE FUE LA PANTERA - Grupo Firme, Grupo Recluta (LETRA) (EN VIVO)",UC4t5Ht7gCo89-2r47qhdfzg,Sonalux,10,Music,2026-08-28T16:46:01Z,PT3M23S,95981,221,1,https://i.ytimg.com/vi/Ybiv_KsIyac/maxresdefault.jpg,4
2026-08-31T02:15:00.610597+00:00,HN,Honduras,2,9,rkEHl4jCpLU,MI REACCIÓN al TRAILER de GTA 6 😱 - Nexxuz,UCggHFGmLDDStxyM-uy9DYnQ,Nexxuz World,24,Entertainment,2026-08-30T20:00:25Z,PT49M22S,130765,9680,361,https://i.ytimg.com/vi/rkEHl4jCpLU/maxresdefault.jpg,18
2026-08-31T02:15:00.610597+00:00,HN,Honduras,3,8,-SlvFCOVvTQ,POR CADA SALTO LLEGO MAS ALTO EN ROBLOX!🏔️,UColTsB6zogXWooPbeO67Wgw,ElAbrahaham,20,Gaming,2026-08-30T18:00:20Z,PT23M33S,547695,21754,2876,https://i.ytimg.com/vi/-SlvFCOVvTQ/maxresdefault.jpg,13
2026-08-31T02:15:00.610597+00:00,HN,Honduras,4,7,t4QJUambCAk,Ganas De Volver Amar,UCBcH-tCfIuZ-PlpkPk7UZew,Release - Topic,10,Music,2026-08-29T15:57:04Z,PT3M30S,96127,557,0,https://i.ytimg.com/vi/t4QJUambCAk/maxresdefault.jpg,1
2026-08-31T02:15:00.610597+00:00,HN,Honduras,5,6,qRLTbHUl44U,Escape From Playtime: A Smiling Critters Adventure | Reveal Trailer,UCXqV4yoyC_mmZye6VbKFPeQ,Mob Entertainment,20,Gaming,2026-08-26T18:49:54Z,PT57S,1359641,75948,5166,https://i.ytimg.com/vi/qRLTbHUl44U/maxresdefault.jpg,4
2026-08-31T02:15:00.610597+00:00,HN,Honduras,6,5,y4PdXhBzP_0,Evolucioné de POBRE a Adoptado por FAMILIA MILLONARIA en Minecraft!,UC8EkcHOycB94lHDkbAPSnQA,Nacho,20,Gaming,2026-08-30T21:07:18Z,PT24M8S,225093,4025,243,https://i.ytimg.com/vi/y4PdXhBzP_0/maxresdefault.jpg,12
2026-08-31T02:15:00.610597+00:00,HN,Honduras,7,4,Too3XygnMdE,Juan Gabriel - Así Fue (En Vivo) (Letra/Lyrics),UC3OcsnHmfLzw0jSOr5ZYO3A,ROSES,10,Music,2026-08-29T20:00:10Z,PT7M3S,157384,705,3,https://i.ytimg.com/vi/Too3XygnMdE/maxresdefault.jpg,11
2026-08-31T02:15:00.610597+00:00,HN,Honduras,8,3,u7QErIFCc7k,Avengers Endgame: Bonus | Tráiler Oficial | Doblado,UC8LEXZO4hjzVk6wO3G9pJyQ,Marvel Latinoamérica Oficial,1,Film & Animation,2026-08-25T16:22:08Z,PT1M36S,1310862,44844,1873,https://i.ytimg.com/vi/u7QErIFCc7k/maxresdefault.jpg,6
2026-08-31T02:15:00.610597+00:00,HN,Honduras,9,2,pLfQNq0Bgu8,Me Convertí en REY HACKER para Vengarme de Mis Amigos en Minecraft!,UCEs5MQjXJq27-X2vgdwtYDw,Dagar,20,Gaming,2026-08-29T20:35:52Z,PT25M5S,1358460,14701,814,https://i.ytimg.com/vi/pLfQNq0Bgu8/maxresdefault.jpg,3
2026-08-31T02:15:00.610597+00:00,HN,Honduras,10,1,kXcOItata8E,Romeo Santos - Que Se Mueran (Letra),UCU8FHs_uSV10jFb0RqpiqKQ,Velada,22,People & Blogs,2026-08-29T20:30:07Z,PT4M11S,58214,154,2,https://i.ytimg.com/vi/kXcOItata8E/maxresdefault.jpg,6
2026-08-31T02:15:00.610597+00:00,HK,Hong Kong,1,10,s466YCiHfKw,JENNIE - FALLEN ANGEL (Official Video),UCN9_L9lA9kqJbGANLRus_1A,JennieRubyJaneVEVO,10,Music,2026-08-28T04:00:19Z,PT5M43S,13544483,951232,65064,https://i.ytimg.com/vi/s466YCiHfKw/maxresdefault.jpg,12
2026-08-31T02:15:00.610597+00:00,HK,Hong Kong,2,9,QxDSGjwSqdw,《幻視任務》預告解析 | 汪達三部曲最終章！緋紅女巫神秘亂碼！？復仇者反派回歸合作！？ | 幻視 VisionQuest 復仇者聯盟5 末日  Avengers Doomsday (廣東話 中字),UC3K6R_8DD0gkscD8inYSF0A,電影Ching報,1,Film & Animation,2026-08-26T12:30:06Z,PT18M3S,90463,2318,77,https://i.ytimg.com/vi/QxDSGjwSqdw/maxresdefault.jpg,1
2026-08-31T02:15:00.610597+00:00,HK,Hong Kong,3,8,3T9IrVFwF9U,[中文] T1 vs BFX | 2026 LCK Playoffs R1,UC5Fms2Bl_HM6DPYgyL5DOyg,LCK-Carry,20,Gaming,2026-08-29T13:31:24Z,PT5H38M3S,1160846,2755,77,https://i.ytimg.com/vi/3T9IrVFwF9U/maxresdefault.jpg,2
2026-08-31T02:15:00.610597+00:00,HK,Hong Kong,4,7,e7m_ngxP8Hk,At Least A Hug,UC56eaiucsjSfKgevcaGcn2w,MC Cheung Tinfu - Topic,10,Music,2026-08-18T10:03:04Z,PT3M36S,391505,2910,35,https://i.ytimg.com/vi/e7m_ngxP8Hk/maxresdefault.jpg,1
2026-08-31T02:15:00.610597+00:00,HK,Hong Kong,5,6,Cxvd9Kbh0nY,《復仇者聯盟4: 加碼重映版》預告解析！一片看透新舊結局所有改動！4分鐘新畫面有末日博士？｜AVENGERS ENDGAME: ENCORE,UCqnKZyTJHg5sWUgKeJs8J9g,AC Film+ 影評台,24,Entertainment,2026-08-27T23:41:32Z,PT13M14S,77333,676,61,https://i.ytimg.com/vi/Cxvd9Kbh0nY/maxresdefault.jpg,1
2026-08-31T02:15:00.610597+00:00,HK,Hong Kong,6,5,qhvPlcwJUvk,A New Way to Collect Brawlers! - Brawl Talk,UCooVYzDxdwTtGYAkcPmOgOw,Brawl Stars,20,Gaming,2026-08-29T15:00:06Z,PT12M51S,6239828,219502,14330,https://i.ytimg.com/vi/qhvPlcwJUvk/maxresdefault.jpg,27
2026-08-31T02:15:00.610597+00:00,HK,Hong Kong,7,4,ZkLLV3bx1xI,張敬軒 Hins Cheung《放棄的界限》(Eight Days Of Silence) [Official MV],UCgQqWQM2Dx7SZG5_i40-7lQ,張敬軒 Hins Cheung,10,Music,2026-08-26T13:00:06Z,PT3M44S,147590,4261,364,https://i.ytimg.com/vi/ZkLLV3bx1xI/maxresdefault.jpg,1
2026-08-31T02:15:00.610597+00:00,HK,Hong Kong,8,3,zh0MuoV-olY,還得是官方出手! 信息量逆天! 激情解析GTA6最新實機預告~ (Leya蕾雅),UCiXJjvsRQEyT06x3YUwueVw,Leya蕾雅,20,Gaming,2026-08-28T08:45:12Z,PT7M50S,265144,2930,456,https://i.ytimg.com/vi/zh0MuoV-olY/maxresdefault.jpg,2
2026-08-31T02:15:00.610597+00:00,HK,Hong Kong,9,2,_6ITSv4DInY,GTA6 Extended Look 拆解:6星通緝、Criminal Profile 全部玩法一次搞清 - 遊戲 情報科 ( cc 中文字幕 ),UCk25FUc8pLiP3A6Zniknxbg,希治閣【遊戲情報科】,20,Gaming,2026-08-29T04:00:06Z,PT12M30S,106132,2275,97,https://i.ytimg.com/vi/_6ITSv4DInY/maxresdefault.jpg,1
2026-08-31T02:15:00.610597+00:00,HK,Hong Kong,10,1,L8ZnXgbyUuc,BIGBANG - ‘BiiiG’ M/V,UCzw-C7fNfs018R1FzIKnlaA,BIGBANG,10,Music,2026-08-19T09:10:01Z,PT3M4S,12879090,666397,43067,https://i.ytimg.com/vi/L8ZnXgbyUuc/maxresdefault.jpg,3
2026-08-31T02:15:00.610597+00:00,HU,Hungary,1,10,A1GnaBOXj7Q,DESH X YOUNG FLY - SUV 2 (Official Music Video),UC7c86PFjRCUjbxQoYHmRo9A,DESH,10,Music,2026-08-20T15:00:06Z,PT2M27S,3264749,44636,931,https://i.ytimg.com/vi/A1GnaBOXj7Q/maxresdefault.jpg,2
2026-08-31T02:15:00.610597+00:00,HU,Hungary,2,9,IGk17XQ7IrQ,The Witcher 3: Wild Hunt — Remastered | Official Announcement Trailer,UCzybXLxv08IApdjdN0mJhEg,The Witcher,20,Gaming,2026-08-25T19:59:52Z,PT1M46S,4211127,203466,16372,https://i.ytimg.com/vi/IGk17XQ7IrQ/maxresdefault.jpg,28
2026-08-31T02:15:00.610597+00:00,HU,Hungary,3,8,YMBtLS7RU0A,"Együtt nézzük, hogy milyen lesz a GTA VI! 🥹",UCQYlMOshLHIfOqjZjlpkLyQ,APUTEST Gaming,20,Gaming,2026-08-27T19:39:35Z,PT51M36S,519383,13383,856,https://i.ytimg.com/vi/YMBtLS7RU0A/maxresdefault.jpg,1
2026-08-31T02:15:00.610597+00:00,HU,Hungary,4,7,zcWCO_wVzME,L.L. Junior x Mario x Sofi - Kimaradás 2 | Official Music Video,UCj8PKeGObaK06vJpm1LSUBA,lljuniorofficial,10,Music,2026-08-28T18:00:06Z,PT2M45S,233036,4470,147,https://i.ytimg.com/vi/zcWCO_wVzME/maxresdefault.jpg,1
2026-08-31T02:15:00.610597+00:00,HU,Hungary,5,6,6t7C4qaHihE,Ali G: Who Iz I? | Official Trailer,UCf5CjDJvsFvtVIhkfmKAwAA,Amazon MGM Studios,24,Entertainment,2026-08-25T13:00:10Z,PT2M11S,8080641,28883,2552,https://i.ytimg.com/vi/6t7C4qaHihE/maxresdefault.jpg,6
2026-08-31T02:15:00.610597+00:00,HU,Hungary,6,5,dM_le4oMZzM,Szimulátor Szerda | The Dream Office,UCSFMCn1xtj_4kOy6KNK_fNg,TheVR Gaming+,20,Gaming,2026-08-26T15:11:02Z,PT2H31M53S,138153,2532,46,https://i.ytimg.com/vi/dM_le4oMZzM/maxresdefault.jpg,1
2026-08-31T02:15:00.610597+00:00,HU,Hungary,7,4,sUefYV2puIo,VZS - NE MÉREGESS (OFFICIAL VISUALIZER),UCNht4i4FP15aPK0ZO37iUJA,VZS,10,Music,2026-08-20T12:00:06Z,PT2M40S,424019,9313,198,https://i.ytimg.com/vi/sUefYV2puIo/maxresdefault.jpg,1
2026-08-31T02:15:00.610597+00:00,HU,Hungary,8,3,X1aFkAkFASk,Avengers: Doomsday | Special Look | In Theaters December 18,UCvC4D8onUfXzvjTOM-dBfEA,Marvel Entertainment,24,Entertainment,2026-08-15T04:06:21Z,PT2M10S,36887790,1343093,59863,https://i.ytimg.com/vi/X1aFkAkFASk/maxresdefault.jpg,22
2026-08-31T02:15:00.610597+00:00,HU,Hungary,9,2,qMqTyYiIQLw,24 Órám Volt Megtanulni 24 GTA Trükköt,UCBMrNSSKUgHm858d-2p9cag,SunnGTA,20,Gaming,2026-08-22T14:09:56Z,PT32M46S,176169,3539,189,https://i.ytimg.com/vi/qMqTyYiIQLw/maxresdefault.jpg,1
2026-08-31T02:15:00.610597+00:00,HU,Hungary,10,1,2BsK2tER9lM,Kimaradás 2,UCLaQZE5e--tgJD1EcKDp-YA,Release - Topic,10,Music,2026-08-18T10:36:15Z,PT2M20S,383503,4455,31,https://i.ytimg.com/vi/2BsK2tER9lM/maxresdefault.jpg,1
2026-08-31T02:15:00.610597+00:00,IS,Iceland,1,10,afSgBNwmZrQ,Ariana Grande - petal,UC0VOyT2OCBKdQhF3BAbZ-1g,ArianaGrandeVevo,10,Music,2026-07-31T15:00:06Z,PT6M51S,28505709,952893,93191,https://i.ytimg.com/vi/afSgBNwmZrQ/maxresdefault.jpg,4
2026-08-31T02:15:00.610597+00:00,IS,Iceland,2,9,L2NAh3CIdig,Avengers Endgame: Encore | Official Trailer | In Theaters Sep 25,UCvC4D8onUfXzvjTOM-dBfEA,Marvel Entertainment,24,Entertainment,2026-08-25T16:00:01Z,PT1M37S,13723396,319458,17219,https://i.ytimg.com/vi/L2NAh3CIdig/maxresdefault.jpg,29
2026-08-31T02:15:00.610597+00:00,IS,Iceland,3,8,Dy06SXknr_g,World's Largest Minecraft Build!,UCIPPMRA040LQr5QPyJEbmXA,MrBeast Gaming,20,Gaming,2026-08-29T16:00:00Z,PT24M59S,20329039,400436,13676,https://i.ytimg.com/vi/Dy06SXknr_g/maxresdefault.jpg,40
2026-08-31T02:15:00.610597+00:00,IS,Iceland,4,7,IGk17XQ7IrQ,The Witcher 3: Wild Hunt — Remastered | Official Announcement Trailer,UCzybXLxv08IApdjdN0mJhEg,The Witcher,20,Gaming,2026-08-25T19:59:52Z,PT1M46S,4211127,203466,16372,https://i.ytimg.com/vi/IGk17XQ7IrQ/maxresdefault.jpg,28
2026-08-31T02:15:00.610597+00:00,IS,Iceland,5,6,7yj_WVQIB4I,This video will teach you How To Fish,UCzXwjTI6c6mVn6oui_p6oiw,SMii7Y,20,Gaming,2026-08-30T19:13:11Z,PT32M35S,1131249,45310,1992,https://i.ytimg.com/vi/7yj_WVQIB4I/maxresdefault.jpg,6
2026-08-31T02:15:00.610597+00:00,IS,Iceland,6,5,5fHXyqQOKL8,Primetime | Official Trailer HD | A24,UCuPivVjnfNo4mb3Oog_frZg,A24,1,Film & Animation,2026-08-06T13:00:36Z,PT2M17S,45775710,248756,16130,https://i.ytimg.com/vi/5fHXyqQOKL8/maxresdefault.jpg,5
2026-08-31T02:15:00.610597+00:00,IS,Iceland,7,4,qhvPlcwJUvk,A New Way to Collect Brawlers! - Brawl Talk,UCooVYzDxdwTtGYAkcPmOgOw,Brawl Stars,20,Gaming,2026-08-29T15:00:06Z,PT12M51S,6239828,219502,14330,https://i.ytimg.com/vi/qhvPlcwJUvk/maxresdefault.jpg,27
2026-08-31T02:15:00.610597+00:00,IS,Iceland,8,3,2mNCKDXA1O4,WHO IS THE BEST GAMER? ft. JYNXZI,UCWsDFcIhY2DBi3GB5uykGXA,IShowSpeed,20,Gaming,2026-08-25T22:20:38Z,PT4H41M31S,2622201,58377,1339,https://i.ytimg.com/vi/2mNCKDXA1O4/maxresdefault.jpg,3
2026-08-31T02:15:00.610597+00:00,IS,Iceland,9,2,b-If5Nq0log,Thoughts on the GTA 6 Gameplay Reveal,UCq6VFHwMzcMXbuKyG7SQYIg,penguinz0,24,Entertainment,2026-08-27T22:00:15Z,PT11M21S,4244617,79846,7949,https://i.ytimg.com/vi/b-If5Nq0log/sddefault.jpg,1
2026-08-31T02:15:00.610597+00:00,IS,Iceland,10,1,Ytm8WiQLNZA,How I Destroyed an Entire Minecraft Civilization,UCkzzNLnuM-VsATWC53ehwOQ,Wemmbu,20,Gaming,2026-08-22T14:07:09Z,PT1H38M34S,6008757,283677,47106,https://i.ytimg.com/vi/Ytm8WiQLNZA/maxresdefault.jpg,1
2026-08-31T02:15:00.610597+00:00,IN,India,1,10,JqFzhcWo3EU,Yeshanagula | The Paradise | Nani | Keerthy Suresh | Anirudh Ravichander | Srikanth Odela,UC68nKdrLbLL0Vj7ilVkLmmg,Saregama Telugu,10,Music,2026-08-29T09:43:07Z,PT3M12S,33591008,451092,10577,https://i.ytimg.com/vi/JqFzhcWo3EU/maxresdefault.jpg,15
2026-08-31T02:15:00.610597+00:00,IN,India,2,9,Fv1FQi6CWe4,Bethlehem Kudumba Unit Tamil Trailer | Girish AD | Nivin Pauly | Mamitha Baiju | September 4th,UCPvtzpmgq3fraUXl6lLoK3w,BHAVANA STUDIOS,24,Entertainment,2026-08-29T11:29:06Z,PT2M45S,2029786,12111,442,https://i.ytimg.com/vi/Fv1FQi6CWe4/maxresdefault.jpg,4
2026-08-31T02:15:00.610597+00:00,IN,India,3,8,n8aM6q8XbXU,100 Days on DEADLY RAFT with Friends In Minecraft 😰,UClqifC6Nd7v-IfTqce4k62A,Carry Depie,20,Gaming,2026-08-29T12:31:57Z,PT21M11S,1735336,18261,984,https://i.ytimg.com/vi/n8aM6q8XbXU/maxresdefault.jpg,2
2026-08-31T02:15:00.610597+00:00,IN,India,4,7,rs0gQ-3hbPQ,Muthumani Music Video - DOROTHY | Maestro Ilaiyaraaja | Karthik Subbaraj,UCn4rEMqKtwBQ6-oEwbd4PcA,Sony Music South,10,Music,2026-08-29T06:32:03Z,PT5M24S,2766797,55854,5540,https://i.ytimg.com/vi/rs0gQ-3hbPQ/maxresdefault.jpg,5
2026-08-31T02:15:00.610597+00:00,IN,India,5,6,Ywtya3SHMvU,THIS IS NOT A GAME 🤯,UC0IWRLai-BAwci_e9MylNGw,CarryisLive,24,Entertainment,2026-08-28T12:25:40Z,PT32M27S,3876357,80737,1782,https://i.ytimg.com/vi/Ywtya3SHMvU/maxresdefault.jpg,2
2026-08-31T02:15:00.610597+00:00,IN,India,6,5,EO9G3ggR-UE,I BECAME A TAXI DRIVER | GANGSTAR MIRAGE CITY #2,UCX8pnu3DYUnx8qy8V_c6oHg,Techno Gamerz,20,Gaming,2026-08-30T09:50:25Z,PT49M11S,2030224,61616,8646,https://i.ytimg.com/vi/EO9G3ggR-UE/maxresdefault.jpg,1
2026-08-31T02:15:00.610597+00:00,IN,India,7,4,cRgrrrdqbLM,अफीम (Official Video) #Khesari Lal Yadav | Kangana Sharma | #Shilpi Raj | Afeem | New #Bhojpuri Song,UC22nIfOTM7KLIQuFGMKzQbg,Wave Music,10,Music,2026-08-29T01:00:06Z,PT3M47S,3883325,194795,45222,https://i.ytimg.com/vi/cRgrrrdqbLM/maxresdefault.jpg,2
2026-08-31T02:15:00.610597+00:00,IN,India,8,3,tcKLMeA2Hwc,Mahendragiri Varahi - Trailer | Sumanth | Meenakshi Goswami | Aishwarya Rajesh | Anup Rubens,UCSXwEK86-OWEn_QF65X7c7Q,Junglee Music Telugu,10,Music,2026-08-28T13:02:06Z,PT2M42S,3396238,32407,782,https://i.ytimg.com/vi/tcKLMeA2Hwc/maxresdefault.jpg,1
2026-08-31T02:15:00.610597+00:00,IN,India,9,2,LM5VZm6j7Fc,🔴LIVE GTA 5 GAMEPLAY | RAAJOO GAMING,UC5guTudGjVnsKjmzt40cb-w,Raajoo Gaming,20,Gaming,2026-08-30T05:34:35Z,PT1H16M8S,3222006,5321,14,https://i.ytimg.com/vi/LM5VZm6j7Fc/maxresdefault.jpg,1
2026-08-31T02:15:00.610597+00:00,IN,India,10,1,IcLdJ93eP18,"Yeshanagula (From ""The Paradise"") (Telugu)",UCZkhpAR3y7JsqfjxT6WALpQ,Release - Topic,10,Music,2026-08-29T04:38:06Z,PT3M9S,1661236,34876,0,https://i.ytimg.com/vi/IcLdJ93eP18/maxresdefault.jpg,1
2026-08-31T02:15:00.610597+00:00,ID,Indonesia,1,10,-qQvf7517Hw,Hearts2Hearts 하츠투하츠 '15-LOVE' Dance Practice,UC7Q3HUnJA3nvjZR2JeMn2Cw,Hearts2Hearts,10,Music,2026-08-30T11:00:19Z,PT2M47S,261038,21090,1591,https://i.ytimg.com/vi/-qQvf7517Hw/maxresdefault.jpg,1
2026-08-31T02:15:00.610597+00:00,ID,Indonesia,2,9,ewtfrDnb3_s,TERIKAT JANJI TRAILER: APA SENA BERHASIL MENYELAMATKAN ANAKNYA HANS⁉️ DIPA GAK JADI KE PARIS? - Arya,UC0PDovAfG07_dcQvlVtblOg,MNC Pictures,1,Film & Animation,2026-08-30T05:08:21Z,PT25S,93363,607,276,https://i.ytimg.com/vi/ewtfrDnb3_s/maxresdefault.jpg,1
2026-08-31T02:15:00.610597+00:00,ID,Indonesia,3,8,3bAUu2t3FGI,🔴 LIVE | MPL ID S18 | Minggu 3 Hari 3 | Bahasa Indonesia,UC1dGHGJTXU_dkiR8tW3qQgg,MPL Indonesia,20,Gaming,2026-08-30T16:22:02Z,PT8H35M50S,5983702,25280,61,https://i.ytimg.com/vi/3bAUu2t3FGI/maxresdefault.jpg,1
2026-08-31T02:15:00.610597+00:00,ID,Indonesia,4,7,iDsCUEegBfU,On Bended Knee - Boyz II Men (Lyrics),UCVu5opa9d4JdDxGsR3zaqAg,LatinNow,10,Music,2026-08-28T16:07:35Z,PT5M32S,183706,204,5,https://i.ytimg.com/vi/iDsCUEegBfU/maxresdefault.jpg,2
2026-08-31T02:15:00.610597+00:00,ID,Indonesia,5,6,P-hW3PfqcxQ,TRAILER TERIKAT JANJI NANTI MALAM 30 AGUSTUS 2026,UC9MfT0QlQEFEBoewd262ddQ,Mental Baja,19,Travel & Events,2026-08-30T03:19:53Z,PT58S,49203,220,44,https://i.ytimg.com/vi/P-hW3PfqcxQ/maxresdefault.jpg,1
2026-08-31T02:15:00.610597+00:00,ID,Indonesia,6,5,K_h3iQT3yI8,[ID] 2026 PMPL ID Fall Finals | Day 3,UCkB_AwGXxPAKdahxGHpeC4Q,PUBG MOBILE Indonesia,20,Gaming,2026-08-30T15:00:05Z,PT6H54M25S,1635331,23820,111,https://i.ytimg.com/vi/K_h3iQT3yI8/maxresdefault.jpg,1
2026-08-31T02:15:00.610597+00:00,ID,Indonesia,7,4,aeBWozVfP7M,HILANG BARU TARASO,UCePNzaL0qk2L9dUT9x4Gqbg,Rayola - Topic,10,Music,2026-08-29T17:03:05Z,PT6M22S,70755,1239,67,https://i.ytimg.com/vi/aeBWozVfP7M/maxresdefault.jpg,1
2026-08-31T02:15:00.610597+00:00,ID,Indonesia,8,3,JL9G_9Kzdv4,Latinos react to Indonesian Movie Trailers for the first time,UCPAz3hWHiBC-c1x4K0-atsg,Waleska Herrera,10,Music,2026-08-29T12:25:59Z,PT16M1S,92766,2590,227,https://i.ytimg.com/vi/JL9G_9Kzdv4/maxresdefault.jpg,1
2026-08-31T02:15:00.610597+00:00,ID,Indonesia,9,2,EsaJ2PGofhE,MPL AE VS TLID + PMPL FINAL AKANKAH ALTERCHAMPS FULL SENYUM 😱😱😱,UCc4kYu3MRo2a_H7GFZAqQ6w,CEOKOPAT ALTER EGO,20,Gaming,2026-08-30T15:38:21Z,PT2H22M19S,787410,10540,33,https://i.ytimg.com/vi/EsaJ2PGofhE/maxresdefault.jpg,1
2026-08-31T02:15:00.610597+00:00,ID,Indonesia,10,1,GE596p8vbHg,Lagu Santai Viral Tiktok 2026 — Lagu Pop Indonesia Terbaru 2026 | Top Hits Indonesia 2026,UCkehoNWXGlKbW4byOy63ylA,Sudut Relaksasi,22,People & Blogs,2026-08-29T00:00:20Z,PT1H41M20S,264713,456,11,https://i.ytimg.com/vi/GE596p8vbHg/maxresdefault.jpg,1
2026-08-31T02:15:00.610597+00:00,IQ,Iraq,1,10,tpTGyS1j1sE,نصرت البدر & وليد الهاجري – أمي خيمة | Nasrat Al Badr & Waleed Al Hajri – Ummi Khaima #حصريا 2026,UCG9NsIXjajFP_TNkidggUjw,ستوديوهات نصرت البدر,10,Music,2026-08-30T17:00:06Z,PT3M32S,14768,851,147,https://i.ytimg.com/vi/tpTGyS1j1sE/maxresdefault.jpg,1
2026-08-31T02:15:00.610597+00:00,IQ,Iraq,2,9,UQUNK23w1NE,MAGNET + SEA 1 TRAILER UPDATE REACTION | GET IN HERE!!,UCM54DMduUCssyI_pLxg64Mg,Uzoth,20,Gaming,2026-08-30T02:43:05Z,PT1H9M51S,244233,6042,407,https://i.ytimg.com/vi/UQUNK23w1NE/maxresdefault.jpg,7
2026-08-31T02:15:00.610597+00:00,IQ,Iraq,3,8,OtZ-PCOfllk,سيارات جيجي ضد سيارات رانيا في ماين كرافت !,UC4wY9WpqrY-5g2ZGYP6_XxA,مستر جيجي Mr GG,20,Gaming,2026-08-30T09:00:05Z,PT22M45S,328431,5715,537,https://i.ytimg.com/vi/OtZ-PCOfllk/maxresdefault.jpg,1
2026-08-31T02:15:00.610597+00:00,IQ,Iraq,4,7,MBvI4iUpo5A,Kadim Al Sahir - Hello Hayati (Official Lyric Video) / كاظم الساهر - هلو حياتي,UCU-PNFiD-ro6F6kXhnE5IAg,Kadim Al Sahir,10,Music,2026-08-27T16:40:06Z,PT2M55S,303805,10300,1013,https://i.ytimg.com/vi/MBvI4iUpo5A/maxresdefault.jpg,1
2026-08-31T02:15:00.610597+00:00,IQ,Iraq,5,6,ufeC6ZXbIIM,ماين كرافت ولكن الاشجار صناديق !!؟,UC3CFqU4KlktVPPJ1Km87pRg,مصطفى GAME OVER,20,Gaming,2026-08-30T10:00:13Z,PT30M44S,307651,21843,1356,https://i.ytimg.com/vi/ufeC6ZXbIIM/maxresdefault.jpg,1
2026-08-31T02:15:00.610597+00:00,IQ,Iraq,6,5,_Zr3teCNikQ,J-FirE Night 2026 - ميدلي 1- ليلة جي فاير,UCKodfIia1ldlvA57SeO0eVw,J-FirE | جي فاير,10,Music,2026-08-29T17:21:31Z,PT16M11S,23846,1117,134,https://i.ytimg.com/vi/_Zr3teCNikQ/maxresdefault.jpg,1
2026-08-31T02:15:00.610597+00:00,IQ,Iraq,7,4,iZiWqgfeT2o,ماين كرافت حميد جاب العيد و حرق البيت كله وصارت كارثه !!؟😨😱,UCCy23PzIjfKpimDGPtk2ONg,عليشكو Alishko,20,Gaming,2026-08-30T15:15:33Z,PT20M56S,92962,1908,282,https://i.ytimg.com/vi/iZiWqgfeT2o/maxresdefault.jpg,1
2026-08-31T02:15:00.610597+00:00,IQ,Iraq,8,3,s466YCiHfKw,JENNIE - FALLEN ANGEL (Official Video),UCN9_L9lA9kqJbGANLRus_1A,JennieRubyJaneVEVO,10,Music,2026-08-28T04:00:19Z,PT5M43S,13544483,951232,65065,https://i.ytimg.com/vi/s466YCiHfKw/maxresdefault.jpg,12
2026-08-31T02:15:00.610597+00:00,IQ,Iraq,9,2,aIvgA68Aipk,عدت من الصفر في ماب الكيبورد 😢💔,UCOMwpjGPUrGGUS2Diq6UmVw,El Husamo X,20,Gaming,2026-08-30T16:31:53Z,PT9M4S,396765,9802,823,https://i.ytimg.com/vi/aIvgA68Aipk/maxresdefault.jpg,8
2026-08-31T02:15:00.610597+00:00,IQ,Iraq,10,1,NhwKKQ0GcFA,حمزة المحمداوي - انا حبيبك - (حصـــــرياً) | 2026 Hamza al-Mhamadawi - ana habibk,UCJ12OBAB11EDvf9iUg9ih0Q,Hamza Almahmdwi - حمزة المحمداوي,10,Music,2026-08-27T15:00:11Z,PT4M12S,756760,10430,490,https://i.ytimg.com/vi/NhwKKQ0GcFA/maxresdefault.jpg,2
2026-08-31T02:15:00.610597+00:00,IE,Ireland,1,10,is8UDe2PhKQ,KATSEYE (캣츠아이) 'Hootie Frutti' Official MV,UC3IZKseVpdzPSBaWxBxundA,HYBE LABELS,10,Music,2026-08-14T03:59:06Z,PT2M34S,58921333,982856,197828,https://i.ytimg.com/vi/is8UDe2PhKQ/maxresdefault.jpg,15
2026-08-31T02:15:00.610597+00:00,IE,Ireland,2,9,6t7C4qaHihE,Ali G: Who Iz I? | Official Trailer,UCf5CjDJvsFvtVIhkfmKAwAA,Amazon MGM Studios,24,Entertainment,2026-08-25T13:00:10Z,PT2M11S,8080641,28883,2552,https://i.ytimg.com/vi/6t7C4qaHihE/maxresdefault.jpg,6
2026-08-31T02:15:00.610597+00:00,IE,Ireland,3,8,wSm9GTUttBs,GTA 6 (Grand Theft Auto 6) - Official Extended Gameplay,UCKy1dAqELo0zrOtPkf0eTMw,IGN,20,Gaming,2026-08-28T01:28:32Z,PT26M49S,5822740,97416,10813,https://i.ytimg.com/vi/wSm9GTUttBs/maxresdefault.jpg,4
2026-08-31T02:15:00.610597+00:00,IE,Ireland,4,7,JqFzhcWo3EU,Yeshanagula | The Paradise | Nani | Keerthy Suresh | Anirudh Ravichander | Srikanth Odela,UC68nKdrLbLL0Vj7ilVkLmmg,Saregama Telugu,10,Music,2026-08-29T09:43:07Z,PT3M12S,33591008,451092,10577,https://i.ytimg.com/vi/JqFzhcWo3EU/maxresdefault.jpg,15
2026-08-31T02:15:00.610597+00:00,IE,Ireland,5,6,L2NAh3CIdig,Avengers Endgame: Encore | Official Trailer | In Theaters Sep 25,UCvC4D8onUfXzvjTOM-dBfEA,Marvel Entertainment,24,Entertainment,2026-08-25T16:00:01Z,PT1M37S,13723396,319458,17219,https://i.ytimg.com/vi/L2NAh3CIdig/maxresdefault.jpg,29
2026-08-31T02:15:00.610597+00:00,IE,Ireland,6,5,Zv-kc-FukXk,THE FUNNIEST GAME OF 2026,UCYzPXprvl5Y-Sf0g4vX-m6g,jacksepticeye,20,Gaming,2026-08-29T17:00:00Z,PT3H21M10S,1259535,27035,1113,https://i.ytimg.com/vi/Zv-kc-FukXk/maxresdefault.jpg,2
2026-08-31T02:15:00.610597+00:00,IE,Ireland,7,4,cR4EQ_dI1BM,Miley Cyrus & Dolly Parton Perform “Wrecking Ball” / “I Will Always Love You” | Full Performance,UCtwQvkMG2Ksbe2HhB1WJlOg,Cover Nation,10,Music,2026-08-25T19:37:29Z,PT6M10S,3160186,47425,1479,https://i.ytimg.com/vi/cR4EQ_dI1BM/maxresdefault.jpg,2
2026-08-31T02:15:00.610597+00:00,IE,Ireland,8,3,IGk17XQ7IrQ,The Witcher 3: Wild Hunt — Remastered | Official Announcement Trailer,UCzybXLxv08IApdjdN0mJhEg,The Witcher,20,Gaming,2026-08-25T19:59:52Z,PT1M46S,4211127,203466,16372,https://i.ytimg.com/vi/IGk17XQ7IrQ/maxresdefault.jpg,28
2026-08-31T02:15:00.610597+00:00,IE,Ireland,9,2,Dy06SXknr_g,World's Largest Minecraft Build!,UCIPPMRA040LQr5QPyJEbmXA,MrBeast Gaming,20,Gaming,2026-08-29T16:00:00Z,PT24M59S,20329039,400436,13676,https://i.ytimg.com/vi/Dy06SXknr_g/maxresdefault.jpg,40
2026-08-31T02:15:00.610597+00:00,IE,Ireland,10,1,_9jaJtmraXA,Taylor Swift Performance - The Icon Sessions at the Grammy Museum,UCqECaJ8Gagnn7YCbPEzWH6g,Taylor Swift,10,Music,2026-08-24T23:02:12Z,PT7M51S,3805595,235075,14641,https://i.ytimg.com/vi/_9jaJtmraXA/maxresdefault.jpg,1
2026-08-31T02:15:00.610597+00:00,IL,Israel,1,10,wyFfiEwpgtI,אושר כהן - דאון,UCEvY_JhVK0Z32GAo6uG-_YA,Osher Cohen Music,10,Music,2026-08-20T09:00:12Z,PT3M9S,517083,2770,130,https://i.ytimg.com/vi/wyFfiEwpgtI/maxresdefault.jpg,1
2026-08-31T02:15:00.610597+00:00,IL,Israel,2,9,L2NAh3CIdig,Avengers Endgame: Encore | Official Trailer | In Theaters Sep 25,UCvC4D8onUfXzvjTOM-dBfEA,Marvel Entertainment,24,Entertainment,2026-08-25T16:00:01Z,PT1M37S,13723396,319458,17219,https://i.ytimg.com/vi/L2NAh3CIdig/maxresdefault.jpg,29
2026-08-31T02:15:00.610597+00:00,IL,Israel,3,8,qhvPlcwJUvk,A New Way to Collect Brawlers! - Brawl Talk,UCooVYzDxdwTtGYAkcPmOgOw,Brawl Stars,20,Gaming,2026-08-29T15:00:06Z,PT12M51S,6239828,219502,14330,https://i.ytimg.com/vi/qhvPlcwJUvk/maxresdefault.jpg,27
2026-08-31T02:15:00.610597+00:00,IL,Israel,4,7,TYyrguW13ls,שיר הנושא - TOP SECRET פסטיגל,UCKs_S8Uo5rLCNhlSanFpfFQ,פסטיגל - הערוץ הרשמי,10,Music,2026-08-27T10:00:21Z,PT3M46S,378670,4296,616,https://i.ytimg.com/vi/TYyrguW13ls/maxresdefault.jpg,1
2026-08-31T02:15:00.610597+00:00,IL,Israel,5,6,IGk17XQ7IrQ,The Witcher 3: Wild Hunt — Remastered | Official Announcement Trailer,UCzybXLxv08IApdjdN0mJhEg,The Witcher,20,Gaming,2026-08-25T19:59:52Z,PT1M46S,4211127,203466,16372,https://i.ytimg.com/vi/IGk17XQ7IrQ/maxresdefault.jpg,28
2026-08-31T02:15:00.610597+00:00,IL,Israel,6,5,HHlG85qTaGE,פגשנו את המפלצת ששומרת על כוכב החייזרים! (סאבנאוטיקה פרק 3),UCuI8IbX02BxOou3ixN8BxXg,Inde Game,20,Gaming,2026-08-25T10:20:23Z,PT14M56S,168554,5943,373,https://i.ytimg.com/vi/HHlG85qTaGE/maxresdefault.jpg,1
2026-08-31T02:15:00.610597+00:00,IL,Israel,7,4,getnHpYUxoM,"Saint Levant, Mohammed Assaf - MASKARA / مسكرة (Official Video)",UCCzciZk37I_YOOb94rpO62g,Saint Levant ,10,Music,2026-08-21T13:59:34Z,PT3M25S,6066996,82621,5246,https://i.ytimg.com/vi/getnHpYUxoM/maxresdefault.jpg,3
2026-08-31T02:15:00.610597+00:00,IL,Israel,8,3,6t7C4qaHihE,Ali G: Who Iz I? | Official Trailer,UCf5CjDJvsFvtVIhkfmKAwAA,Amazon MGM Studios,24,Entertainment,2026-08-25T13:00:10Z,PT2M11S,8080641,28883,2552,https://i.ytimg.com/vi/6t7C4qaHihE/maxresdefault.jpg,6
2026-08-31T02:15:00.610597+00:00,IL,Israel,9,2,Dy06SXknr_g,World's Largest Minecraft Build!,UCIPPMRA040LQr5QPyJEbmXA,MrBeast Gaming,20,Gaming,2026-08-29T16:00:00Z,PT24M59S,20329039,400436,13676,https://i.ytimg.com/vi/Dy06SXknr_g/maxresdefault.jpg,40
2026-08-31T02:15:00.610597+00:00,IL,Israel,10,1,XbS1I1008iI,"איתי לוי - 02 & בשעות הבודדות (ביצוע לייב מתוך אמפי מקס ראשל""צ)",UCKw5dh0Q1Y_SvsW4nXnLjcg,איתי לוי - הערוץ הרשמי,10,Music,2026-08-24T12:00:14Z,PT7M6S,431791,1169,64,https://i.ytimg.com/vi/XbS1I1008iI/maxresdefault.jpg,1
2026-08-31T02:15:00.610597+00:00,IT,Italy,1,10,BhffgNMbzdY,Dipinto - Boss (Official Video),UC4tH0gkeRq79LZ2vsTaVl6Q,Dipinto,10,Music,2026-08-27T22:00:41Z,PT2M21S,205298,6103,343,https://i.ytimg.com/vi/BhffgNMbzdY/maxresdefault.jpg,1
2026-08-31T02:15:00.610597+00:00,IT,Italy,2,9,MxEWQdw-ieU,GTA 6: NESSUNO FARÀ MAI PIÙ UN GIOCO COSÌ | ANALISI DEFINITIVA TRAILER,UC6NpRkanSBgQVdPZs_y3aKg,Prodigeek,28,Science & Technology,2026-08-29T12:54:06Z,PT39M32S,152270,4185,781,https://i.ytimg.com/vi/MxEWQdw-ieU/maxresdefault.jpg,1
2026-08-31T02:15:00.610597+00:00,IT,Italy,3,8,zVnbZD2nPa4,HO PROVATO GTA VI 🔥 - VI DICO TUTTO!! + INFO ESCLUSIVE,UCfZFwPGOpbWk0z0Fk7tU6yA,MikeShowSha,20,Gaming,2026-08-29T11:15:10Z,PT26M37S,1162563,65150,3200,https://i.ytimg.com/vi/zVnbZD2nPa4/maxresdefault.jpg,1
2026-08-31T02:15:00.610597+00:00,IT,Italy,4,7,rSiBJ4JRTv4,"Alfa, Gigi D'Alessio - Genova e Napoli (Official Video)",UCiXdQ-2WtB4FHif-zSqKGJg,AlfaOfficialVEVO,10,Music,2026-08-28T12:00:29Z,PT3M1S,223176,5167,292,https://i.ytimg.com/vi/rSiBJ4JRTv4/maxresdefault.jpg,1
2026-08-31T02:15:00.610597+00:00,IT,Italy,5,6,i9iM3i7yXXQ,REACTION al TRAILER 3 di GTA6!!! [GTA VI],UCS9XewfATIeVih6OQXrrSbw,ZanoRewind,20,Gaming,2026-08-28T14:30:21Z,PT33M29S,215391,5721,99,https://i.ytimg.com/vi/i9iM3i7yXXQ/maxresdefault.jpg,1
2026-08-31T02:15:00.610597+00:00,IT,Italy,6,5,qhvPlcwJUvk,A New Way to Collect Brawlers! - Brawl Talk,UCooVYzDxdwTtGYAkcPmOgOw,Brawl Stars,20,Gaming,2026-08-29T15:00:06Z,PT12M51S,6239828,219502,14330,https://i.ytimg.com/vi/qhvPlcwJUvk/maxresdefault.jpg,27
2026-08-31T02:15:00.610597+00:00,IT,Italy,7,4,QlW9PEbs0bw,Shiva - Bugie (Audio),UC4G1i2ZO5z6p5vBGcHM6PaQ,SHIVA,10,Music,2026-08-26T23:00:33Z,PT3M14S,548498,30406,4093,https://i.ytimg.com/vi/QlW9PEbs0bw/maxresdefault.jpg,1
2026-08-31T02:15:00.610597+00:00,IT,Italy,8,3,ZD-noY4fTnA,Nord Sud Ovest Est - la leggendaria storia degli 883 | Trailer Ufficiale | Sky Italia,UCg9aAI2ueYPFemOhzXR447g,Sky,24,Entertainment,2026-08-28T09:30:12Z,PT2M22S,168659,0,94,https://i.ytimg.com/vi/ZD-noY4fTnA/maxresdefault.jpg,1
2026-08-31T02:15:00.610597+00:00,IT,Italy,9,2,_T_RMCRVWgI,🌴🔥 KEYSTAR SUMMER CUP 👑💸 300.000 V-BUCKS IN PALIO ☀️🏆,UCoiEl1WdRxJtFyMTiXdrZ8g,KeyStar,20,Gaming,2026-08-30T18:25:10Z,PT3H25M55S,67860,3218,41,https://i.ytimg.com/vi/_T_RMCRVWgI/maxresdefault.jpg,1
2026-08-31T02:15:00.610597+00:00,IT,Italy,10,1,6TCmgGQ5Qz8,"Le-one, Higashi - RAFFAELLA FICO (Testo/Lyrics)",UCNebTdN12icoUh-WMPbIrzw,Italian Chaos,10,Music,2026-08-27T15:00:39Z,PT2M13S,61895,101,1,https://i.ytimg.com/vi/6TCmgGQ5Qz8/maxresdefault.jpg,1
2026-08-31T02:15:00.610597+00:00,JM,Jamaica,1,10,T1l40QqoBj4,Masicka - Honor Roll (Audio) ft. Kraff Gad,UCBeL1lBrQlII6stNPpsXq8g,MasickagenahsydeVEVO,10,Music,2026-08-14T04:00:12Z,PT3M12S,2106089,34509,2151,https://i.ytimg.com/vi/T1l40QqoBj4/maxresdefault.jpg,1
2026-08-31T02:15:00.610597+00:00,JM,Jamaica,2,9,UQUNK23w1NE,MAGNET + SEA 1 TRAILER UPDATE REACTION | GET IN HERE!!,UCM54DMduUCssyI_pLxg64Mg,Uzoth,20,Gaming,2026-08-30T02:43:05Z,PT1H9M51S,244233,6042,407,https://i.ytimg.com/vi/UQUNK23w1NE/maxresdefault.jpg,7
2026-08-31T02:15:00.610597+00:00,JM,Jamaica,3,8,kmAaRk53VZ0,Techy Survives 100 Days inside Block in Minecraft…,UCVJySEgGPUCnSCrtAmWiKcw,TechyCraft,20,Gaming,2026-08-30T12:00:10Z,PT17M26S,346647,6075,618,https://i.ytimg.com/vi/kmAaRk53VZ0/maxresdefault.jpg,1
2026-08-31T02:15:00.610597+00:00,JM,Jamaica,4,7,Bqdge2sp8Ec,Rytikal - One Comment (Official Audio),UCxnQDP0cJbhX96JL61h1h9Q,RytikalVEVO,10,Music,2026-08-26T00:00:39Z,PT2M36S,193641,12795,1774,https://i.ytimg.com/vi/Bqdge2sp8Ec/maxresdefault.jpg,1
2026-08-31T02:15:00.610597+00:00,JM,Jamaica,5,6,X1aFkAkFASk,Avengers: Doomsday | Special Look | In Theaters December 18,UCvC4D8onUfXzvjTOM-dBfEA,Marvel Entertainment,24,Entertainment,2026-08-15T04:06:21Z,PT2M10S,36887790,1343093,59863,https://i.ytimg.com/vi/X1aFkAkFASk/maxresdefault.jpg,22
2026-08-31T02:15:00.610597+00:00,JM,Jamaica,6,5,pVm-0kQiFxk,I Became BEN-10 in Minecraft!,UC0eLBYhxW9HC0P9PXQ73mpQ,Cash,24,Entertainment,2026-08-30T15:00:19Z,PT20M36S,616337,7877,1374,https://i.ytimg.com/vi/pVm-0kQiFxk/maxresdefault.jpg,8
2026-08-31T02:15:00.610597+00:00,JM,Jamaica,7,4,XmW4u2gyMa8,"Intence, Armzhouse - Gun Mouth (official audio) - sillibeng diss",UC4L9nWU5oQo4BrnoHW96ziQ,IntenceVEVO,10,Music,2026-08-22T05:00:19Z,PT3M5S,489241,21045,2867,https://i.ytimg.com/vi/XmW4u2gyMa8/maxresdefault.jpg,1
2026-08-31T02:15:00.610597+00:00,JM,Jamaica,8,3,GhkLHVbXJ3k,WICKED BABY MOTHER TRAILER,UCX6AhB7QdBQAUmRGUh99nLg,RICHARD BROWN FILMS ,1,Film & Animation,2026-08-24T20:47:21Z,PT1M55S,10298,301,31,https://i.ytimg.com/vi/GhkLHVbXJ3k/maxresdefault.jpg,1
2026-08-31T02:15:00.610597+00:00,JM,Jamaica,9,2,J5-h8ut1iQ4,We Became RUNAWAY CRIMINALS in Roblox...,UCoRjsuzMh-MqfRjvlqaVLPw,Techys,20,Gaming,2026-08-30T15:00:22Z,PT12M56S,253142,6281,592,https://i.ytimg.com/vi/J5-h8ut1iQ4/maxresdefault.jpg,1
2026-08-31T02:15:00.610597+00:00,JM,Jamaica,10,1,si9g-ijs-hM,Skillibeng - Big Glock (Official Audio),UCefBhh70GxGOi89otNmji_Q,Skillibeng,10,Music,2026-08-28T18:14:46Z,PT3M22S,193426,10720,2228,https://i.ytimg.com/vi/si9g-ijs-hM/maxresdefault.jpg,1
2026-08-31T02:15:00.610597+00:00,JP,Japan,1,10,57V50MOYeno,KEY TO LIT【Never Fade Love】Arena Tour 2026 NEO CLASSICSより,UC1cHlPIE-kqiPvpyYz2O8rQ,ジュニアCHANNEL,24,Entertainment,2026-08-30T11:00:08Z,PT3M19S,477717,24888,14238,https://i.ytimg.com/vi/57V50MOYeno/maxresdefault.jpg,1
2026-08-31T02:15:00.610597+00:00,JP,Japan,2,9,ydmOU6gOi3k,劇場アニメ「青春ブタ野郎はディアフレンドの夢を見ない」本予告第2弾｜2026年10月16日（金）公開,UC14QT5j2nQI8lKBCGtrrBQA,アニプレックス チャンネル,1,Film & Animation,2026-08-30T11:40:14Z,PT1M35S,170482,4155,207,https://i.ytimg.com/vi/ydmOU6gOi3k/maxresdefault.jpg,1
2026-08-31T02:15:00.610597+00:00,JP,Japan,3,8,36BSSfEkQr4,【＃ホロぷよテト大会】ホロライブぷよテト大会2026！！！！！！！！！！！！！！【ぷよテト2】,UC1DCedRgGHBdm81E1llLhOQ,Pekora Ch. 兎田ぺこら,20,Gaming,2026-08-30T14:20:30Z,PT3H13M46S,1736403,43830,598,https://i.ytimg.com/vi/36BSSfEkQr4/maxresdefault.jpg,1
2026-08-31T02:15:00.610597+00:00,JP,Japan,4,7,nPpMou3jno4,点描の唄  / 戌亥とこ × 甲斐田晴 (cover) 【歌ってみた】,UCo2N7C-Z91waaR6lF3LL_jw,甲斐田 晴 / Kaida Haru【にじさんじ】,10,Music,2026-08-30T13:00:07Z,PT5M6S,167093,15661,562,https://i.ytimg.com/vi/nPpMou3jno4/maxresdefault.jpg,1
2026-08-31T02:15:00.610597+00:00,JP,Japan,5,6,VNH1D459lK0,【4人実況】2ヶ月で2000万本を売り上げた大傑作かくれんぼゲーム『 めっちゃカメレオン 』,UCMJiPpN_09F0aWpQrgbc_qg,キヨ。,20,Gaming,2026-08-30T08:30:03Z,PT1H5M50S,997098,19038,1301,https://i.ytimg.com/vi/VNH1D459lK0/maxresdefault.jpg,1
2026-08-31T02:15:00.610597+00:00,JP,Japan,6,5,5SFOoNLdlng,So Honey,UCT2KTDPq2Ljl46dONsUva6w,King & Prince - Topic,10,Music,2026-08-30T15:00:27Z,PT3M7S,27844,3259,206,https://i.ytimg.com/vi/5SFOoNLdlng/maxresdefault.jpg,1
2026-08-31T02:15:00.610597+00:00,JP,Japan,7,4,HbUl54_z7pA,「CAPCOM Pro Tour 2026 ワールドウォリアー」日本大会 #3 ゲスト：鈴木ノリアキ,UCu2Fxqf37DAZ0ZhIsd1FZwA,Capcom Fighters JP,20,Gaming,2026-08-30T12:23:04Z,PT4H52M29S,1069086,4623,40,https://i.ytimg.com/vi/HbUl54_z7pA/maxresdefault.jpg,1
2026-08-31T02:15:00.610597+00:00,JP,Japan,8,3,QC-E3Vh50v4,GUM & DROP,UCrzT1p8gn0hQTBeMA6e2YiA,Hoshimachi Suisei - Topic,10,Music,2026-08-30T15:04:47Z,PT2M52S,21045,1865,89,https://i.ytimg.com/vi/QC-E3Vh50v4/maxresdefault.jpg,1
2026-08-31T02:15:00.610597+00:00,JP,Japan,9,2,XU94sRimSdc,にじさんじ甲子園2026 エキシビション【 #にじ甲2026 】,UCX7YkU9nEeaoZbkVLVajcMg,にじさんじ,20,Gaming,2026-08-30T12:30:43Z,PT4H17M22S,1274899,19274,285,https://i.ytimg.com/vi/XU94sRimSdc/maxresdefault.jpg,1
2026-08-31T02:15:00.610597+00:00,JP,Japan,10,1,H87dEasUmSM,【LIVE映像】ひたむきシンデレラ！📍日本武道館【CUTIE STREET】,UCEz-AFAg3EUKsxraad1puQA,CUTIE STREET,10,Music,2026-08-30T11:30:32Z,PT3M57S,73582,3115,197,https://i.ytimg.com/vi/H87dEasUmSM/maxresdefault.jpg,1
2026-08-31T02:15:00.610597+00:00,JO,Jordan,1,10,bsR9JHkfUz4,Nassif Zeytoun - Ya Gharami [Official Video] (2026) / ناصيف زيتون - يا غرامي,UCO4AjeljgqgiowEf2yfvYHg,Nassif Zeytoun,10,Music,2026-08-27T13:00:07Z,PT3M16S,764252,13969,1136,https://i.ytimg.com/vi/bsR9JHkfUz4/maxresdefault.jpg,2
2026-08-31T02:15:00.610597+00:00,JO,Jordan,2,9,L2NAh3CIdig,Avengers Endgame: Encore | Official Trailer | In Theaters Sep 25,UCvC4D8onUfXzvjTOM-dBfEA,Marvel Entertainment,24,Entertainment,2026-08-25T16:00:01Z,PT1M37S,13723396,319458,17219,https://i.ytimg.com/vi/L2NAh3CIdig/maxresdefault.jpg,29
2026-08-31T02:15:00.610597+00:00,JO,Jordan,3,8,aIvgA68Aipk,عدت من الصفر في ماب الكيبورد 😢💔,UCOMwpjGPUrGGUS2Diq6UmVw,El Husamo X,20,Gaming,2026-08-30T16:31:53Z,PT9M4S,396765,9802,823,https://i.ytimg.com/vi/aIvgA68Aipk/maxresdefault.jpg,8
2026-08-31T02:15:00.610597+00:00,JO,Jordan,4,7,7DUTLxFjLGM,Haifa Wehbe - Nogha (Official Music Video) هيفاء وهبي - نوغا,UCUpLrHLtpJKplgkR__bZfMw,Haifa Wehbe,10,Music,2026-08-27T17:00:06Z,PT2M52S,948180,15993,2550,https://i.ytimg.com/vi/7DUTLxFjLGM/maxresdefault.jpg,3
2026-08-31T02:15:00.610597+00:00,JO,Jordan,5,6,rdGBaGNJCLU,فلم قراند : الجميع سوف يدعس زعرور النملة العملاق في ثانية واحدة ( كركور يضرب ) ؟؟🔥😂,UCQkLgXGjPbIrrNtT8ZtHOmg,Ahmad GTA Family - عائلة احمد قراند ,22,People & Blogs,2026-08-30T12:29:44Z,PT18M30S,177148,2685,72,https://i.ytimg.com/vi/rdGBaGNJCLU/maxresdefault.jpg,3
2026-08-31T02:15:00.610597+00:00,JO,Jordan,6,5,W99-YiXR80M,Sherine❤Amazing Songs🎶 شيرين❣ملكة الإحساس🧡وأحلى ساعة🕓أغاني🎧رايقـة,UCVvXeFdKRelYvWy0dWLg6-w,Rawa2an Music - روقان ميوزك,22,People & Blogs,2026-08-09T14:00:10Z,PT1H7M59S,307252,1037,36,https://i.ytimg.com/vi/W99-YiXR80M/maxresdefault.jpg,1
2026-08-31T02:15:00.610597+00:00,JO,Jordan,7,4,rY11SrpAd7c,ختمت العالم الخامس الجديد في ماب الكيبورد 🤫 !!,UC5tmp5TQQpI1WicemM2t_IA,ماهر المغامر - Maher Roblox,20,Gaming,2026-08-30T11:09:32Z,PT15M41S,304473,12094,2036,https://i.ytimg.com/vi/rY11SrpAd7c/maxresdefault.jpg,3
2026-08-31T02:15:00.610597+00:00,JO,Jordan,8,3,3xezU7Y37KM,أيسل خالد -  إحنا البنات [2026] | Aysel Khaled - Ehna El Banat,UCK1bU28MPuESq2uh5FJfJtw,Aysel Khaled,10,Music,2026-08-27T12:00:06Z,PT2M12S,1463955,30772,3661,https://i.ytimg.com/vi/3xezU7Y37KM/maxresdefault.jpg,3
2026-08-31T02:15:00.610597+00:00,JO,Jordan,9,2,xahPPz27MYk,100 زر بس واحد صح! 😱,UCBFnkaNDi57OD6O8Z4cFPXA,El Husamo,20,Gaming,2026-08-30T12:36:13Z,PT19M32S,207016,6690,677,https://i.ytimg.com/vi/xahPPz27MYk/maxresdefault.jpg,3
2026-08-31T02:15:00.610597+00:00,JO,Jordan,10,1,s466YCiHfKw,JENNIE - FALLEN ANGEL (Official Video),UCN9_L9lA9kqJbGANLRus_1A,JennieRubyJaneVEVO,10,Music,2026-08-28T04:00:19Z,PT5M43S,13544483,951234,65065,https://i.ytimg.com/vi/s466YCiHfKw/maxresdefault.jpg,12
2026-08-31T02:15:00.610597+00:00,KZ,Kazakhstan,1,10,vSA7yMrTETg,Xamdam Sobirov - Peshta / Хамдам Собиров - Пешта / Video Klip,UCSzq9nfCAs5WS3S9UED4EBA,Xamdam Sobirov,10,Music,2026-08-15T14:00:06Z,PT3M1S,32575612,105084,6630,https://i.ytimg.com/vi/vSA7yMrTETg/maxresdefault.jpg,1
2026-08-31T02:15:00.610597+00:00,KZ,Kazakhstan,2,9,hHe4E6yCCHA,БАЖА 3 | Ресми трейлер | 28.08.2026 | Сериал Бажа 3-сезон премьера,UCY3tVpFJ_MKcts8_kO-qWwg,Marat Oralgazin,24,Entertainment,2026-08-25T13:01:52Z,PT2M28S,394327,5637,909,https://i.ytimg.com/vi/hHe4E6yCCHA/maxresdefault.jpg,1
2026-08-31T02:15:00.610597+00:00,KZ,Kazakhstan,3,8,lnUVx_njclk,24 САҒАТ БАЙТЕРЕКТЕ ҚАРЫНДАСЫМ ЕКЕУМІЗ ҚАЛЫП ҚОЙДЫҚ | Брукхейвен рп,UCoAoIFeGKRPvvzIJpwykrsA,Аянчик,20,Gaming,2026-08-28T07:00:01Z,PT22M35S,253492,3316,207,https://i.ytimg.com/vi/lnUVx_njclk/maxresdefault.jpg,1
2026-08-31T02:15:00.610597+00:00,KZ,Kazakhstan,4,7,cpG4BOfoTwg,Жасырын кездесу,UCeQiT3CC9Tfb6aN2IVDXMEw,Adilet Zhaugashar - Topic,10,Music,2026-08-17T10:00:18Z,PT3M10S,822773,3048,50,https://i.ytimg.com/vi/cpG4BOfoTwg/maxresdefault.jpg,1
2026-08-31T02:15:00.610597+00:00,KZ,Kazakhstan,5,6,VKt4J3aiIAU,ГЕЙМПЛЕЙ GTA 6 ВЫШЕЛ! РЕАКЦИЯ НА НОВЫЙ ТРЕЙЛЕР ГЕЙМПЛЕЯ ГТА 6,UCpDzpaUTbIkdjkCZ9pmfMrA,Coffi Channel,20,Gaming,2026-08-27T23:14:40Z,PT30M59S,385356,11136,814,https://i.ytimg.com/vi/VKt4J3aiIAU/maxresdefault.jpg,3
2026-08-31T02:15:00.610597+00:00,KZ,Kazakhstan,6,5,2F2BlB4lras,ДЖОКЕР және ТАКСИСТ ☀ Мектеп оқиғасы,UCxew9EWMbIZRWP7Vag8Vb0A,SEGA KZ,20,Gaming,2026-08-26T12:09:07Z,PT14M18S,295783,21391,3853,https://i.ytimg.com/vi/2F2BlB4lras/maxresdefault.jpg,1
2026-08-31T02:15:00.610597+00:00,KZ,Kazakhstan,7,4,n_yHxR9iVCk,Abzal Uteshov - Кездесіп қалайық (OST - 38. Соңғы нүкте),UC5SNxKWzX6GTLOy4GnrFlOA,Abzal Uteshov,10,Music,2026-08-27T14:00:06Z,PT3M15S,218301,3211,162,https://i.ytimg.com/vi/n_yHxR9iVCk/maxresdefault.jpg,1
2026-08-31T02:15:00.610597+00:00,KZ,Kazakhstan,8,3,7SC1LxTA-ro,МЕН ДИНОЗАВРДЫҢ ЖҰМЫРТҚАСЫН ҰРЛАП КЕТТІМ😱 РОБЛОКС,UClh-jUpXfByfF-CBA-HJUfQ,NONIKZ ROBLOX,20,Gaming,2026-08-29T05:00:01Z,PT26M15S,156378,3147,121,https://i.ytimg.com/vi/7SC1LxTA-ro/maxresdefault.jpg,1
2026-08-31T02:15:00.610597+00:00,KZ,Kazakhstan,9,2,hLMnnZrSStM,Ұнайды,UCS-gdj8TfaHG-xzoPJXpAeA,Kairat Nurtas - Topic,10,Music,2026-08-20T15:00:13Z,PT2M41S,509489,2019,120,https://i.ytimg.com/vi/hLMnnZrSStM/maxresdefault.jpg,1
2026-08-31T02:15:00.610597+00:00,KZ,Kazakhstan,10,1,rKOZy_0ZhSM,Секрет Драконның Жұмыртқасын Ұрлап Кеттім! укради яйцо роблокс,UCQe4axeiQVCSEioqPZ0FFTQ,DOSYMZHAN KZ,20,Gaming,2026-08-29T03:53:16Z,PT20M30S,112978,2735,112,https://i.ytimg.com/vi/rKOZy_0ZhSM/maxresdefault.jpg,1
2026-08-31T02:15:00.610597+00:00,KE,Kenya,1,10,cpbWrHgDd78,"Hongo Ya Karao Vol. II - Toxic Lyrikali, Mauru Gwash & Kapitani (Official Video)",UC7q5EQvi2fJTQvwZRi0QJnw,Toxic Lyrikali,10,Music,2026-08-22T12:30:06Z,PT3M16S,1702382,62528,4314,https://i.ytimg.com/vi/cpbWrHgDd78/maxresdefault.jpg,1
2026-08-31T02:15:00.610597+00:00,KE,Kenya,2,9,L2NAh3CIdig,Avengers Endgame: Encore | Official Trailer | In Theaters Sep 25,UCvC4D8onUfXzvjTOM-dBfEA,Marvel Entertainment,24,Entertainment,2026-08-25T16:00:01Z,PT1M37S,13723396,319458,17219,https://i.ytimg.com/vi/L2NAh3CIdig/maxresdefault.jpg,29
2026-08-31T02:15:00.610597+00:00,KE,Kenya,3,8,ZmT0ITUGUII,Mikey and JJ Choose the Right Hole in Minecraft,UCJHBJ7F-nAIlMGolm0Hu4vg,Maizen,20,Gaming,2026-08-29T04:49:16Z,PT28M5S,954930,5842,797,https://i.ytimg.com/vi/ZmT0ITUGUII/maxresdefault.jpg,2
2026-08-31T02:15:00.610597+00:00,KE,Kenya,4,7,VZ1b6gF8DsU,Mejja - Mboka [Official Video],UCuRGQqKKdPOSPB0XG5VNk5g,Mejja Genge,10,Music,2026-08-12T11:00:06Z,PT3M22S,2378347,44049,1458,https://i.ytimg.com/vi/VZ1b6gF8DsU/maxresdefault.jpg,1
2026-08-31T02:15:00.610597+00:00,KE,Kenya,5,6,pVm-0kQiFxk,I Became BEN-10 in Minecraft!,UC0eLBYhxW9HC0P9PXQ73mpQ,Cash,24,Entertainment,2026-08-30T15:00:19Z,PT20M36S,616337,7877,1374,https://i.ytimg.com/vi/pVm-0kQiFxk/maxresdefault.jpg,8
2026-08-31T02:15:00.610597+00:00,KE,Kenya,6,5,Ch4S_pRnMJo,"Nandy, Mbosso & S2kizzy - Malaika (Official Music Video)",UCuqG1YHwV5wLltChmEvsQPw,Mbosso,10,Music,2026-08-21T07:00:06Z,PT3M26S,1707240,36449,2367,https://i.ytimg.com/vi/Ch4S_pRnMJo/maxresdefault.jpg,2
2026-08-31T02:15:00.610597+00:00,KE,Kenya,7,4,Dy06SXknr_g,World's Largest Minecraft Build!,UCIPPMRA040LQr5QPyJEbmXA,MrBeast Gaming,20,Gaming,2026-08-29T16:00:00Z,PT24M59S,20329039,400436,13676,https://i.ytimg.com/vi/Dy06SXknr_g/maxresdefault.jpg,40
2026-08-31T02:15:00.610597+00:00,KE,Kenya,8,3,sMfvIb6zaeY,ROSE MUHANDO - NJIA ILE (Official Video) SMS SKIZA 69815559 TO 811,UCKNxcv18ljRm0qJdp2DwSKA,Rose Muhando Official,10,Music,2026-08-26T15:00:06Z,PT7M29S,221391,7923,783,https://i.ytimg.com/vi/sMfvIb6zaeY/maxresdefault.jpg,1
2026-08-31T02:15:00.610597+00:00,KE,Kenya,9,2,5pj-gk1eSDQ,Playing Kick A Lucky Block As A Helpful VENOM!,UCJnH5Ph5O1EZhKiKiNgH9IA,Zoomy,20,Gaming,2026-08-29T11:00:31Z,PT22M19S,1412149,9198,163,https://i.ytimg.com/vi/5pj-gk1eSDQ/maxresdefault.jpg,1
2026-08-31T02:15:00.610597+00:00,KE,Kenya,10,1,GIH4nhli-AU,Joshua Baraka - Yoyo (Official Video),UCra5ZDZqHRQgmE4C3Wuz-Zg,Joshua Baraka,10,Music,2026-08-26T08:00:06Z,PT3M16S,1023542,21906,1661,https://i.ytimg.com/vi/GIH4nhli-AU/maxresdefault.jpg,2
2026-08-31T02:15:00.610597+00:00,KW,Kuwait,1,10,JqFzhcWo3EU,Yeshanagula | The Paradise | Nani | Keerthy Suresh | Anirudh Ravichander | Srikanth Odela,UC68nKdrLbLL0Vj7ilVkLmmg,Saregama Telugu,10,Music,2026-08-29T09:43:07Z,PT3M12S,33591008,451092,10577,https://i.ytimg.com/vi/JqFzhcWo3EU/maxresdefault.jpg,15
2026-08-31T02:15:00.610597+00:00,KW,Kuwait,2,9,iOMvWcMo8cA,Immortal - Trailer | GV Prakash | Kayadu Lohar | Sam CS | Mariyappan Chinna | Arunkumar Dhanasekaran,UCLbdVvreihwZRL6kwuEUYsA,Think Music India,1,Film & Animation,2026-08-26T12:33:38Z,PT2M56S,6442746,47239,984,https://i.ytimg.com/vi/iOMvWcMo8cA/maxresdefault.jpg,2
2026-08-31T02:15:00.610597+00:00,KW,Kuwait,3,8,ppVVZYZotmQ,"ربلوكس سرقت بيضة ندرتها 0,00000001% ! Steal an egg",UCayyBWtI1PxJCtieqKUQZnA,اصحاب مازن,20,Gaming,2026-08-30T17:15:11Z,PT20M8S,232514,10978,1003,https://i.ytimg.com/vi/ppVVZYZotmQ/maxresdefault.jpg,3
2026-08-31T02:15:00.610597+00:00,KW,Kuwait,4,7,ug82avU5PHg,الجفراني 2026 - علموه || كلمات شامان القحطاني - رجل الاعمال عبدالعزيز بن سليم التميمي,UCJ3xHL9jkPAfI6gbVw7COTg,الجفراني - جابر بن هضبان | Al Jafrani,10,Music,2026-08-24T16:13:11Z,PT5M27S,317007,4312,23,https://i.ytimg.com/vi/ug82avU5PHg/maxresdefault.jpg,1
2026-08-31T02:15:00.610597+00:00,KW,Kuwait,5,6,Bm5S7ZKk6K8,"Haiwaan - Official Trailer | Akshay Kumar, Saif Ali Khan, Boman, Shriya, Saiyami | Priyadarshan",UCFFbwnve3yF62-tVXkTyHqg,Zee Music Company,24,Entertainment,2026-08-25T07:00:04Z,PT2M35S,18224177,161648,11222,https://i.ytimg.com/vi/Bm5S7ZKk6K8/maxresdefault.jpg,7
2026-08-31T02:15:00.610597+00:00,KW,Kuwait,6,5,aIvgA68Aipk,عدت من الصفر في ماب الكيبورد 😢💔,UCOMwpjGPUrGGUS2Diq6UmVw,El Husamo X,20,Gaming,2026-08-30T16:31:53Z,PT9M4S,396765,9802,823,https://i.ytimg.com/vi/aIvgA68Aipk/maxresdefault.jpg,8
2026-08-31T02:15:00.610597+00:00,KW,Kuwait,7,4,rs0gQ-3hbPQ,Muthumani Music Video - DOROTHY | Maestro Ilaiyaraaja | Karthik Subbaraj,UCn4rEMqKtwBQ6-oEwbd4PcA,Sony Music South,10,Music,2026-08-29T06:32:03Z,PT5M24S,2766797,55854,5540,https://i.ytimg.com/vi/rs0gQ-3hbPQ/maxresdefault.jpg,5
2026-08-31T02:15:00.610597+00:00,KW,Kuwait,8,3,1wLNzcrGrVw,"Gunmaaster G9 Teaser | Emraan, Genelia, Aparshakti | Aditya Datt | Himesh | Deepak M | 27 Nov 2026",UC_Qan_w2z9EVG-NS0f2g6XQ,Soham Rockstar Entertainment,1,Film & Animation,2026-08-25T05:41:06Z,PT1M23S,13543865,93562,9473,https://i.ytimg.com/vi/1wLNzcrGrVw/maxresdefault.jpg,3
2026-08-31T02:15:00.610597+00:00,KW,Kuwait,9,2,32VhjW36B5w,جبت اعلى ليفل بالعالم الجديد ودخلت التوب في ماب الكيبورد,UCyV4KQhKGIprrZrSMVKwO5Q,N9wf-نصوف,20,Gaming,2026-08-30T10:00:24Z,PT23M32S,220843,3776,216,https://i.ytimg.com/vi/32VhjW36B5w/maxresdefault.jpg,2
2026-08-31T02:15:00.610597+00:00,KW,Kuwait,10,1,NhwKKQ0GcFA,حمزة المحمداوي - انا حبيبك - (حصـــــرياً) | 2026 Hamza al-Mhamadawi - ana habibk,UCJ12OBAB11EDvf9iUg9ih0Q,Hamza Almahmdwi - حمزة المحمداوي,10,Music,2026-08-27T15:00:11Z,PT4M12S,756760,10430,490,https://i.ytimg.com/vi/NhwKKQ0GcFA/maxresdefault.jpg,2
2026-08-31T02:15:00.610597+00:00,LA,Laos,1,10,RrWFlqoWIHY,Z9 - ไม่รักดีกว่า (Official Music Video),UCtG4dYsmYm_SkfqUqI89uXg,Z9,10,Music,2026-08-19T12:29:06Z,PT3M26S,8458873,84159,1911,https://i.ytimg.com/vi/RrWFlqoWIHY/maxresdefault.jpg,1
2026-08-31T02:15:00.610597+00:00,LA,Laos,2,9,PNPqobabDiU,“ข่มขลัง” (Khom Khlang The Series) | Official Trailer,UCDi8KLG12RgYufRoGXPs_rQ,Star Hunter Entertainment,24,Entertainment,2026-08-24T11:00:06Z,PT3M46S,360509,13528,665,https://i.ytimg.com/vi/PNPqobabDiU/maxresdefault.jpg,1
2026-08-31T02:15:00.610597+00:00,LA,Laos,3,8,2u0cUtpB-NU,"ขโมยไข่หายากสัตว์ยักษ์ดุร้าย 2,900,000,000 ล้าน!!! | Steal An Egg",UC5zGJZpxeZPFcds5gFcDE7Q,zbing z.,20,Gaming,2026-08-27T10:00:26Z,PT30M3S,778488,7080,446,https://i.ytimg.com/vi/2u0cUtpB-NU/maxresdefault.jpg,1
2026-08-31T02:15:00.610597+00:00,LA,Laos,4,7,rMmAwNprnFE,ฮักแม่ฮ้างลูกสาม,UCL1uOuF9rJBdhHymjMZ2-Ew,ນ້ອຍ ເພັດພູໄທ - Topic,10,Music,2026-08-27T10:05:19Z,PT5M6S,29631,58,0,https://i.ytimg.com/vi/rMmAwNprnFE/maxresdefault.jpg,1
2026-08-31T02:15:00.610597+00:00,LA,Laos,5,6,X1aFkAkFASk,Avengers: Doomsday | Special Look | In Theaters December 18,UCvC4D8onUfXzvjTOM-dBfEA,Marvel Entertainment,24,Entertainment,2026-08-15T04:06:21Z,PT2M10S,36887790,1343093,59863,https://i.ytimg.com/vi/X1aFkAkFASk/maxresdefault.jpg,22
2026-08-31T02:15:00.610597+00:00,LA,Laos,6,5,6FtK2bWtRew,ใช้บัคแกล้งเพื่อนซ่อนแอบ! ใช้บัคโกงซ่อนแอบในเกมคีย์บอร์ด! l Roblox +1 Speed Keyboard Escape,UCX1Zi9BxBY0O-x0Aq_y3ZRg,NJChicky,20,Gaming,2026-08-29T04:43:29Z,PT23M58S,279503,3466,466,https://i.ytimg.com/vi/6FtK2bWtRew/maxresdefault.jpg,1
2026-08-31T02:15:00.610597+00:00,LA,Laos,7,4,JYjJCG2h6FA,อวยพรย้อนจำเป็น (feat. Lee Salavan),UCnJdvQNMkt8EMmx5_5xze-g,YOUD SALAVAN - Topic,10,Music,2026-08-20T10:00:11Z,PT5M5S,391575,4599,179,https://i.ytimg.com/vi/JYjJCG2h6FA/maxresdefault.jpg,1
2026-08-31T02:15:00.610597+00:00,LA,Laos,8,3,Dy06SXknr_g,World's Largest Minecraft Build!,UCIPPMRA040LQr5QPyJEbmXA,MrBeast Gaming,20,Gaming,2026-08-29T16:00:00Z,PT24M59S,20329039,400436,13676,https://i.ytimg.com/vi/Dy06SXknr_g/maxresdefault.jpg,40
2026-08-31T02:15:00.610597+00:00,LA,Laos,9,2,ZV8XL6bOPzM,ขอแค่รู้ข่าว,UC8RRcPrymX_PLfB6LFemqQg,Душа поёт MUSIC - Topic,10,Music,2026-08-25T10:02:13Z,PT4M8S,132569,334,0,https://i.ytimg.com/vi/ZV8XL6bOPzM/maxresdefault.jpg,1
2026-08-31T02:15:00.610597+00:00,LA,Laos,10,1,Lv07hvsLdqE,"ผมเติม 10,000 Robux ซื้อทุกอย่างในแมพนี้...เพื่อขโมยไข่สุดแรร์!!🥚| Roblox Steal An Egg",UCeb6Yo3bF9xHgbtqRxUQ6hA,STROKER,20,Gaming,2026-08-26T12:21:06Z,PT24M9S,279361,2377,186,https://i.ytimg.com/vi/Lv07hvsLdqE/maxresdefault.jpg,1
2026-08-31T02:15:00.610597+00:00,LV,Latvia,1,10,5Twx6fiAkKs,Ленинград — Летний бал (Премьера клипа 2026),UCY0C6A3t3RTUN3BB65rWAgQ,Ленинград,10,Music,2026-08-27T11:30:02Z,PT7M52S,1234991,17930,1181,https://i.ytimg.com/vi/5Twx6fiAkKs/maxresdefault.jpg,2
2026-08-31T02:15:00.610597+00:00,LV,Latvia,2,9,IGk17XQ7IrQ,The Witcher 3: Wild Hunt — Remastered | Official Announcement Trailer,UCzybXLxv08IApdjdN0mJhEg,The Witcher,20,Gaming,2026-08-25T19:59:52Z,PT1M46S,4211127,203466,16372,https://i.ytimg.com/vi/IGk17XQ7IrQ/maxresdefault.jpg,28
2026-08-31T02:15:00.610597+00:00,LV,Latvia,3,8,Dy06SXknr_g,World's Largest Minecraft Build!,UCIPPMRA040LQr5QPyJEbmXA,MrBeast Gaming,20,Gaming,2026-08-29T16:00:00Z,PT24M59S,20329039,400436,13676,https://i.ytimg.com/vi/Dy06SXknr_g/maxresdefault.jpg,40
2026-08-31T02:15:00.610597+00:00,LV,Latvia,4,7,is8UDe2PhKQ,KATSEYE (캣츠아이) 'Hootie Frutti' Official MV,UC3IZKseVpdzPSBaWxBxundA,HYBE LABELS,10,Music,2026-08-14T03:59:06Z,PT2M34S,58921333,982856,197828,https://i.ytimg.com/vi/is8UDe2PhKQ/maxresdefault.jpg,15
2026-08-31T02:15:00.610597+00:00,LV,Latvia,5,6,X1aFkAkFASk,Avengers: Doomsday | Special Look | In Theaters December 18,UCvC4D8onUfXzvjTOM-dBfEA,Marvel Entertainment,24,Entertainment,2026-08-15T04:06:21Z,PT2M10S,36887790,1343093,59863,https://i.ytimg.com/vi/X1aFkAkFASk/maxresdefault.jpg,22
2026-08-31T02:15:00.610597+00:00,LV,Latvia,6,5,qhvPlcwJUvk,A New Way to Collect Brawlers! - Brawl Talk,UCooVYzDxdwTtGYAkcPmOgOw,Brawl Stars,20,Gaming,2026-08-29T15:00:06Z,PT12M51S,6239828,219502,14330,https://i.ytimg.com/vi/qhvPlcwJUvk/maxresdefault.jpg,27
2026-08-31T02:15:00.610597+00:00,LV,Latvia,7,4,6CqeGHXXioU,"Stray Kids ""FARMING"" Video",UC9rMiEjNaCSsebs31MRDCRA,Stray Kids,10,Music,2026-08-27T14:00:02Z,PT2M48S,5028099,517095,21410,https://i.ytimg.com/vi/6CqeGHXXioU/maxresdefault.jpg,4
2026-08-31T02:15:00.610597+00:00,LV,Latvia,8,3,75ymPmS0UmM,10 Новых фильмов 2026 (Трейлеры),UCuFKgy1b8H0MG-uz47-4GUg,HypeFilms,1,Film & Animation,2026-08-16T15:50:35Z,PT18M38S,256014,2165,221,https://i.ytimg.com/vi/75ymPmS0UmM/maxresdefault.jpg,3
2026-08-31T02:15:00.610597+00:00,LV,Latvia,9,2,5cJg6Xxrr64,НАЧАЛ ЗАНОВО! ИСПОЛЬЗУЮ ТОЛЬКО ДОНАТ В АСМР КЛАВИАТУРЕ!,UCBYvr4SqfGQd5fTmOXVQ4Zw,ГЛЕНТ,20,Gaming,2026-08-30T10:00:09Z,PT21M20S,502507,15205,1401,https://i.ytimg.com/vi/5cJg6Xxrr64/maxresdefault.jpg,3
2026-08-31T02:15:00.610597+00:00,LV,Latvia,10,1,viwxxsGnM-Y,Wolfskald - Mother Told Me (Official Music Video),UCVf0sbdUB934xIxZ_slRaLw,WolfskaldVEVO,10,Music,2026-08-14T07:00:11Z,PT3M20S,1876960,15111,186,https://i.ytimg.com/vi/viwxxsGnM-Y/maxresdefault.jpg,1
2026-08-31T02:15:00.610597+00:00,LB,Lebanon,1,10,-rj9YinrJJE,Al Walid Hallani - Zeina (Official Music Video 2026) | الوليد الحلاني - زينة,UCbHvSoAgDdIZIxOcxnBSrxw,Al Walid Hallani,10,Music,2026-08-28T14:00:09Z,PT2M36S,92138,1575,134,https://i.ytimg.com/vi/-rj9YinrJJE/maxresdefault.jpg,1
2026-08-31T02:15:00.610597+00:00,LB,Lebanon,2,9,L2NAh3CIdig,Avengers Endgame: Encore | Official Trailer | In Theaters Sep 25,UCvC4D8onUfXzvjTOM-dBfEA,Marvel Entertainment,24,Entertainment,2026-08-25T16:00:01Z,PT1M37S,13723396,319458,17219,https://i.ytimg.com/vi/L2NAh3CIdig/maxresdefault.jpg,29
2026-08-31T02:15:00.610597+00:00,LB,Lebanon,3,8,rdGBaGNJCLU,فلم قراند : الجميع سوف يدعس زعرور النملة العملاق في ثانية واحدة ( كركور يضرب ) ؟؟🔥😂,UCQkLgXGjPbIrrNtT8ZtHOmg,Ahmad GTA Family - عائلة احمد قراند ,22,People & Blogs,2026-08-30T12:29:44Z,PT18M30S,177148,2685,72,https://i.ytimg.com/vi/rdGBaGNJCLU/maxresdefault.jpg,3
2026-08-31T02:15:00.610597+00:00,LB,Lebanon,4,7,7DUTLxFjLGM,Haifa Wehbe - Nogha (Official Music Video) هيفاء وهبي - نوغا,UCUpLrHLtpJKplgkR__bZfMw,Haifa Wehbe,10,Music,2026-08-27T17:00:06Z,PT2M52S,948180,15993,2550,https://i.ytimg.com/vi/7DUTLxFjLGM/maxresdefault.jpg,3
2026-08-31T02:15:00.610597+00:00,LB,Lebanon,5,6,xahPPz27MYk,100 زر بس واحد صح! 😱,UCBFnkaNDi57OD6O8Z4cFPXA,El Husamo,20,Gaming,2026-08-30T12:36:13Z,PT19M32S,207016,6690,677,https://i.ytimg.com/vi/xahPPz27MYk/maxresdefault.jpg,3
2026-08-31T02:15:00.610597+00:00,LB,Lebanon,6,5,bsR9JHkfUz4,Nassif Zeytoun - Ya Gharami [Official Video] (2026) / ناصيف زيتون - يا غرامي,UCO4AjeljgqgiowEf2yfvYHg,Nassif Zeytoun,10,Music,2026-08-27T13:00:07Z,PT3M16S,764252,13969,1136,https://i.ytimg.com/vi/bsR9JHkfUz4/maxresdefault.jpg,2
2026-08-31T02:15:00.610597+00:00,LB,Lebanon,7,4,rY11SrpAd7c,ختمت العالم الخامس الجديد في ماب الكيبورد 🤫 !!,UC5tmp5TQQpI1WicemM2t_IA,ماهر المغامر - Maher Roblox,20,Gaming,2026-08-30T11:09:32Z,PT15M41S,304473,12094,2036,https://i.ytimg.com/vi/rY11SrpAd7c/maxresdefault.jpg,3
2026-08-31T02:15:00.610597+00:00,LB,Lebanon,8,3,CwKvsoCILOw,TUL8TE - Wala Ash Wala Kan I تووليت  - ولا عاش ولا كان,UC5a1OK2lI0Q2x2jyJSDyc7A,TUL8TE,10,Music,2026-08-06T11:00:23Z,PT3M1S,2203926,21299,453,https://i.ytimg.com/vi/CwKvsoCILOw/maxresdefault.jpg,1
2026-08-31T02:15:00.610597+00:00,LB,Lebanon,9,2,aIvgA68Aipk,عدت من الصفر في ماب الكيبورد 😢💔,UCOMwpjGPUrGGUS2Diq6UmVw,El Husamo X,20,Gaming,2026-08-30T16:31:53Z,PT9M4S,396765,9802,823,https://i.ytimg.com/vi/aIvgA68Aipk/maxresdefault.jpg,8
2026-08-31T02:15:00.610597+00:00,LB,Lebanon,10,1,RfVAIjgX_hE,لَم أَتَحَسَّسْ يَدَهَا - لم اتحاشي مكرها رميت قلبي...,UCHsIVbEpIdZbplxAcwq7vkA,يزيد التميمي - Topic,10,Music,2026-08-21T21:03:33Z,PT3M1S,208917,324,0,https://i.ytimg.com/vi/RfVAIjgX_hE/maxresdefault.jpg,1
2026-08-31T02:15:00.610597+00:00,LY,Libya,1,10,l25IV-HjGMw,🔥 الخيل علينا كر وفر | صلاح الورفلي | أغنية ليبية 2026 🇱🇾 | توزيع المايسترو أحمد خيري,UCJfXnYugj6lIEqKxmVvdL4g,Maestro Ahmed Khairy - المايسترو أحمد خيري,10,Music,2026-08-29T23:55:51Z,PT3M17S,14971,239,11,https://i.ytimg.com/vi/l25IV-HjGMw/maxresdefault.jpg,1
2026-08-31T02:15:00.610597+00:00,LY,Libya,2,9,qRLTbHUl44U,Escape From Playtime: A Smiling Critters Adventure | Reveal Trailer,UCXqV4yoyC_mmZye6VbKFPeQ,Mob Entertainment,20,Gaming,2026-08-26T18:49:54Z,PT57S,1359641,75948,5166,https://i.ytimg.com/vi/qRLTbHUl44U/maxresdefault.jpg,4
2026-08-31T02:15:00.610597+00:00,LY,Libya,3,8,xahPPz27MYk,100 زر بس واحد صح! 😱,UCBFnkaNDi57OD6O8Z4cFPXA,El Husamo,20,Gaming,2026-08-30T12:36:13Z,PT19M32S,207016,6690,677,https://i.ytimg.com/vi/xahPPz27MYk/maxresdefault.jpg,3
2026-08-31T02:15:00.610597+00:00,LY,Libya,4,7,gIyQ6fKpee4,MD MEHDI - THE PUNCHER 2 -٢ الجزار - (ALBUM WAR II) - ( official video ),UCyhjcY2zOp_5LH5OJFdQ1QA,MD MEHDI,10,Music,2026-08-28T16:00:06Z,PT7M1S,104384,6469,691,https://i.ytimg.com/vi/gIyQ6fKpee4/maxresdefault.jpg,1
2026-08-31T02:15:00.610597+00:00,LY,Libya,5,6,wH9MqebnxUs,FARGABA Official trailer,UCufHPl0sfIsvxKcCe18T0NQ,Ali Nuhu,24,Entertainment,2026-08-25T18:42:49Z,PT2M23S,47821,1626,54,https://i.ytimg.com/vi/wH9MqebnxUs/maxresdefault.jpg,1
2026-08-31T02:15:00.610597+00:00,LY,Libya,6,5,aIvgA68Aipk,عدت من الصفر في ماب الكيبورد 😢💔,UCOMwpjGPUrGGUS2Diq6UmVw,El Husamo X,20,Gaming,2026-08-30T16:31:53Z,PT9M4S,396765,9802,823,https://i.ytimg.com/vi/aIvgA68Aipk/maxresdefault.jpg,8
2026-08-31T02:15:00.610597+00:00,LY,Libya,7,4,KBn9EgNGJYI,Faycel Sghir x Abdou Gambetta - Ana 3liha Nma3ni ( Remix Rai 2027 ),UCSAg3zqjC3gI-owuTS31MMw,aYoBeats,10,Music,2026-08-28T17:29:25Z,PT3M30S,41084,269,5,https://i.ytimg.com/vi/KBn9EgNGJYI/maxresdefault.jpg,4
2026-08-31T02:15:00.610597+00:00,LY,Libya,8,3,IGk17XQ7IrQ,The Witcher 3: Wild Hunt — Remastered | Official Announcement Trailer,UCzybXLxv08IApdjdN0mJhEg,The Witcher,20,Gaming,2026-08-25T19:59:52Z,PT1M46S,4211127,203466,16372,https://i.ytimg.com/vi/IGk17XQ7IrQ/maxresdefault.jpg,28
2026-08-31T02:15:00.610597+00:00,LY,Libya,9,2,EmTs6IoB5H4,اشتغلت مربية لطفل مسكون 😱 | The Baby In Yellow 👶🏻,UCz-H1BVdzwfjTIE9KD5kIMA,Esraa Gaming ,22,People & Blogs,2026-08-29T13:07:45Z,PT35M44S,1086018,32928,11722,https://i.ytimg.com/vi/EmTs6IoB5H4/maxresdefault.jpg,3
2026-08-31T02:15:00.610597+00:00,LY,Libya,10,1,DaEkR3do8gg,WELD SASY - بوحة الصباح - ( Offcial MUSIC),UCZruzJREJyguKXWUmmwXIqw,Weld Sasy,10,Music,2026-08-29T18:26:36Z,PT7M27S,14812,863,157,https://i.ytimg.com/vi/DaEkR3do8gg/sddefault.jpg,1
2026-08-31T02:15:00.610597+00:00,LI,Liechtenstein,1,10,NBZ30B8VYqo,Sido - ISSA [Official Video],UChl3h_bqcx_c15f7WOtSn-A,Sido,10,Music,2026-08-20T18:00:06Z,PT2M30S,2264797,87219,5652,https://i.ytimg.com/vi/NBZ30B8VYqo/maxresdefault.jpg,3
2026-08-31T02:15:00.610597+00:00,LI,Liechtenstein,2,9,IGk17XQ7IrQ,The Witcher 3: Wild Hunt — Remastered | Official Announcement Trailer,UCzybXLxv08IApdjdN0mJhEg,The Witcher,20,Gaming,2026-08-25T19:59:52Z,PT1M46S,4211127,203466,16372,https://i.ytimg.com/vi/IGk17XQ7IrQ/maxresdefault.jpg,28
2026-08-31T02:15:00.610597+00:00,LI,Liechtenstein,3,8,9Y_bOd4miH8,XXL BESTE FREUNDE OLYMPIADE,UCxdaFKaMlRHtVkBeGygsYTw,Papaplatte Gaming,20,Gaming,2026-08-27T17:00:34Z,PT2H53M59S,838563,23560,354,https://i.ytimg.com/vi/9Y_bOd4miH8/maxresdefault.jpg,2
2026-08-31T02:15:00.610597+00:00,LI,Liechtenstein,4,7,LqYBrTrWk40,Princ1 ft. Mandi & Ezo Menic - Yalla,UC8NaKtlPixx88fQBsmfkjXQ,Princ1 Music,10,Music,2026-08-24T14:00:06Z,PT3M9S,881028,6722,211,https://i.ytimg.com/vi/LqYBrTrWk40/maxresdefault.jpg,2
2026-08-31T02:15:00.610597+00:00,LI,Liechtenstein,5,6,L2NAh3CIdig,Avengers Endgame: Encore | Official Trailer | In Theaters Sep 25,UCvC4D8onUfXzvjTOM-dBfEA,Marvel Entertainment,24,Entertainment,2026-08-25T16:00:01Z,PT1M37S,13723396,319458,17219,https://i.ytimg.com/vi/L2NAh3CIdig/maxresdefault.jpg,29
2026-08-31T02:15:00.610597+00:00,LI,Liechtenstein,6,5,qhvPlcwJUvk,A New Way to Collect Brawlers! - Brawl Talk,UCooVYzDxdwTtGYAkcPmOgOw,Brawl Stars,20,Gaming,2026-08-29T15:00:06Z,PT12M51S,6239828,219502,14330,https://i.ytimg.com/vi/qhvPlcwJUvk/maxresdefault.jpg,27
2026-08-31T02:15:00.610597+00:00,LI,Liechtenstein,7,4,gyoMVNg7zkM,18 KARAT - IMMORTALE,UCw4gT99yX5P6W8gom1psUVg,SupremosTV,10,Music,2026-08-27T22:00:06Z,PT3M55S,266170,15636,2700,https://i.ytimg.com/vi/gyoMVNg7zkM/maxresdefault.jpg,3
2026-08-31T02:15:00.610597+00:00,LI,Liechtenstein,8,3,fWQqShbNXlA,Zarbex reagiert auf den Extended Look GTA 6 Trailer,UCEMOfc4WSYvEfAXelBiJyEQ,Mr. Geil,24,Entertainment,2026-08-29T08:41:57Z,PT49M50S,275443,5936,378,https://i.ytimg.com/vi/fWQqShbNXlA/maxresdefault.jpg,4
2026-08-31T02:15:00.610597+00:00,LI,Liechtenstein,9,2,Dy06SXknr_g,World's Largest Minecraft Build!,UCIPPMRA040LQr5QPyJEbmXA,MrBeast Gaming,20,Gaming,2026-08-29T16:00:00Z,PT24M59S,20329039,400436,13676,https://i.ytimg.com/vi/Dy06SXknr_g/maxresdefault.jpg,40
2026-08-31T02:15:00.610597+00:00,LI,Liechtenstein,10,1,0P_q4g4v1TI,SLOBA RADANOVIC - POZVACU TE (OFFICIAL VIDEO 2026),UCtHQlg6FypR2SjqPjkkXoog,Sloba Radanovic,10,Music,2026-08-23T12:00:02Z,PT3M11S,2264327,12059,1147,https://i.ytimg.com/vi/0P_q4g4v1TI/maxresdefault.jpg,8
2026-08-31T02:15:00.610597+00:00,LT,Lithuania,1,10,kgYHmE0mBsg,Šeškės - Tau Jaučiu,UCAg0AYy46QFO7S_UPf99niA,Šeškės,10,Music,2026-08-20T06:00:06Z,PT3M51S,122943,2036,94,https://i.ytimg.com/vi/kgYHmE0mBsg/maxresdefault.jpg,1
2026-08-31T02:15:00.610597+00:00,LT,Lithuania,2,9,X1aFkAkFASk,Avengers: Doomsday | Special Look | In Theaters December 18,UCvC4D8onUfXzvjTOM-dBfEA,Marvel Entertainment,24,Entertainment,2026-08-15T04:06:21Z,PT2M10S,36887790,1343093,59863,https://i.ytimg.com/vi/X1aFkAkFASk/maxresdefault.jpg,22
2026-08-31T02:15:00.610597+00:00,LT,Lithuania,3,8,9powFYLUZJY,UŽSTRIGĘS VANDENYNE 3!,UCgG6-eQtPhAdr3GxYEN0HJw,Edvisss,20,Gaming,2026-08-29T11:00:31Z,PT18M4S,23267,581,35,https://i.ytimg.com/vi/9powFYLUZJY/maxresdefault.jpg,1
2026-08-31T02:15:00.610597+00:00,LT,Lithuania,4,7,yA68qfFN11U,Palangoj,UCZgPlBseHnizujwzkvwFJVA,Different Dimension - Topic,10,Music,2026-08-05T11:46:52Z,PT3M21S,139319,2559,0,https://i.ytimg.com/vi/yA68qfFN11U/maxresdefault.jpg,1
2026-08-31T02:15:00.610597+00:00,LT,Lithuania,5,6,oQwzYdMEPvI,How to Watch the Trailer for Grand Theft Auto VI,UCsvn_Po0SmunchJYOWpOxMg,videogamedunkey,20,Gaming,2026-08-25T19:30:38Z,PT5M32S,1209202,61351,3117,https://i.ytimg.com/vi/oQwzYdMEPvI/maxresdefault.jpg,1
2026-08-31T02:15:00.610597+00:00,LT,Lithuania,6,5,oP8bTi7bzsg,"BLAST Open Porto 2026, Day 5 - G2 vs NAVI, M80 vs Aurora, IC vs FUT, Legacy vs Vitality",UC9k--dE_UE0Faxzgb_DDkYQ,BLAST Premier,20,Gaming,2026-08-30T21:37:27Z,PT11H54M57S,2412896,11006,25,https://i.ytimg.com/vi/oP8bTi7bzsg/maxresdefault.jpg,3
2026-08-31T02:15:00.610597+00:00,LT,Lithuania,7,4,HjSveo7ZxTI,Jovani - Būki Parabūki (Visualizer),UCvE5_PJFElK2aLSxCP4NEfA,Jovani,10,Music,2026-08-27T11:43:09Z,PT3M11S,45613,746,34,https://i.ytimg.com/vi/HjSveo7ZxTI/maxresdefault.jpg,1
2026-08-31T02:15:00.610597+00:00,LT,Lithuania,8,3,75ymPmS0UmM,10 Новых фильмов 2026 (Трейлеры),UCuFKgy1b8H0MG-uz47-4GUg,HypeFilms,1,Film & Animation,2026-08-16T15:50:35Z,PT18M38S,256014,2165,221,https://i.ytimg.com/vi/75ymPmS0UmM/maxresdefault.jpg,3
2026-08-31T02:15:00.610597+00:00,LT,Lithuania,9,2,Dy06SXknr_g,World's Largest Minecraft Build!,UCIPPMRA040LQr5QPyJEbmXA,MrBeast Gaming,20,Gaming,2026-08-29T16:00:00Z,PT24M59S,20329039,400436,13676,https://i.ytimg.com/vi/Dy06SXknr_g/maxresdefault.jpg,40
2026-08-31T02:15:00.610597+00:00,LT,Lithuania,10,1,8rbl8UtaWz8,RADVIS - VAIKYSTĖS STOGAS (ft. Gabija Petrauskaitė),UCVTFt5LYteAqdoeMQaKiCPQ,Radvis,10,Music,2026-08-21T16:27:49Z,PT2M23S,28194,1180,25,https://i.ytimg.com/vi/8rbl8UtaWz8/maxresdefault.jpg,1
2026-08-31T02:15:00.610597+00:00,LU,Luxembourg,1,10,z-Fjsh-gZMs,Topboy BLK - Mota Jr (Official Video),UChtyL42RpgeOkIQjHS0rw3g,Topboy BLK,10,Music,2026-08-21T19:00:06Z,PT2M49S,217066,6414,346,https://i.ytimg.com/vi/z-Fjsh-gZMs/maxresdefault.jpg,2
2026-08-31T02:15:00.610597+00:00,LU,Luxembourg,2,9,L2NAh3CIdig,Avengers Endgame: Encore | Official Trailer | In Theaters Sep 25,UCvC4D8onUfXzvjTOM-dBfEA,Marvel Entertainment,24,Entertainment,2026-08-25T16:00:01Z,PT1M37S,13723396,319458,17219,https://i.ytimg.com/vi/L2NAh3CIdig/maxresdefault.jpg,29
2026-08-31T02:15:00.610597+00:00,LU,Luxembourg,3,8,qhvPlcwJUvk,A New Way to Collect Brawlers! - Brawl Talk,UCooVYzDxdwTtGYAkcPmOgOw,Brawl Stars,20,Gaming,2026-08-29T15:00:06Z,PT12M51S,6239828,219502,14330,https://i.ytimg.com/vi/qhvPlcwJUvk/maxresdefault.jpg,27
2026-08-31T02:15:00.610597+00:00,LU,Luxembourg,4,7,NBZ30B8VYqo,Sido - ISSA [Official Video],UChl3h_bqcx_c15f7WOtSn-A,Sido,10,Music,2026-08-20T18:00:06Z,PT2M30S,2264797,87219,5652,https://i.ytimg.com/vi/NBZ30B8VYqo/maxresdefault.jpg,3
2026-08-31T02:15:00.610597+00:00,LU,Luxembourg,5,6,IGk17XQ7IrQ,The Witcher 3: Wild Hunt — Remastered | Official Announcement Trailer,UCzybXLxv08IApdjdN0mJhEg,The Witcher,20,Gaming,2026-08-25T19:59:52Z,PT1M46S,4211127,203466,16372,https://i.ytimg.com/vi/IGk17XQ7IrQ/maxresdefault.jpg,28
2026-08-31T02:15:00.610597+00:00,LU,Luxembourg,6,5,Dy06SXknr_g,World's Largest Minecraft Build!,UCIPPMRA040LQr5QPyJEbmXA,MrBeast Gaming,20,Gaming,2026-08-29T16:00:00Z,PT24M59S,20329039,400436,13676,https://i.ytimg.com/vi/Dy06SXknr_g/maxresdefault.jpg,40
2026-08-31T02:15:00.610597+00:00,LU,Luxembourg,7,4,is8UDe2PhKQ,KATSEYE (캣츠아이) 'Hootie Frutti' Official MV,UC3IZKseVpdzPSBaWxBxundA,HYBE LABELS,10,Music,2026-08-14T03:59:06Z,PT2M34S,58921333,982856,197828,https://i.ytimg.com/vi/is8UDe2PhKQ/maxresdefault.jpg,15
2026-08-31T02:15:00.610597+00:00,LU,Luxembourg,8,3,0JFgoGV1UdI,AVENGERS 5: Doomsday Trailer 2 German Deutsch (2026) Marvel,UCOL10n-as9dXO2qtjjFUQbQ,KinoCheck,24,Entertainment,2026-08-15T09:17:08Z,PT2M23S,900897,23116,1472,https://i.ytimg.com/vi/0JFgoGV1UdI/maxresdefault.jpg,1
2026-08-31T02:15:00.610597+00:00,LU,Luxembourg,9,2,2mNCKDXA1O4,WHO IS THE BEST GAMER? ft. JYNXZI,UCWsDFcIhY2DBi3GB5uykGXA,IShowSpeed,20,Gaming,2026-08-25T22:20:38Z,PT4H41M31S,2622201,58377,1339,https://i.ytimg.com/vi/2mNCKDXA1O4/maxresdefault.jpg,3
2026-08-31T02:15:00.610597+00:00,LU,Luxembourg,10,1,afSgBNwmZrQ,Ariana Grande - petal,UC0VOyT2OCBKdQhF3BAbZ-1g,ArianaGrandeVevo,10,Music,2026-07-31T15:00:06Z,PT6M51S,28505709,952893,93191,https://i.ytimg.com/vi/afSgBNwmZrQ/maxresdefault.jpg,4
2026-08-31T02:15:00.610597+00:00,MY,Malaysia,1,10,s466YCiHfKw,JENNIE - FALLEN ANGEL (Official Video),UCN9_L9lA9kqJbGANLRus_1A,JennieRubyJaneVEVO,10,Music,2026-08-28T04:00:19Z,PT5M43S,13544483,951234,65066,https://i.ytimg.com/vi/s466YCiHfKw/maxresdefault.jpg,12
2026-08-31T02:15:00.610597+00:00,MY,Malaysia,2,9,X1aFkAkFASk,Avengers: Doomsday | Special Look | In Theaters December 18,UCvC4D8onUfXzvjTOM-dBfEA,Marvel Entertainment,24,Entertainment,2026-08-15T04:06:21Z,PT2M10S,36887790,1343093,59863,https://i.ytimg.com/vi/X1aFkAkFASk/maxresdefault.jpg,22
2026-08-31T02:15:00.610597+00:00,MY,Malaysia,3,8,835S0WLzq8k,LIVE | [BM] MPL MY Season 18 Minggu 3 Hari 2,UCoRKiOsQ7Rfo8UuU44nl7Iw,MPL Malaysia,20,Gaming,2026-08-29T14:14:14Z,PT7H47M31S,500638,1943,9,https://i.ytimg.com/vi/835S0WLzq8k/maxresdefault.jpg,1
2026-08-31T02:15:00.610597+00:00,MY,Malaysia,4,7,jR3rWCBeO6M,@SaiAbhyankkar - Radhimaa (Music Video) | Bhagyashri Borse | Vivek | Thejo Bharathwaj | Think Indie,UCLbdVvreihwZRL6kwuEUYsA,Think Music India,10,Music,2026-08-24T15:06:36Z,PT5M48S,15957724,379283,10808,https://i.ytimg.com/vi/jR3rWCBeO6M/maxresdefault.jpg,4
2026-08-31T02:15:00.610597+00:00,MY,Malaysia,5,6,gFWGJz320nY,KUDRAT 1968 - TEASER TRAILER | AKAN DATANG SEPTEMBER 2026,UCvcR6wiXU7v9Ym8nWhGSzpQ,Astro Shaw,1,Film & Animation,2026-08-23T13:00:06Z,PT35S,162850,2103,163,https://i.ytimg.com/vi/gFWGJz320nY/maxresdefault.jpg,1
2026-08-31T02:15:00.610597+00:00,MY,Malaysia,6,5,FDioYoG4ads,🔴 LIVE | MPL ID S18 | Minggu 3 Hari 2 | Bahasa Indonesia,UC1dGHGJTXU_dkiR8tW3qQgg,MPL Indonesia,20,Gaming,2026-08-29T16:02:16Z,PT8H53M,7264729,31038,144,https://i.ytimg.com/vi/FDioYoG4ads/maxresdefault.jpg,1
2026-08-31T02:15:00.610597+00:00,MY,Malaysia,7,4,SEiUqNmtIy8,MERAMPAU - ALEX WAN ( OFFICIAL MUSIC VIDEO ),UCMjbbLsiqUhjjza7XtvjtZg,Twin Tone Production Sdn Bhd,10,Music,2026-08-22T00:00:06Z,PT5M20S,384496,8808,269,https://i.ytimg.com/vi/SEiUqNmtIy8/maxresdefault.jpg,1
2026-08-31T02:15:00.610597+00:00,MY,Malaysia,8,3,LnmF2vX8Dfo,Mandaadi - Teaser (Tamil) | Soori | Suhas | Mahima Nambiar |GV Prakash Kumar |Mathimaran Pugazhendhi,UCUjM7AzodC55Dq6BncrsBjA,RS Infotainment,24,Entertainment,2026-08-25T14:31:00Z,PT59S,3774038,87442,935,https://i.ytimg.com/vi/LnmF2vX8Dfo/maxresdefault.jpg,3
2026-08-31T02:15:00.610597+00:00,MY,Malaysia,9,2,lPt4mR8Cg7I,🔴LIVE - RAJA MARKSMAN MALAYSIA !,UCQM6iYUQVKg2vrdw--DOaGQ,Feekz ,20,Gaming,2026-08-28T15:12:25Z,PT5H35M44S,209647,2831,7,https://i.ytimg.com/vi/lPt4mR8Cg7I/maxresdefault.jpg,1
2026-08-31T02:15:00.610597+00:00,MY,Malaysia,10,1,L8ZnXgbyUuc,BIGBANG - ‘BiiiG’ M/V,UCzw-C7fNfs018R1FzIKnlaA,BIGBANG,10,Music,2026-08-19T09:10:01Z,PT3M4S,12879090,666397,43067,https://i.ytimg.com/vi/L8ZnXgbyUuc/maxresdefault.jpg,3
2026-08-31T02:15:00.610597+00:00,MT,Malta,1,10,JqFzhcWo3EU,Yeshanagula | The Paradise | Nani | Keerthy Suresh | Anirudh Ravichander | Srikanth Odela,UC68nKdrLbLL0Vj7ilVkLmmg,Saregama Telugu,10,Music,2026-08-29T09:43:07Z,PT3M12S,33591008,451092,10577,https://i.ytimg.com/vi/JqFzhcWo3EU/maxresdefault.jpg,15
2026-08-31T02:15:00.610597+00:00,MT,Malta,2,9,X1aFkAkFASk,Avengers: Doomsday | Special Look | In Theaters December 18,UCvC4D8onUfXzvjTOM-dBfEA,Marvel Entertainment,24,Entertainment,2026-08-15T04:06:21Z,PT2M10S,36887790,1343093,59863,https://i.ytimg.com/vi/X1aFkAkFASk/maxresdefault.jpg,22
2026-08-31T02:15:00.610597+00:00,MT,Malta,3,8,Dy06SXknr_g,World's Largest Minecraft Build!,UCIPPMRA040LQr5QPyJEbmXA,MrBeast Gaming,20,Gaming,2026-08-29T16:00:00Z,PT24M59S,20329039,400436,13676,https://i.ytimg.com/vi/Dy06SXknr_g/maxresdefault.jpg,40
2026-08-31T02:15:00.610597+00:00,MT,Malta,4,7,WFy-mkJIHDc,Inside My Soul,UCYhICyWwNaHZvroNQRWCgaA,SK.music - Topic,10,Music,2026-08-14T12:20:50Z,PT3M12S,1990360,29351,257,https://i.ytimg.com/vi/WFy-mkJIHDc/maxresdefault.jpg,1
2026-08-31T02:15:00.610597+00:00,MT,Malta,5,6,8NiMCt2o-uQ,Khalifa Trailer - Prithviraj Sukumaran | Vysakh | Jinu V Abhraham | Jakes Bejoy,UCpJmCkjsJbqIBdvTRx2zt-w,Sony Music Malayalam,10,Music,2026-08-16T15:02:40Z,PT2M38S,5305082,110346,5303,https://i.ytimg.com/vi/8NiMCt2o-uQ/maxresdefault.jpg,1
2026-08-31T02:15:00.610597+00:00,MT,Malta,6,5,2mNCKDXA1O4,WHO IS THE BEST GAMER? ft. JYNXZI,UCWsDFcIhY2DBi3GB5uykGXA,IShowSpeed,20,Gaming,2026-08-25T22:20:38Z,PT4H41M31S,2622201,58377,1339,https://i.ytimg.com/vi/2mNCKDXA1O4/maxresdefault.jpg,3
2026-08-31T02:15:00.610597+00:00,MT,Malta,7,4,is8UDe2PhKQ,KATSEYE (캣츠아이) 'Hootie Frutti' Official MV,UC3IZKseVpdzPSBaWxBxundA,HYBE LABELS,10,Music,2026-08-14T03:59:06Z,PT2M34S,58921333,982856,197828,https://i.ytimg.com/vi/is8UDe2PhKQ/maxresdefault.jpg,15
2026-08-31T02:15:00.610597+00:00,MT,Malta,8,3,fk0JHh1P9H0,Bethlehem Kudumba Unit Official Trailer | Girish AD | Nivin Pauly | Mamitha Baiju | Bhavana Studios,UCPvtzpmgq3fraUXl6lLoK3w,BHAVANA STUDIOS,24,Entertainment,2026-08-14T11:30:13Z,PT2M45S,8570863,87658,3311,https://i.ytimg.com/vi/fk0JHh1P9H0/maxresdefault.jpg,1
2026-08-31T02:15:00.610597+00:00,MT,Malta,9,2,qhvPlcwJUvk,A New Way to Collect Brawlers! - Brawl Talk,UCooVYzDxdwTtGYAkcPmOgOw,Brawl Stars,20,Gaming,2026-08-29T15:00:06Z,PT12M51S,6239828,219502,14330,https://i.ytimg.com/vi/qhvPlcwJUvk/maxresdefault.jpg,27
2026-08-31T02:15:00.610597+00:00,MT,Malta,10,1,afSgBNwmZrQ,Ariana Grande - petal,UC0VOyT2OCBKdQhF3BAbZ-1g,ArianaGrandeVevo,10,Music,2026-07-31T15:00:06Z,PT6M51S,28505709,952893,93191,https://i.ytimg.com/vi/afSgBNwmZrQ/maxresdefault.jpg,4
2026-08-31T02:15:00.610597+00:00,MX,Mexico,1,10,ZbkNJGXeXJU,Prometiste Volver,UCBcH-tCfIuZ-PlpkPk7UZew,Release - Topic,10,Music,2026-08-29T15:57:05Z,PT3M7S,296968,1856,0,https://i.ytimg.com/vi/ZbkNJGXeXJU/maxresdefault.jpg,4
2026-08-31T02:15:00.610597+00:00,MX,Mexico,2,9,rkEHl4jCpLU,MI REACCIÓN al TRAILER de GTA 6 😱 - Nexxuz,UCggHFGmLDDStxyM-uy9DYnQ,Nexxuz World,24,Entertainment,2026-08-30T20:00:25Z,PT49M22S,130765,9680,361,https://i.ytimg.com/vi/rkEHl4jCpLU/maxresdefault.jpg,18
2026-08-31T02:15:00.610597+00:00,MX,Mexico,3,8,-SlvFCOVvTQ,POR CADA SALTO LLEGO MAS ALTO EN ROBLOX!🏔️,UColTsB6zogXWooPbeO67Wgw,ElAbrahaham,20,Gaming,2026-08-30T18:00:20Z,PT23M33S,547773,21754,2876,https://i.ytimg.com/vi/-SlvFCOVvTQ/maxresdefault.jpg,13
2026-08-31T02:15:00.610597+00:00,MX,Mexico,4,7,Too3XygnMdE,Juan Gabriel - Así Fue (En Vivo) (Letra/Lyrics),UC3OcsnHmfLzw0jSOr5ZYO3A,ROSES,10,Music,2026-08-29T20:00:10Z,PT7M3S,157384,705,3,https://i.ytimg.com/vi/Too3XygnMdE/maxresdefault.jpg,11
2026-08-31T02:15:00.610597+00:00,MX,Mexico,5,6,qaQlkyDnqNc,AQUINO reacciona al NUEVO TRAILER de GTA VI,UCDWfTlPBpzJjuR6fImZpzqA,AQUISI R,24,Entertainment,2026-08-30T19:00:13Z,PT38M23S,54803,2559,96,https://i.ytimg.com/vi/qaQlkyDnqNc/maxresdefault.jpg,7
2026-08-31T02:15:00.610597+00:00,MX,Mexico,6,5,mQWwnif-tUA,MI ACOSADOR ME SECUESTRÓ EN BROOKHAVEN!! 😰😰 ,UCYEo6EXGbW4Wwx3qxipk4Xg,Celynnei ,20,Gaming,2026-08-30T18:15:33Z,PT10M34S,177465,11835,1204,https://i.ytimg.com/vi/mQWwnif-tUA/maxresdefault.jpg,1
2026-08-31T02:15:00.610597+00:00,MX,Mexico,7,4,N4IALVjPCDE,OfficialAlex425 - Dame Amor (Visualizer),UCoFmF4FX_ZeYjcs2Z9uWycw,Colonize Media,10,Music,2026-08-28T23:00:06Z,PT3M31S,175108,509,5,https://i.ytimg.com/vi/N4IALVjPCDE/maxresdefault.jpg,2
2026-08-31T02:15:00.610597+00:00,MX,Mexico,8,3,NkhzLUpYQgk,A Toda Madre - Tráiler Oficial,UC3enf0q4_hueyr_gNku_pog,Cojo Feliz,23,Comedy,2026-08-30T20:11:17Z,PT1M7S,8762,402,37,https://i.ytimg.com/vi/NkhzLUpYQgk/maxresdefault.jpg,1
2026-08-31T02:15:00.610597+00:00,MX,Mexico,9,2,hdrzQ9tmlOc,JUGAMOS AL MM2 DE TERROR CON AMIGOS | MM2 of The Locust,UCp-MGAju1QmvsCNZOEQikzQ,Nabriel,20,Gaming,2026-08-30T17:41:46Z,PT22M46S,219457,6547,625,https://i.ytimg.com/vi/hdrzQ9tmlOc/maxresdefault.jpg,3
2026-08-31T02:15:00.610597+00:00,MX,Mexico,10,1,kXcOItata8E,Romeo Santos - Que Se Mueran (Letra),UCU8FHs_uSV10jFb0RqpiqKQ,Velada,22,People & Blogs,2026-08-29T20:30:07Z,PT4M11S,58214,154,2,https://i.ytimg.com/vi/kXcOItata8E/maxresdefault.jpg,6
2026-08-31T02:15:00.610597+00:00,MD,Moldova,1,10,69i6IBiU960,Душевный Микс 2026 ❤️ Soulful Hip Hop & Deep Vibe,UC3AMXeM3eZwXa4Qdc1ZvnvA,Dr. Deep Atmos,10,Music,2026-08-24T09:55:52Z,PT6M44S,182117,610,13,https://i.ytimg.com/vi/69i6IBiU960/maxresdefault.jpg,2
2026-08-31T02:15:00.610597+00:00,MD,Moldova,2,9,IGk17XQ7IrQ,The Witcher 3: Wild Hunt — Remastered | Official Announcement Trailer,UCzybXLxv08IApdjdN0mJhEg,The Witcher,20,Gaming,2026-08-25T19:59:52Z,PT1M46S,4211127,203466,16372,https://i.ytimg.com/vi/IGk17XQ7IrQ/maxresdefault.jpg,28
2026-08-31T02:15:00.610597+00:00,MD,Moldova,3,8,qhvPlcwJUvk,A New Way to Collect Brawlers! - Brawl Talk,UCooVYzDxdwTtGYAkcPmOgOw,Brawl Stars,20,Gaming,2026-08-29T15:00:06Z,PT12M51S,6239828,219502,14330,https://i.ytimg.com/vi/qhvPlcwJUvk/maxresdefault.jpg,27
2026-08-31T02:15:00.610597+00:00,MD,Moldova,4,7,84RXp96ba1g,Enzro - Ночи я не боюсь (Elyxo Remix),UCaRgCzbE5oT2BhFfQkWf8Ng,Elyxo,22,People & Blogs,2026-08-25T10:30:12Z,PT7M39S,121564,502,7,https://i.ytimg.com/vi/84RXp96ba1g/maxresdefault.jpg,2
2026-08-31T02:15:00.610597+00:00,MD,Moldova,5,6,X1aFkAkFASk,Avengers: Doomsday | Special Look | In Theaters December 18,UCvC4D8onUfXzvjTOM-dBfEA,Marvel Entertainment,24,Entertainment,2026-08-15T04:06:21Z,PT2M10S,36887790,1343094,59863,https://i.ytimg.com/vi/X1aFkAkFASk/maxresdefault.jpg,22
2026-08-31T02:15:00.610597+00:00,MD,Moldova,6,5,Dy06SXknr_g,World's Largest Minecraft Build!,UCIPPMRA040LQr5QPyJEbmXA,MrBeast Gaming,20,Gaming,2026-08-29T16:00:00Z,PT24M59S,20329039,400436,13676,https://i.ytimg.com/vi/Dy06SXknr_g/maxresdefault.jpg,40
2026-08-31T02:15:00.610597+00:00,MD,Moldova,7,4,cgjGt_o8bio,"Воздух (Премьера клипа, 2026)",UCNK0TsP1vg5EgCMGcugf6RQ,HouseOfJuhuro,10,Music,2026-08-25T05:57:36Z,PT5M27S,264523,1552,71,https://i.ytimg.com/vi/cgjGt_o8bio/maxresdefault.jpg,1
2026-08-31T02:15:00.610597+00:00,MD,Moldova,8,3,75ymPmS0UmM,10 Новых фильмов 2026 (Трейлеры),UCuFKgy1b8H0MG-uz47-4GUg,HypeFilms,1,Film & Animation,2026-08-16T15:50:35Z,PT18M38S,256014,2165,221,https://i.ytimg.com/vi/75ymPmS0UmM/maxresdefault.jpg,3
2026-08-31T02:15:00.610597+00:00,MD,Moldova,9,2,ImAm6goVuB0,🤯ЗАТРОЛЛИЛ ДЕВУШКУ ЧИТАМИ в В УКРАДИ ЯЙЦО! УДАЛИЛ МАШЕ ВСЕ ЯЙЦА В РОБЛОКС,UCMDSzea8f4CC53mZC3ViZug,EroxBlox,20,Gaming,2026-08-29T08:54:26Z,PT19M27S,453117,10109,1607,https://i.ytimg.com/vi/ImAm6goVuB0/maxresdefault.jpg,2
2026-08-31T02:15:00.610597+00:00,MD,Moldova,10,1,7QBgG4AzhmM,JamBeats - Mi Manchi (Original Mix),UCCh2AtOWxaIaZjfz_MbbDLQ,JamBeats,10,Music,2026-08-24T04:57:41Z,PT7M47S,261521,932,39,https://i.ytimg.com/vi/7QBgG4AzhmM/maxresdefault.jpg,1
2026-08-31T02:15:00.610597+00:00,ME,Montenegro,1,10,0P_q4g4v1TI,SLOBA RADANOVIC - POZVACU TE (OFFICIAL VIDEO 2026),UCtHQlg6FypR2SjqPjkkXoog,Sloba Radanovic,10,Music,2026-08-23T12:00:02Z,PT3M11S,2264327,12059,1147,https://i.ytimg.com/vi/0P_q4g4v1TI/maxresdefault.jpg,8
2026-08-31T02:15:00.610597+00:00,ME,Montenegro,2,9,X1aFkAkFASk,Avengers: Doomsday | Special Look | In Theaters December 18,UCvC4D8onUfXzvjTOM-dBfEA,Marvel Entertainment,24,Entertainment,2026-08-15T04:06:21Z,PT2M10S,36887790,1343094,59863,https://i.ytimg.com/vi/X1aFkAkFASk/maxresdefault.jpg,22
2026-08-31T02:15:00.610597+00:00,ME,Montenegro,3,8,h2HJuJDUlo0,Mudja & Ćale REAGUJU NA Grand Theft Auto VI: An Extended Look,UCZbp-wYt5PiIkGmoEZ6ChmQ,Mudja,20,Gaming,2026-08-28T07:45:11Z,PT33M52S,483305,12764,434,https://i.ytimg.com/vi/h2HJuJDUlo0/maxresdefault.jpg,5
2026-08-31T02:15:00.610597+00:00,ME,Montenegro,4,7,KNpYD2_qbBg,LOBO X BEJBI MOTOROLA - SMUTI,UCiZNnn7FzyB7hlY3A9tAgdw,Get Low Music,10,Music,2026-08-24T12:00:20Z,PT2M23S,263172,5866,239,https://i.ytimg.com/vi/KNpYD2_qbBg/maxresdefault.jpg,3
2026-08-31T02:15:00.610597+00:00,ME,Montenegro,5,6,qX-Vp2MmC9s,POJAVIO SE NEKI SUMLJIVI LIK NA BENZISKOJ PUMPI.. VR,UCD8geOrSnzs_DrHIhgsufoA,Cigvan Gaming,20,Gaming,2026-08-28T17:48:58Z,PT24M37S,141276,3145,43,https://i.ytimg.com/vi/qX-Vp2MmC9s/maxresdefault.jpg,4
2026-08-31T02:15:00.610597+00:00,ME,Montenegro,6,5,S9yDCQYKCDU,Adi Šoše & Saša Matić - Daljine (Official video),UCSGBtI9ORCjRSLgcxy9JYGg,Adi Šoše / AL Music,24,Entertainment,2026-08-13T10:02:28Z,PT3M34S,1733586,14113,562,https://i.ytimg.com/vi/S9yDCQYKCDU/maxresdefault.jpg,5
2026-08-31T02:15:00.610597+00:00,ME,Montenegro,7,4,qhvPlcwJUvk,A New Way to Collect Brawlers! - Brawl Talk,UCooVYzDxdwTtGYAkcPmOgOw,Brawl Stars,20,Gaming,2026-08-29T15:00:06Z,PT12M51S,6239828,219502,14330,https://i.ytimg.com/vi/qhvPlcwJUvk/maxresdefault.jpg,27
2026-08-31T02:15:00.610597+00:00,ME,Montenegro,8,3,Mx7ehEzmikY,SEVERINA - SVIRAJTE MI ‘RAĐAJ SINOVE’ (‘SAVRŠENA’) OFFICIAL VIDEO,UC_vH8DvvkrMB3D69NBdjLnQ,Severina,10,Music,2026-08-20T09:01:01Z,PT3M36S,974167,5001,284,https://i.ytimg.com/vi/Mx7ehEzmikY/maxresdefault.jpg,2
2026-08-31T02:15:00.610597+00:00,ME,Montenegro,9,2,XGtjS2wB8yg,"+1 SEKUNDA, +1 ŠUT LOPTE U SVEMIR!",UC9-OsEfAts7_SaTRQOBRgjw,Dex Rock,24,Entertainment,2026-08-28T17:57:10Z,PT18M45S,137403,3924,433,https://i.ytimg.com/vi/XGtjS2wB8yg/maxresdefault.jpg,1
2026-08-31T02:15:00.610597+00:00,ME,Montenegro,10,1,LsYc-7ohfxc,VOYAGE - HOTEL I PARTY (OFFICIAL VIDEO),UCcF7lkZqxzI2asePTbksVdA,IDJVideos.TV,10,Music,2026-08-24T11:00:04Z,PT2M18S,246703,5391,223,https://i.ytimg.com/vi/LsYc-7ohfxc/maxresdefault.jpg,3
2026-08-31T02:15:00.610597+00:00,MA,Morocco,1,10,KBn9EgNGJYI,Faycel Sghir x Abdou Gambetta - Ana 3liha Nma3ni ( Remix Rai 2027 ),UCSAg3zqjC3gI-owuTS31MMw,aYoBeats,10,Music,2026-08-28T17:29:25Z,PT3M30S,41084,269,5,https://i.ytimg.com/vi/KBn9EgNGJYI/maxresdefault.jpg,4
2026-08-31T02:15:00.610597+00:00,MA,Morocco,2,9,tzIT3t150eo,BOROM KEUR - Saison 2 - Episode 23 : Bande Annonce,UCKKbOgsOxOT83r1TdfjMaYg,EvenProd,1,Film & Animation,2026-08-29T09:00:12Z,PT1M46S,737215,25854,210,https://i.ytimg.com/vi/tzIT3t150eo/maxresdefault.jpg,2
2026-08-31T02:15:00.610597+00:00,MA,Morocco,3,8,RjQENj5FlOU,مقلب النوب في شخص عشوائي !!,UC2qdrMpLKn3GgeCwN65SX_Q,SA7RAWI Gaming,20,Gaming,2026-08-30T11:00:10Z,PT12M13S,240350,20450,1292,https://i.ytimg.com/vi/RjQENj5FlOU/maxresdefault.jpg,4
2026-08-31T02:15:00.610597+00:00,MA,Morocco,4,7,o-jDwgcfZDM,راي جزائري صامت - صعيب ولفك وانا مانيش صبار,UCiJpn-jHAZnomOagzz1cEUA,Najiri Vision | نجيري فيزيون - Topic,10,Music,2026-08-27T23:34:44Z,PT1M32S,80586,253,2,https://i.ytimg.com/vi/o-jDwgcfZDM/maxresdefault.jpg,3
2026-08-31T02:15:00.610597+00:00,MA,Morocco,5,6,UQUNK23w1NE,MAGNET + SEA 1 TRAILER UPDATE REACTION | GET IN HERE!!,UCM54DMduUCssyI_pLxg64Mg,Uzoth,20,Gaming,2026-08-30T02:43:05Z,PT1H9M51S,244233,6042,407,https://i.ytimg.com/vi/UQUNK23w1NE/maxresdefault.jpg,7
2026-08-31T02:15:00.610597+00:00,MA,Morocco,6,5,Uy98taX9nJ0,ختمت سلاح الأوم 😈🔥,UCYGHw29okIU9EyHIwBGTC7w,MODOX - مودوكْس,20,Gaming,2026-08-30T11:19:55Z,PT17M4S,59455,5176,449,https://i.ytimg.com/vi/Uy98taX9nJ0/maxresdefault.jpg,1
2026-08-31T02:15:00.610597+00:00,MA,Morocco,7,4,bnBcerH4Vew,Aminux-Amsterdam (Official Visualizer),UCw3EKaubTBL0Yj0S3-EKjTg,AMINUX l أمينوكس,10,Music,2026-08-29T19:45:38Z,PT2M10S,24309,733,133,https://i.ytimg.com/vi/bnBcerH4Vew/maxresdefault.jpg,1
2026-08-31T02:15:00.610597+00:00,MA,Morocco,8,3,Zz5Ov9Go3Ho,تجربه ايتو 105 هديه التسجيل اليومي الجديد 🔥معقول دا هكر الديفيجن الجديد !🤯,UCLKk-PWbcOTB3qyMWsfs8ag,MessiGaming10,20,Gaming,2026-08-30T20:39:45Z,PT16M24S,100211,10873,414,https://i.ytimg.com/vi/Zz5Ov9Go3Ho/maxresdefault.jpg,1
2026-08-31T02:15:00.610597+00:00,MA,Morocco,9,2,oqasvojdU1w,Youss45 - Koula W Dourofo,UCMAOj4y6srdpC1kRaQtlaLg,Youss45 Officiel,10,Music,2026-08-30T18:45:20Z,PT3M31S,14880,920,104,https://i.ytimg.com/vi/oqasvojdU1w/maxresdefault.jpg,1
2026-08-31T02:15:00.610597+00:00,MA,Morocco,10,1,r5KKPA9KY8A,🔴  LIVE - CHAINED TOGETHER | أكثر لعبة مستفزة مع الدراري ... الصداقة في خطر !! ⛓️😂,UCgIeNyrRVkJxqiBtJbuy-1w,Meed Live,20,Gaming,2026-08-29T23:22:26Z,PT1H42M5S,103901,6833,156,https://i.ytimg.com/vi/r5KKPA9KY8A/maxresdefault.jpg,1
2026-08-31T02:15:00.610597+00:00,NP,Nepal,1,10,F6R8UQb4bwk,BICHA BICHAMA 2.0 | DURGESH THAPA /BABINA KIRATEE | BENISHA POUDEL | NEW NEPALI TEEJ SONG 2026,UCLig1yYc9U13Al5f6S7wWoA,Durgesh Thapa,24,Entertainment,2026-08-17T09:26:06Z,PT4M12S,2163645,35287,2210,https://i.ytimg.com/vi/F6R8UQb4bwk/maxresdefault.jpg,1
2026-08-31T02:15:00.610597+00:00,NP,Nepal,2,9,-KuB-4TqujU,"PARVATI || Movie Official Trailer 2026 || Neeta Dhungana Adhikari, Ashok Darji, Deepa Shree Niraula",UCxCoea3ulOukfXiYAm87ZIA,OSR Digital,1,Film & Animation,2026-08-20T09:45:26Z,PT4M4S,965086,20477,2586,https://i.ytimg.com/vi/-KuB-4TqujU/maxresdefault.jpg,1
2026-08-31T02:15:00.610597+00:00,NP,Nepal,3,8,n8aM6q8XbXU,100 Days on DEADLY RAFT with Friends In Minecraft 😰,UClqifC6Nd7v-IfTqce4k62A,Carry Depie,20,Gaming,2026-08-29T12:31:57Z,PT21M11S,1735740,18261,984,https://i.ytimg.com/vi/n8aM6q8XbXU/maxresdefault.jpg,2
2026-08-31T02:15:00.610597+00:00,NP,Nepal,4,7,SQ4jZ-EAL88,Vaaroon Forever (Official Video) | Mirzapur The Movie | Shreya Ghoshal | Romy | Anand B | Ginny D,UCn9BuiRZGR_tPM2GGT4jN-w,Excel Movies,10,Music,2026-08-18T08:26:50Z,PT4M13S,19013732,124930,2939,https://i.ytimg.com/vi/SQ4jZ-EAL88/maxresdefault.jpg,1
2026-08-31T02:15:00.610597+00:00,NP,Nepal,5,6,Bm5S7ZKk6K8,"Haiwaan - Official Trailer | Akshay Kumar, Saif Ali Khan, Boman, Shriya, Saiyami | Priyadarshan",UCFFbwnve3yF62-tVXkTyHqg,Zee Music Company,24,Entertainment,2026-08-25T07:00:04Z,PT2M35S,18224177,161648,11222,https://i.ytimg.com/vi/Bm5S7ZKk6K8/maxresdefault.jpg,7
2026-08-31T02:15:00.610597+00:00,NP,Nepal,6,5,XDEcumfqtI4,Adopted By VERITY in Minecraft!,UCJS4UHGP6Q3BI-0ZIGrGXgw,Junkeyy,20,Gaming,2026-08-27T13:55:36Z,PT18M41S,2226190,21771,1191,https://i.ytimg.com/vi/XDEcumfqtI4/maxresdefault.jpg,1
2026-08-31T02:15:00.610597+00:00,NP,Nepal,7,4,OQ3fxbhD-l0,"Teri Ore (Full Audio) | Singh Is Kinng | Akshay | Katrina | Rahat Fateh Ali Khan, Shreya Ghoshal",UCa5G5-Pc3rsYqq2A5ivxhUg,Junglee Music,10,Music,2026-08-24T05:30:20Z,PT5M38S,773191,3141,28,https://i.ytimg.com/vi/OQ3fxbhD-l0/maxresdefault.jpg,1
2026-08-31T02:15:00.610597+00:00,NP,Nepal,8,3,cVST-605PfY,THE VVAAN - Official Teaser | Sidharth Malhotra | Tamannaah Bhatia | In Cinemas 25th Sept 2026,UCSHLoG-bXj1aVA2T5y8t84A,Balaji Motion Pictures,1,Film & Animation,2026-08-25T12:31:02Z,PT1M57S,15573890,123804,3280,https://i.ytimg.com/vi/cVST-605PfY/maxresdefault.jpg,1
2026-08-31T02:15:00.610597+00:00,NP,Nepal,9,2,CbWihIzC1V0,We went on a Risky Dusty Trip in Minecraft..,UCW3Ms3ZxVaZUniP-HifWCDg,Karry Kraft,20,Gaming,2026-08-28T10:30:10Z,PT9M26S,1108020,12032,571,https://i.ytimg.com/vi/CbWihIzC1V0/maxresdefault.jpg,1
2026-08-31T02:15:00.610597+00:00,NP,Nepal,10,1,Zc3iUWOrX6w,THUG HOWL@Nati6a6y || OFFICIAL MUSIC VIDEO || Shot by Newjal,UCQTN9vuLlm47Cc0_A0j8pTw,The Grand T Presentation,10,Music,2026-08-14T12:15:26Z,PT2M48S,668202,13579,364,https://i.ytimg.com/vi/Zc3iUWOrX6w/maxresdefault.jpg,1
2026-08-31T02:15:00.610597+00:00,NL,Netherlands,1,10,xoKbls7K5og,"Samuel Welten, Russo - BOEM! (Official Video)",UCKsPHV2RcagRUbw4h8cgp6g,Samuel Welten,10,Music,2026-08-27T22:00:12Z,PT3M3S,93603,1177,46,https://i.ytimg.com/vi/xoKbls7K5og/maxresdefault.jpg,1
2026-08-31T02:15:00.610597+00:00,NL,Netherlands,2,9,qirME9LGzag,Alles wat we zagen in de nieuwe GTA VI-trailer - Tweakers Update,UCRztjeLfNzi2nw2nffMQtGA,tweakers,28,Science & Technology,2026-08-28T07:10:12Z,PT6M17S,68311,572,116,https://i.ytimg.com/vi/qirME9LGzag/maxresdefault.jpg,1
2026-08-31T02:15:00.610597+00:00,NL,Netherlands,3,8,qhvPlcwJUvk,A New Way to Collect Brawlers! - Brawl Talk,UCooVYzDxdwTtGYAkcPmOgOw,Brawl Stars,20,Gaming,2026-08-29T15:00:06Z,PT12M51S,6239828,219502,14330,https://i.ytimg.com/vi/qhvPlcwJUvk/maxresdefault.jpg,27
2026-08-31T02:15:00.610597+00:00,NL,Netherlands,4,7,s466YCiHfKw,JENNIE - FALLEN ANGEL (Official Video),UCN9_L9lA9kqJbGANLRus_1A,JennieRubyJaneVEVO,10,Music,2026-08-28T04:00:19Z,PT5M43S,13544483,951234,65066,https://i.ytimg.com/vi/s466YCiHfKw/maxresdefault.jpg,12
2026-08-31T02:15:00.610597+00:00,NL,Netherlands,5,6,IGk17XQ7IrQ,The Witcher 3: Wild Hunt — Remastered | Official Announcement Trailer,UCzybXLxv08IApdjdN0mJhEg,The Witcher,20,Gaming,2026-08-25T19:59:52Z,PT1M46S,4211127,203466,16372,https://i.ytimg.com/vi/IGk17XQ7IrQ/maxresdefault.jpg,28
2026-08-31T02:15:00.610597+00:00,NL,Netherlands,6,5,Dy06SXknr_g,World's Largest Minecraft Build!,UCIPPMRA040LQr5QPyJEbmXA,MrBeast Gaming,20,Gaming,2026-08-29T16:00:00Z,PT24M59S,20329039,400436,13676,https://i.ytimg.com/vi/Dy06SXknr_g/maxresdefault.jpg,40
2026-08-31T02:15:00.610597+00:00,NL,Netherlands,7,4,is8UDe2PhKQ,KATSEYE (캣츠아이) 'Hootie Frutti' Official MV,UC3IZKseVpdzPSBaWxBxundA,HYBE LABELS,10,Music,2026-08-14T03:59:06Z,PT2M34S,58921333,982856,197828,https://i.ytimg.com/vi/is8UDe2PhKQ/maxresdefault.jpg,15
2026-08-31T02:15:00.610597+00:00,NL,Netherlands,8,3,mfBg8TQQrCQ,LEGO Skylines | Announcement Trailer,UCV8KhRQa3TQPT0f0-DC4xFg,LEGO Skylines,22,People & Blogs,2026-08-25T19:28:52Z,PT43S,2202350,56569,2517,https://i.ytimg.com/vi/mfBg8TQQrCQ/maxresdefault.jpg,4
2026-08-31T02:15:00.610597+00:00,NL,Netherlands,9,2,lVnltoDAcj4,Level 1 Tot Level 100 Achtbaan,UCpf4pGjVXwl5t8jl6zaTIiA,Alex Klein,20,Gaming,2026-08-30T06:00:24Z,PT24M54S,64712,2108,114,https://i.ytimg.com/vi/lVnltoDAcj4/maxresdefault.jpg,1
2026-08-31T02:15:00.610597+00:00,NL,Netherlands,10,1,AX5X2kpckVk,DI-RECT - My Friend,UCu6Jy_1NAxIY--MVmgqN5pg,DI-RECT,10,Music,2026-08-28T07:56:15Z,PT4M42S,24674,589,58,https://i.ytimg.com/vi/AX5X2kpckVk/maxresdefault.jpg,1
2026-08-31T02:15:00.610597+00:00,NZ,New Zealand,1,10,is8UDe2PhKQ,KATSEYE (캣츠아이) 'Hootie Frutti' Official MV,UC3IZKseVpdzPSBaWxBxundA,HYBE LABELS,10,Music,2026-08-14T03:59:06Z,PT2M34S,58921333,982856,197828,https://i.ytimg.com/vi/is8UDe2PhKQ/maxresdefault.jpg,15
2026-08-31T02:15:00.610597+00:00,NZ,New Zealand,2,9,6t7C4qaHihE,Ali G: Who Iz I? | Official Trailer,UCf5CjDJvsFvtVIhkfmKAwAA,Amazon MGM Studios,24,Entertainment,2026-08-25T13:00:10Z,PT2M11S,8080641,28883,2552,https://i.ytimg.com/vi/6t7C4qaHihE/maxresdefault.jpg,6
2026-08-31T02:15:00.610597+00:00,NZ,New Zealand,3,8,Dy06SXknr_g,World's Largest Minecraft Build!,UCIPPMRA040LQr5QPyJEbmXA,MrBeast Gaming,20,Gaming,2026-08-29T16:00:00Z,PT24M59S,20329039,400444,13676,https://i.ytimg.com/vi/Dy06SXknr_g/maxresdefault.jpg,40
2026-08-31T02:15:00.610597+00:00,NZ,New Zealand,4,7,rXLcHtVbtJE,"IYKYK (Visualizer) - Jxggi, Dishant, Sickboi | Inferno",UClXCl9FAhq6XDI77ZuNMT_g,Jxggi,10,Music,2026-08-20T04:04:04Z,PT2M36S,4427304,68052,2038,https://i.ytimg.com/vi/rXLcHtVbtJE/maxresdefault.jpg,1
2026-08-31T02:15:00.610597+00:00,NZ,New Zealand,5,6,X1aFkAkFASk,Avengers: Doomsday | Special Look | In Theaters December 18,UCvC4D8onUfXzvjTOM-dBfEA,Marvel Entertainment,24,Entertainment,2026-08-15T04:06:21Z,PT2M10S,36887790,1343094,59863,https://i.ytimg.com/vi/X1aFkAkFASk/maxresdefault.jpg,22
2026-08-31T02:15:00.610597+00:00,NZ,New Zealand,6,5,wSm9GTUttBs,GTA 6 (Grand Theft Auto 6) - Official Extended Gameplay,UCKy1dAqELo0zrOtPkf0eTMw,IGN,20,Gaming,2026-08-28T01:28:32Z,PT26M49S,5825407,97417,10813,https://i.ytimg.com/vi/wSm9GTUttBs/maxresdefault.jpg,4
2026-08-31T02:15:00.610597+00:00,NZ,New Zealand,7,4,cR4EQ_dI1BM,Miley Cyrus & Dolly Parton Perform “Wrecking Ball” / “I Will Always Love You” | Full Performance,UCtwQvkMG2Ksbe2HhB1WJlOg,Cover Nation,10,Music,2026-08-25T19:37:29Z,PT6M10S,3162183,47425,1479,https://i.ytimg.com/vi/cR4EQ_dI1BM/maxresdefault.jpg,2
2026-08-31T02:15:00.610597+00:00,NZ,New Zealand,8,3,IGk17XQ7IrQ,The Witcher 3: Wild Hunt — Remastered | Official Announcement Trailer,UCzybXLxv08IApdjdN0mJhEg,The Witcher,20,Gaming,2026-08-25T19:59:52Z,PT1M46S,4211127,203466,16372,https://i.ytimg.com/vi/IGk17XQ7IrQ/maxresdefault.jpg,28
2026-08-31T02:15:00.610597+00:00,NZ,New Zealand,9,2,L80TxTYyOKU,SIDEMEN MECCHA CHAMELEON BUT WE CAN ONLY USE ONE COLOUR,UCh5mLn90vUaB1PbRRx_AiaA,MoreSidemen,24,Entertainment,2026-08-27T18:00:21Z,PT28M19S,2072020,44375,657,https://i.ytimg.com/vi/L80TxTYyOKU/maxresdefault.jpg,1
2026-08-31T02:15:00.610597+00:00,NZ,New Zealand,10,1,JqFzhcWo3EU,Yeshanagula | The Paradise | Nani | Keerthy Suresh | Anirudh Ravichander | Srikanth Odela,UC68nKdrLbLL0Vj7ilVkLmmg,Saregama Telugu,10,Music,2026-08-29T09:43:07Z,PT3M12S,33591008,451092,10577,https://i.ytimg.com/vi/JqFzhcWo3EU/maxresdefault.jpg,15
2026-08-31T02:15:00.610597+00:00,NI,Nicaragua,1,10,Ybiv_KsIyac,"SE FUE LA PANTERA - Grupo Firme, Grupo Recluta (LETRA) (EN VIVO)",UC4t5Ht7gCo89-2r47qhdfzg,Sonalux,10,Music,2026-08-28T16:46:01Z,PT3M23S,95981,221,1,https://i.ytimg.com/vi/Ybiv_KsIyac/maxresdefault.jpg,4
2026-08-31T02:15:00.610597+00:00,NI,Nicaragua,2,9,om-lsGVdfL8,REACCIONANDO a GTA VI Tráiler Exclusivo - TheGrefg,UCCEmjNPpJYhGDgaEqeeA4HA,TheGrefg,20,Gaming,2026-08-27T22:42:04Z,PT27M55S,1857211,43350,1343,https://i.ytimg.com/vi/om-lsGVdfL8/maxresdefault.jpg,6
2026-08-31T02:15:00.610597+00:00,NI,Nicaragua,3,8,-SlvFCOVvTQ,POR CADA SALTO LLEGO MAS ALTO EN ROBLOX!🏔️,UColTsB6zogXWooPbeO67Wgw,ElAbrahaham,20,Gaming,2026-08-30T18:00:20Z,PT23M33S,547773,21754,2876,https://i.ytimg.com/vi/-SlvFCOVvTQ/maxresdefault.jpg,13
2026-08-31T02:15:00.610597+00:00,NI,Nicaragua,4,7,Too3XygnMdE,Juan Gabriel - Así Fue (En Vivo) (Letra/Lyrics),UC3OcsnHmfLzw0jSOr5ZYO3A,ROSES,10,Music,2026-08-29T20:00:10Z,PT7M3S,157384,705,3,https://i.ytimg.com/vi/Too3XygnMdE/maxresdefault.jpg,11
2026-08-31T02:15:00.610597+00:00,NI,Nicaragua,5,6,u7QErIFCc7k,Avengers Endgame: Bonus | Tráiler Oficial | Doblado,UC8LEXZO4hjzVk6wO3G9pJyQ,Marvel Latinoamérica Oficial,1,Film & Animation,2026-08-25T16:22:08Z,PT1M36S,1310862,44844,1873,https://i.ytimg.com/vi/u7QErIFCc7k/maxresdefault.jpg,6
2026-08-31T02:15:00.610597+00:00,NI,Nicaragua,6,5,y4PdXhBzP_0,Evolucioné de POBRE a Adoptado por FAMILIA MILLONARIA en Minecraft!,UC8EkcHOycB94lHDkbAPSnQA,Nacho,20,Gaming,2026-08-30T21:07:18Z,PT24M8S,225093,4026,243,https://i.ytimg.com/vi/y4PdXhBzP_0/maxresdefault.jpg,12
2026-08-31T02:15:00.610597+00:00,NI,Nicaragua,7,4,UgLmgcUdnn8,Mandingo - Te Vi Con Él (Visualizer),UC-zAk-784Jd4ElPQcvfWDWg,MandingoVEVO,10,Music,2026-08-28T04:00:08Z,PT2M39S,67875,219,2,https://i.ytimg.com/vi/UgLmgcUdnn8/maxresdefault.jpg,2
2026-08-31T02:15:00.610597+00:00,NI,Nicaragua,8,3,oSVTAUKyrL8,Marvel Television’s VisionQuest | Official Trailer,UCvC4D8onUfXzvjTOM-dBfEA,Marvel Entertainment,24,Entertainment,2026-08-15T03:59:17Z,PT2M5S,12965111,316309,16385,https://i.ytimg.com/vi/oSVTAUKyrL8/maxresdefault.jpg,2
2026-08-31T02:15:00.610597+00:00,NI,Nicaragua,9,2,6KGlRSlu3ms,CHICOS vs CHICAS: BATALLA de BASES MILITARES en Minecraft,UCyDUULOp3b3JsehZKIIVzrg,Jardred,20,Gaming,2026-08-30T20:40:59Z,PT26M3S,122646,5679,409,https://i.ytimg.com/vi/6KGlRSlu3ms/maxresdefault.jpg,2
2026-08-31T02:15:00.610597+00:00,NI,Nicaragua,10,1,F4pq0yzpbxs,"Conta Azul El Imperio De La Cumbia presenta el video oficial de ""Maria Salome"".",UCl70LLWljb59CwHw1GO5BIQ,Costa Azul El Imperio De La Cumbia,10,Music,2026-08-28T00:00:06Z,PT3M4S,231919,6911,289,https://i.ytimg.com/vi/F4pq0yzpbxs/maxresdefault.jpg,1
2026-08-31T02:15:00.610597+00:00,NG,Nigeria,1,10,vMm5HL6fBSU,BIG PERFORMER,UCFXYNi16itKb_3u6u79_Gpw,Blaqbonez - Topic,10,Music,2026-08-27T10:04:32Z,PT2M50S,134893,3428,213,https://i.ytimg.com/vi/vMm5HL6fBSU/maxresdefault.jpg,1
2026-08-31T02:15:00.610597+00:00,NG,Nigeria,2,9,kTeqBHEhBSU,ABOBI EPISODE 17 (Official Trailer) Jagaban Squad Season 2,UCScRsOJGmTWzbqCtzcFDqNw,holy ghost concept,1,Film & Animation,2026-08-26T18:00:31Z,PT3M52S,91438,3489,581,https://i.ytimg.com/vi/kTeqBHEhBSU/sddefault.jpg,1
2026-08-31T02:15:00.610597+00:00,NG,Nigeria,3,8,1tffqhaqxRI,UPDATE 30 TRAILER + MAGNET SHOWCASE | Blox Fruits,UC_xlDCBWQPlihORIZLWtpbA,Gamer Robot,20,Gaming,2026-08-30T02:00:06Z,PT14M19S,4358733,195427,50307,https://i.ytimg.com/vi/1tffqhaqxRI/maxresdefault.jpg,6
2026-08-31T02:15:00.610597+00:00,NG,Nigeria,4,7,9dHpikz48KY,BACK 2 U,UC1WyrGL17MrBPr0ZSe7WIsQ,Seyi Vibez - Topic,10,Music,2026-08-27T23:04:30Z,PT2M43S,109334,3010,217,https://i.ytimg.com/vi/9dHpikz48KY/maxresdefault.jpg,1
2026-08-31T02:15:00.610597+00:00,NG,Nigeria,5,6,I-XEjBtRWQY,GIDAN SARAUTA SEASON 6 TRAILER ,UCdiI6VrQ4aYI29FW1ChiHsA,Maishadda Global Resources,24,Entertainment,2026-08-18T20:00:06Z,PT5M37S,310534,10496,452,https://i.ytimg.com/vi/I-XEjBtRWQY/maxresdefault.jpg,2
2026-08-31T02:15:00.610597+00:00,NG,Nigeria,6,5,Dy06SXknr_g,World's Largest Minecraft Build!,UCIPPMRA040LQr5QPyJEbmXA,MrBeast Gaming,20,Gaming,2026-08-29T16:00:00Z,PT24M59S,20329039,400444,13676,https://i.ytimg.com/vi/Dy06SXknr_g/maxresdefault.jpg,40
2026-08-31T02:15:00.610597+00:00,NG,Nigeria,7,4,bB9O9C1wOPo,Dantata,UCh6TfWpZo3DFHxIWJv9kRQw,Zinoleesky - Topic,10,Music,2026-08-26T10:04:07Z,PT2M52S,91847,2594,255,https://i.ytimg.com/vi/bB9O9C1wOPo/maxresdefault.jpg,1
2026-08-31T02:15:00.610597+00:00,NG,Nigeria,8,3,Cu8YaVvsZoA,ABOBI EPISODE 17 official trailer - JAGABAN SQUAD (Season 2) THE END IS NEAR ,UCyQyEP0WNOWNx8NNJn8m1rA,ORINGO1_,22,People & Blogs,2026-08-27T05:53:43Z,PT20M5S,53391,607,49,https://i.ytimg.com/vi/Cu8YaVvsZoA/sddefault.jpg,1
2026-08-31T02:15:00.610597+00:00,NG,Nigeria,9,2,1USv3P-drEA,I Played FC 27 Career Mode Early...,UChR1Yn7YpVrnP-SbsWtjuBA,S2G,20,Gaming,2026-08-26T15:00:35Z,PT24M24S,2190787,41708,1513,https://i.ytimg.com/vi/1USv3P-drEA/maxresdefault.jpg,2
2026-08-31T02:15:00.610597+00:00,NG,Nigeria,10,1,ZMGNAvNs_20,Heaven Baby,UCO4TFKYiSDo7vOQC04mr7Fg,Ayra Starr - Topic,10,Music,2026-08-13T10:02:27Z,PT2M39S,2140906,46819,1128,https://i.ytimg.com/vi/ZMGNAvNs_20/maxresdefault.jpg,1
2026-08-31T02:15:00.610597+00:00,MK,North Macedonia,1,10,1kmy-Kq1TOc,Noizy x Light x Gue - Strip For Me (Official Video),UCim40Arej9EBOfg0ViFW2ww,thisisnoizy,24,Entertainment,2026-08-27T22:00:06Z,PT3M27S,443565,7966,251,https://i.ytimg.com/vi/1kmy-Kq1TOc/maxresdefault.jpg,2
2026-08-31T02:15:00.610597+00:00,MK,North Macedonia,2,9,X1aFkAkFASk,Avengers: Doomsday | Special Look | In Theaters December 18,UCvC4D8onUfXzvjTOM-dBfEA,Marvel Entertainment,24,Entertainment,2026-08-15T04:06:21Z,PT2M10S,36887790,1343094,59863,https://i.ytimg.com/vi/X1aFkAkFASk/maxresdefault.jpg,22
2026-08-31T02:15:00.610597+00:00,MK,North Macedonia,3,8,h2HJuJDUlo0,Mudja & Ćale REAGUJU NA Grand Theft Auto VI: An Extended Look,UCZbp-wYt5PiIkGmoEZ6ChmQ,Mudja,20,Gaming,2026-08-28T07:45:11Z,PT33M52S,483305,12764,434,https://i.ytimg.com/vi/h2HJuJDUlo0/maxresdefault.jpg,5
2026-08-31T02:15:00.610597+00:00,MK,North Macedonia,4,7,is8UDe2PhKQ,KATSEYE (캣츠아이) 'Hootie Frutti' Official MV,UC3IZKseVpdzPSBaWxBxundA,HYBE LABELS,10,Music,2026-08-14T03:59:06Z,PT2M34S,58921333,982856,197828,https://i.ytimg.com/vi/is8UDe2PhKQ/maxresdefault.jpg,15
2026-08-31T02:15:00.610597+00:00,MK,North Macedonia,5,6,qhvPlcwJUvk,A New Way to Collect Brawlers! - Brawl Talk,UCooVYzDxdwTtGYAkcPmOgOw,Brawl Stars,20,Gaming,2026-08-29T15:00:06Z,PT12M51S,6239828,219502,14330,https://i.ytimg.com/vi/qhvPlcwJUvk/maxresdefault.jpg,27
2026-08-31T02:15:00.610597+00:00,MK,North Macedonia,6,5,0P_q4g4v1TI,SLOBA RADANOVIC - POZVACU TE (OFFICIAL VIDEO 2026),UCtHQlg6FypR2SjqPjkkXoog,Sloba Radanovic,10,Music,2026-08-23T12:00:02Z,PT3M11S,2264327,12059,1147,https://i.ytimg.com/vi/0P_q4g4v1TI/maxresdefault.jpg,8
2026-08-31T02:15:00.610597+00:00,MK,North Macedonia,7,4,Dy06SXknr_g,World's Largest Minecraft Build!,UCIPPMRA040LQr5QPyJEbmXA,MrBeast Gaming,20,Gaming,2026-08-29T16:00:00Z,PT24M59S,20329039,400444,13676,https://i.ytimg.com/vi/Dy06SXknr_g/maxresdefault.jpg,40
2026-08-31T02:15:00.610597+00:00,MK,North Macedonia,8,3,LsYc-7ohfxc,VOYAGE - HOTEL I PARTY (OFFICIAL VIDEO),UCcF7lkZqxzI2asePTbksVdA,IDJVideos.TV,10,Music,2026-08-24T11:00:04Z,PT2M18S,246703,5391,223,https://i.ytimg.com/vi/LsYc-7ohfxc/maxresdefault.jpg,3
2026-08-31T02:15:00.610597+00:00,MK,North Macedonia,9,2,oP8bTi7bzsg,"BLAST Open Porto 2026, Day 5 - G2 vs NAVI, M80 vs Aurora, IC vs FUT, Legacy vs Vitality",UC9k--dE_UE0Faxzgb_DDkYQ,BLAST Premier,20,Gaming,2026-08-30T21:37:27Z,PT11H54M57S,2412896,11006,25,https://i.ytimg.com/vi/oP8bTi7bzsg/maxresdefault.jpg,3
2026-08-31T02:15:00.610597+00:00,MK,North Macedonia,10,1,xYHGE93zeQY,DHURATA DORA ft GJESTI - GASOLINA (Official Video),UCtzhq8TIfFB9vRAHVqLL9PA,Dhurata Dora,10,Music,2026-07-28T16:00:06Z,PT2M45S,8905413,50337,2115,https://i.ytimg.com/vi/xYHGE93zeQY/maxresdefault.jpg,1
2026-08-31T02:15:00.610597+00:00,NO,Norway,1,10,x1hI4HbIEJc,"Highasakite - Kongesangen  (Live from Utopia festival, Stavanger 29.08.26)",UCs-VUZrt6_fa_drvV4XAwcw,Highasakiteband,10,Music,2026-08-30T08:55:52Z,PT2M55S,20033,488,23,https://i.ytimg.com/vi/x1hI4HbIEJc/maxresdefault.jpg,1
2026-08-31T02:15:00.610597+00:00,NO,Norway,2,9,IGk17XQ7IrQ,The Witcher 3: Wild Hunt — Remastered | Official Announcement Trailer,UCzybXLxv08IApdjdN0mJhEg,The Witcher,20,Gaming,2026-08-25T19:59:52Z,PT1M46S,4211127,203466,16372,https://i.ytimg.com/vi/IGk17XQ7IrQ/maxresdefault.jpg,28
2026-08-31T02:15:00.610597+00:00,NO,Norway,3,8,Dy06SXknr_g,World's Largest Minecraft Build!,UCIPPMRA040LQr5QPyJEbmXA,MrBeast Gaming,20,Gaming,2026-08-29T16:00:00Z,PT24M59S,20329039,400444,13676,https://i.ytimg.com/vi/Dy06SXknr_g/maxresdefault.jpg,40
2026-08-31T02:15:00.610597+00:00,NO,Norway,4,7,is8UDe2PhKQ,KATSEYE (캣츠아이) 'Hootie Frutti' Official MV,UC3IZKseVpdzPSBaWxBxundA,HYBE LABELS,10,Music,2026-08-14T03:59:06Z,PT2M34S,58921333,982856,197828,https://i.ytimg.com/vi/is8UDe2PhKQ/maxresdefault.jpg,15
2026-08-31T02:15:00.610597+00:00,NO,Norway,5,6,L2NAh3CIdig,Avengers Endgame: Encore | Official Trailer | In Theaters Sep 25,UCvC4D8onUfXzvjTOM-dBfEA,Marvel Entertainment,24,Entertainment,2026-08-25T16:00:01Z,PT1M37S,13723396,319458,17219,https://i.ytimg.com/vi/L2NAh3CIdig/maxresdefault.jpg,29
2026-08-31T02:15:00.610597+00:00,NO,Norway,6,5,Zv-kc-FukXk,THE FUNNIEST GAME OF 2026,UCYzPXprvl5Y-Sf0g4vX-m6g,jacksepticeye,20,Gaming,2026-08-29T17:00:00Z,PT3H21M10S,1259535,27036,1113,https://i.ytimg.com/vi/Zv-kc-FukXk/maxresdefault.jpg,2
2026-08-31T02:15:00.610597+00:00,NO,Norway,7,4,6CqeGHXXioU,"Stray Kids ""FARMING"" Video",UC9rMiEjNaCSsebs31MRDCRA,Stray Kids,10,Music,2026-08-27T14:00:02Z,PT2M48S,5028099,517096,21410,https://i.ytimg.com/vi/6CqeGHXXioU/maxresdefault.jpg,4
2026-08-31T02:15:00.610597+00:00,NO,Norway,8,3,mfBg8TQQrCQ,LEGO Skylines | Announcement Trailer,UCV8KhRQa3TQPT0f0-DC4xFg,LEGO Skylines,22,People & Blogs,2026-08-25T19:28:52Z,PT43S,2202350,56569,2517,https://i.ytimg.com/vi/mfBg8TQQrCQ/maxresdefault.jpg,4
2026-08-31T02:15:00.610597+00:00,NO,Norway,9,2,uphThaa97ig,Grand Theft Auto VI: An Extended Look | Now Playing | Netflix,UCWOA1ZGywLbqmigxE4Qlvuw,Netflix,24,Entertainment,2026-08-27T19:08:02Z,PT27S,5675014,55031,4248,https://i.ytimg.com/vi/uphThaa97ig/maxresdefault.jpg,1
2026-08-31T02:15:00.610597+00:00,NO,Norway,10,1,ozsKU77OWpE,Tom Cruise vs Evel Knievel. Epic Rap Battles Of History,UCMu5gPmKp5av0QCAajKTMhw,ERB,24,Entertainment,2026-08-21T17:00:16Z,PT2M19S,1522971,89065,12278,https://i.ytimg.com/vi/ozsKU77OWpE/maxresdefault.jpg,1
2026-08-31T02:15:00.610597+00:00,OM,Oman,1,10,JqFzhcWo3EU,Yeshanagula | The Paradise | Nani | Keerthy Suresh | Anirudh Ravichander | Srikanth Odela,UC68nKdrLbLL0Vj7ilVkLmmg,Saregama Telugu,10,Music,2026-08-29T09:43:07Z,PT3M12S,33591008,451097,10577,https://i.ytimg.com/vi/JqFzhcWo3EU/maxresdefault.jpg,15
2026-08-31T02:15:00.610597+00:00,OM,Oman,2,9,Bm5S7ZKk6K8,"Haiwaan - Official Trailer | Akshay Kumar, Saif Ali Khan, Boman, Shriya, Saiyami | Priyadarshan",UCFFbwnve3yF62-tVXkTyHqg,Zee Music Company,24,Entertainment,2026-08-25T07:00:04Z,PT2M35S,18224177,161648,11222,https://i.ytimg.com/vi/Bm5S7ZKk6K8/maxresdefault.jpg,7
2026-08-31T02:15:00.610597+00:00,OM,Oman,3,8,RjQENj5FlOU,مقلب النوب في شخص عشوائي !!,UC2qdrMpLKn3GgeCwN65SX_Q,SA7RAWI Gaming,20,Gaming,2026-08-30T11:00:10Z,PT12M13S,240350,20450,1292,https://i.ytimg.com/vi/RjQENj5FlOU/maxresdefault.jpg,4
2026-08-31T02:15:00.610597+00:00,OM,Oman,4,7,rs0gQ-3hbPQ,Muthumani Music Video - DOROTHY | Maestro Ilaiyaraaja | Karthik Subbaraj,UCn4rEMqKtwBQ6-oEwbd4PcA,Sony Music South,10,Music,2026-08-29T06:32:03Z,PT5M24S,2766797,55854,5540,https://i.ytimg.com/vi/rs0gQ-3hbPQ/maxresdefault.jpg,5
2026-08-31T02:15:00.610597+00:00,OM,Oman,5,6,iOMvWcMo8cA,Immortal - Trailer | GV Prakash | Kayadu Lohar | Sam CS | Mariyappan Chinna | Arunkumar Dhanasekaran,UCLbdVvreihwZRL6kwuEUYsA,Think Music India,1,Film & Animation,2026-08-26T12:33:38Z,PT2M56S,6442746,47239,984,https://i.ytimg.com/vi/iOMvWcMo8cA/maxresdefault.jpg,2
2026-08-31T02:15:00.610597+00:00,OM,Oman,6,5,dUgwhe7xOSI,لعبة تكسير العظام المجنونة !!,UCV2JkEBmtfSYGAIlprAhAyQ,شبكة العاب العرب | Arab Games Network,20,Gaming,2026-08-30T11:00:36Z,PT16M5S,206966,10160,750,https://i.ytimg.com/vi/dUgwhe7xOSI/maxresdefault.jpg,1
2026-08-31T02:15:00.610597+00:00,OM,Oman,7,4,s466YCiHfKw,JENNIE - FALLEN ANGEL (Official Video),UCN9_L9lA9kqJbGANLRus_1A,JennieRubyJaneVEVO,10,Music,2026-08-28T04:00:19Z,PT5M43S,13544483,951234,65066,https://i.ytimg.com/vi/s466YCiHfKw/maxresdefault.jpg,12
2026-08-31T02:15:00.610597+00:00,OM,Oman,8,3,1wLNzcrGrVw,"Gunmaaster G9 Teaser | Emraan, Genelia, Aparshakti | Aditya Datt | Himesh | Deepak M | 27 Nov 2026",UC_Qan_w2z9EVG-NS0f2g6XQ,Soham Rockstar Entertainment,1,Film & Animation,2026-08-25T05:41:06Z,PT1M23S,13543865,93563,9473,https://i.ytimg.com/vi/1wLNzcrGrVw/maxresdefault.jpg,3
2026-08-31T02:15:00.610597+00:00,OM,Oman,9,2,aIvgA68Aipk,عدت من الصفر في ماب الكيبورد 😢💔,UCOMwpjGPUrGGUS2Diq6UmVw,El Husamo X,20,Gaming,2026-08-30T16:31:53Z,PT9M4S,396765,9803,823,https://i.ytimg.com/vi/aIvgA68Aipk/maxresdefault.jpg,8
2026-08-31T02:15:00.610597+00:00,OM,Oman,10,1,3xezU7Y37KM,أيسل خالد -  إحنا البنات [2026] | Aysel Khaled - Ehna El Banat,UCK1bU28MPuESq2uh5FJfJtw,Aysel Khaled,10,Music,2026-08-27T12:00:06Z,PT2M12S,1463955,30772,3661,https://i.ytimg.com/vi/3xezU7Y37KM/maxresdefault.jpg,3
2026-08-31T02:15:00.610597+00:00,PK,Pakistan,1,10,WRcIwPwlxbw,Hun Ishq Main - Atif Aslam ft. Yumna Zaidi | When Love Hurts The Most - Official Video,UCF4uIIqbIy05Cmzx3rRt_8g,Atif Aslam,10,Music,2026-08-29T14:00:06Z,PT3M23S,1471044,35141,3243,https://i.ytimg.com/vi/WRcIwPwlxbw/maxresdefault.jpg,1
2026-08-31T02:15:00.610597+00:00,PK,Pakistan,2,9,3fFMsRQ6OQU,MITTI DE BAWAY | Official Trailer | Ft. Wahaj Ali - Mahira Khan | Coming Soon Only On Green TV,UCF2ltLX1dnPa6-L1paPaMzw,Green TV Entertainment,24,Entertainment,2026-08-25T17:59:30Z,PT2M56S,1836174,26772,2504,https://i.ytimg.com/vi/3fFMsRQ6OQU/maxresdefault.jpg,1
2026-08-31T02:15:00.610597+00:00,PK,Pakistan,3,8,AHcY2xmDkoQ,FIRST OFFICIAL GTA 6 GAMEPLAY IS HERE!,UCl_vAxZpvbO-PFXdDu7EdHw,Ujjwal,20,Gaming,2026-08-29T03:30:33Z,PT31M46S,6687831,196836,6133,https://i.ytimg.com/vi/AHcY2xmDkoQ/maxresdefault.jpg,1
2026-08-31T02:15:00.610597+00:00,PK,Pakistan,4,7,uqDmvIDZW38,Top Tarending Punjabi Naat Sharif || Jahan e Millad Gajj Waj Ky Manana Ay || Qari Shahid Mehmood,UCSliAkWi9slSnKJsGWSXbuw,KCH Digital Naat,10,Music,2026-08-25T00:30:26Z,PT20M5S,291405,2647,93,https://i.ytimg.com/vi/uqDmvIDZW38/maxresdefault.jpg,1
2026-08-31T02:15:00.610597+00:00,PK,Pakistan,5,6,79LC4ih46XQ,IJ: Inspector Jamshed | The Secret Parchment | Official Trailer (2027),UCnQ2zpbpVf1Ha-Cvldeii3Q,IJ,1,Film & Animation,2026-08-28T14:00:06Z,PT2M31S,3972990,6724,2083,https://i.ytimg.com/vi/79LC4ih46XQ/maxresdefault.jpg,1
2026-08-31T02:15:00.610597+00:00,PK,Pakistan,6,5,8UE7nLyHooc,MY FIRST DAY IN GANGSTAR MIRAGE CITY,UCX8pnu3DYUnx8qy8V_c6oHg,Techno Gamerz,20,Gaming,2026-08-23T08:41:34Z,PT1H4M36S,7021633,195885,17073,https://i.ytimg.com/vi/8UE7nLyHooc/maxresdefault.jpg,1
2026-08-31T02:15:00.610597+00:00,PK,Pakistan,7,4,DeRwOX0YpCs,Owais Raza Qadri | Chan Charhya Amina De Laal Da | New Rabi Ul Awwal Naat 2026 | Heera Gold,UC9dfnBWlg5h1Fr5_w8rjZyg,Heera Gold,10,Music,2026-08-22T14:00:06Z,PT7M39S,1417711,11462,861,https://i.ytimg.com/vi/DeRwOX0YpCs/sddefault.jpg,1
2026-08-31T02:15:00.610597+00:00,PK,Pakistan,8,3,Bm5S7ZKk6K8,"Haiwaan - Official Trailer | Akshay Kumar, Saif Ali Khan, Boman, Shriya, Saiyami | Priyadarshan",UCFFbwnve3yF62-tVXkTyHqg,Zee Music Company,24,Entertainment,2026-08-25T07:00:04Z,PT2M35S,18224177,161648,11222,https://i.ytimg.com/vi/Bm5S7ZKk6K8/maxresdefault.jpg,7
2026-08-31T02:15:00.610597+00:00,PK,Pakistan,9,2,KH_SYQKcgTo,Build Secret Room to Win! 😆,UCIpN4Y3Pt00Q9KoQMWI77_Q,Tyro Gaming,20,Gaming,2026-08-24T14:26:10Z,PT11M41S,2791507,14780,684,https://i.ytimg.com/vi/KH_SYQKcgTo/maxresdefault.jpg,1
2026-08-31T02:15:00.610597+00:00,PK,Pakistan,10,1,ZWG9iXnrDfI,"Jokhay, Umair, Talha Anjum, Talhah Yunus - HOME (Official Music Video)",UCNof77AEeGM5KEX93ur4DFQ,Umair,10,Music,2026-08-26T15:00:06Z,PT4M53S,408298,23103,1714,https://i.ytimg.com/vi/ZWG9iXnrDfI/maxresdefault.jpg,1
2026-08-31T02:15:00.610597+00:00,PA,Panama,1,10,HpB4Pcdxsrs,La Perversa - Mona (Video Oficial),UCjg8vMcrT6QzC2RVRJRNo7A,La Perversa,10,Music,2026-08-28T17:00:06Z,PT2M35S,1772707,113698,55182,https://i.ytimg.com/vi/HpB4Pcdxsrs/maxresdefault.jpg,6
2026-08-31T02:15:00.610597+00:00,PA,Panama,2,9,rkEHl4jCpLU,MI REACCIÓN al TRAILER de GTA 6 😱 - Nexxuz,UCggHFGmLDDStxyM-uy9DYnQ,Nexxuz World,24,Entertainment,2026-08-30T20:00:25Z,PT49M22S,130765,9680,361,https://i.ytimg.com/vi/rkEHl4jCpLU/maxresdefault.jpg,18
2026-08-31T02:15:00.610597+00:00,PA,Panama,3,8,y4PdXhBzP_0,Evolucioné de POBRE a Adoptado por FAMILIA MILLONARIA en Minecraft!,UC8EkcHOycB94lHDkbAPSnQA,Nacho,20,Gaming,2026-08-30T21:07:18Z,PT24M8S,225093,4026,243,https://i.ytimg.com/vi/y4PdXhBzP_0/maxresdefault.jpg,12
2026-08-31T02:15:00.610597+00:00,PA,Panama,4,7,hSe_shiCzgw,NO COPIO CHIP,UCpmkSM_7_C5ZEq0ZZv_4wlA,Yemil - Topic,10,Music,2026-08-27T19:25:01Z,PT5M25S,9340,299,7,https://i.ytimg.com/vi/hSe_shiCzgw/maxresdefault.jpg,1
2026-08-31T02:15:00.610597+00:00,PA,Panama,5,6,u7QErIFCc7k,Avengers Endgame: Bonus | Tráiler Oficial | Doblado,UC8LEXZO4hjzVk6wO3G9pJyQ,Marvel Latinoamérica Oficial,1,Film & Animation,2026-08-25T16:22:08Z,PT1M36S,1310862,44844,1873,https://i.ytimg.com/vi/u7QErIFCc7k/maxresdefault.jpg,6
2026-08-31T02:15:00.610597+00:00,PA,Panama,6,5,Dy06SXknr_g,World's Largest Minecraft Build!,UCIPPMRA040LQr5QPyJEbmXA,MrBeast Gaming,20,Gaming,2026-08-29T16:00:00Z,PT24M59S,20329039,400444,13676,https://i.ytimg.com/vi/Dy06SXknr_g/maxresdefault.jpg,40
2026-08-31T02:15:00.610597+00:00,PA,Panama,7,4,kIwTVV-xQCY,"Louis BPM, Michael Flores - Suena (Video Oficial)",UCqHMVAE6BJ0WSY1oRJuTrgw,Louis BPM,10,Music,2026-08-28T22:00:06Z,PT3M49S,467205,20978,8046,https://i.ytimg.com/vi/kIwTVV-xQCY/maxresdefault.jpg,2
2026-08-31T02:15:00.610597+00:00,PA,Panama,8,3,oSVTAUKyrL8,Marvel Television’s VisionQuest | Official Trailer,UCvC4D8onUfXzvjTOM-dBfEA,Marvel Entertainment,24,Entertainment,2026-08-15T03:59:17Z,PT2M5S,12965111,316309,16385,https://i.ytimg.com/vi/oSVTAUKyrL8/maxresdefault.jpg,2
2026-08-31T02:15:00.610597+00:00,PA,Panama,9,2,pLfQNq0Bgu8,Me Convertí en REY HACKER para Vengarme de Mis Amigos en Minecraft!,UCEs5MQjXJq27-X2vgdwtYDw,Dagar,20,Gaming,2026-08-29T20:35:52Z,PT25M5S,1358460,14702,814,https://i.ytimg.com/vi/pLfQNq0Bgu8/maxresdefault.jpg,3
2026-08-31T02:15:00.610597+00:00,PA,Panama,10,1,ItsrTiYI5fI,La Mas Doll X Malu Trevejo - Paso 1 Remix ( Video Oficial ),UC7XLl-6uFAUJVvm-xl3jZVw,La Mas Doll,10,Music,2026-08-28T17:33:16Z,PT2M22S,413298,19593,1652,https://i.ytimg.com/vi/ItsrTiYI5fI/maxresdefault.jpg,2
2026-08-31T02:15:00.610597+00:00,PG,Papua New Guinea,1,10,JqFzhcWo3EU,Yeshanagula | The Paradise | Nani | Keerthy Suresh | Anirudh Ravichander | Srikanth Odela,UC68nKdrLbLL0Vj7ilVkLmmg,Saregama Telugu,10,Music,2026-08-29T09:43:07Z,PT3M12S,33591008,451097,10577,https://i.ytimg.com/vi/JqFzhcWo3EU/maxresdefault.jpg,15
2026-08-31T02:15:00.610597+00:00,PG,Papua New Guinea,2,9,exKLy6CwUNo,Tower Defense X Tower Battles II Trailer | ROBLOX,UCojsj6T5tNPGPZSx7wn4coQ,JOHN ROBLOX,20,Gaming,2026-08-30T18:59:31Z,PT1M41S,85912,4593,1017,https://i.ytimg.com/vi/exKLy6CwUNo/maxresdefault.jpg,6
2026-08-31T02:15:00.610597+00:00,PG,Papua New Guinea,3,8,7yj_WVQIB4I,This video will teach you How To Fish,UCzXwjTI6c6mVn6oui_p6oiw,SMii7Y,20,Gaming,2026-08-30T19:13:11Z,PT32M35S,1131249,45323,1992,https://i.ytimg.com/vi/7yj_WVQIB4I/maxresdefault.jpg,6
2026-08-31T02:15:00.610597+00:00,PG,Papua New Guinea,4,7,GPb7pwHIDx4,Jarahn x SHLD - Yu Les (Audio) feat. Nene Morus & Rich Antony ,UC44awJ49tZNNMliYVPQDdmA,Jarahn,10,Music,2026-08-27T16:14:51Z,PT4M2S,25957,1499,86,https://i.ytimg.com/vi/GPb7pwHIDx4/maxresdefault.jpg,2
2026-08-31T02:15:00.610597+00:00,PG,Papua New Guinea,5,6,CBUBk3uwWM0,The PS5 Pro is SOLD OUT All Over the U.S. after Netflix's GTA 6 Extended Look Trailer!,UCs95gwav7frv5HTVqAGa7uQ,Tyrone Magnus,20,Gaming,2026-08-30T21:48:23Z,PT4M51S,38182,1157,330,https://i.ytimg.com/vi/CBUBk3uwWM0/maxresdefault.jpg,2
2026-08-31T02:15:00.610597+00:00,PG,Papua New Guinea,6,5,pVm-0kQiFxk,I Became BEN-10 in Minecraft!,UC0eLBYhxW9HC0P9PXQ73mpQ,Cash,24,Entertainment,2026-08-30T15:00:19Z,PT20M36S,616337,7877,1374,https://i.ytimg.com/vi/pVm-0kQiFxk/maxresdefault.jpg,8
2026-08-31T02:15:00.610597+00:00,PG,Papua New Guinea,7,4,HpB4Pcdxsrs,La Perversa - Mona (Video Oficial),UCjg8vMcrT6QzC2RVRJRNo7A,La Perversa,10,Music,2026-08-28T17:00:06Z,PT2M35S,1772707,113698,55182,https://i.ytimg.com/vi/HpB4Pcdxsrs/maxresdefault.jpg,6
2026-08-31T02:15:00.610597+00:00,PG,Papua New Guinea,8,3,h7EX3dxqXHI,Lanterns Episode 3 Trailer: WTF Happened To Hal Jordan,UCDiFRMQWpcp8_KD4vwIVicw,Emergency Awesome,24,Entertainment,2026-08-29T20:23:19Z,PT13M59S,333970,4485,603,https://i.ytimg.com/vi/h7EX3dxqXHI/maxresdefault.jpg,2
2026-08-31T02:15:00.610597+00:00,PG,Papua New Guinea,9,2,fqZNgsq2zIM,YOU forgot to stop recording...,UCNDzLI-hyihpAx3zKtwhGZw,Techy Plays,20,Gaming,2026-08-30T20:15:00Z,PT12M25S,180428,4847,1030,https://i.ytimg.com/vi/fqZNgsq2zIM/maxresdefault.jpg,2
2026-08-31T02:15:00.610597+00:00,PG,Papua New Guinea,10,1,ZbkNJGXeXJU,Prometiste Volver,UCBcH-tCfIuZ-PlpkPk7UZew,Release - Topic,10,Music,2026-08-29T15:57:05Z,PT3M7S,296968,1856,0,https://i.ytimg.com/vi/ZbkNJGXeXJU/maxresdefault.jpg,4
2026-08-31T02:15:00.610597+00:00,PY,Paraguay,1,10,4iyI_WtYA_s,Luis Mosqueda y Su Grupo Komando - Mi Vida Eres Tu (Sesión de Mejores Éxitos),UCKPy4rsyX5CDylSw4corqHg,Luis Mosqueda,10,Music,2026-08-28T14:00:06Z,PT4M21S,15849,137,3,https://i.ytimg.com/vi/4iyI_WtYA_s/maxresdefault.jpg,1
2026-08-31T02:15:00.610597+00:00,PY,Paraguay,2,9,rkEHl4jCpLU,MI REACCIÓN al TRAILER de GTA 6 😱 - Nexxuz,UCggHFGmLDDStxyM-uy9DYnQ,Nexxuz World,24,Entertainment,2026-08-30T20:00:25Z,PT49M22S,130765,9680,361,https://i.ytimg.com/vi/rkEHl4jCpLU/maxresdefault.jpg,18
2026-08-31T02:15:00.610597+00:00,PY,Paraguay,3,8,-SlvFCOVvTQ,POR CADA SALTO LLEGO MAS ALTO EN ROBLOX!🏔️,UColTsB6zogXWooPbeO67Wgw,ElAbrahaham,20,Gaming,2026-08-30T18:00:20Z,PT23M33S,547773,21754,2876,https://i.ytimg.com/vi/-SlvFCOVvTQ/maxresdefault.jpg,13
2026-08-31T02:15:00.610597+00:00,PY,Paraguay,4,7,1_9ut0YfipM,"Dalex - Pa Mi (Remix) ft. Sech, Rafa Pabön, Cazzu, Feid, KHEA, Lenny Tavárez (Letra)",UC80-pD8usP8Z277k2E6QhZQ,Asoniq,10,Music,2026-08-28T17:30:03Z,PT6M2S,115789,110,3,https://i.ytimg.com/vi/1_9ut0YfipM/maxresdefault.jpg,3
2026-08-31T02:15:00.610597+00:00,PY,Paraguay,5,6,om-lsGVdfL8,REACCIONANDO a GTA VI Tráiler Exclusivo - TheGrefg,UCCEmjNPpJYhGDgaEqeeA4HA,TheGrefg,20,Gaming,2026-08-27T22:42:04Z,PT27M55S,1857211,43349,1343,https://i.ytimg.com/vi/om-lsGVdfL8/maxresdefault.jpg,6
2026-08-31T02:15:00.610597+00:00,PY,Paraguay,6,5,y4PdXhBzP_0,Evolucioné de POBRE a Adoptado por FAMILIA MILLONARIA en Minecraft!,UC8EkcHOycB94lHDkbAPSnQA,Nacho,20,Gaming,2026-08-30T21:07:18Z,PT24M8S,225093,4026,243,https://i.ytimg.com/vi/y4PdXhBzP_0/maxresdefault.jpg,12
2026-08-31T02:15:00.610597+00:00,PY,Paraguay,7,4,UgLmgcUdnn8,Mandingo - Te Vi Con Él (Visualizer),UC-zAk-784Jd4ElPQcvfWDWg,MandingoVEVO,10,Music,2026-08-28T04:00:08Z,PT2M39S,67875,219,2,https://i.ytimg.com/vi/UgLmgcUdnn8/maxresdefault.jpg,2
2026-08-31T02:15:00.610597+00:00,PY,Paraguay,8,3,u7QErIFCc7k,Avengers Endgame: Bonus | Tráiler Oficial | Doblado,UC8LEXZO4hjzVk6wO3G9pJyQ,Marvel Latinoamérica Oficial,1,Film & Animation,2026-08-25T16:22:08Z,PT1M36S,1310862,44844,1873,https://i.ytimg.com/vi/u7QErIFCc7k/maxresdefault.jpg,6
2026-08-31T02:15:00.610597+00:00,PY,Paraguay,9,2,7jljnd_429U,Encerré a Mis Amigas en UN BLOQUE ENDERMAN en Minecraft!,UC62nFXtc3KNujp9LCPJt-sA,Awita,20,Gaming,2026-08-30T20:09:41Z,PT32M35S,223025,5061,426,https://i.ytimg.com/vi/7jljnd_429U/maxresdefault.jpg,4
2026-08-31T02:15:00.610597+00:00,PY,Paraguay,10,1,zN6cPHhOUCg,"B-rlin, Rodrigo Tapari - La Culpa / Por Que Te Tengo Que Olvidar (Video Oficial)",UCBBy6zULfQ43sN-SfbxKfGg,B-RLIN,10,Music,2026-08-27T23:00:06Z,PT4M34S,277630,1353,26,https://i.ytimg.com/vi/zN6cPHhOUCg/maxresdefault.jpg,2
2026-08-31T02:15:00.610597+00:00,PE,Peru,1,10,Too3XygnMdE,Juan Gabriel - Así Fue (En Vivo) (Letra/Lyrics),UC3OcsnHmfLzw0jSOr5ZYO3A,ROSES,10,Music,2026-08-29T20:00:10Z,PT7M3S,157384,705,3,https://i.ytimg.com/vi/Too3XygnMdE/maxresdefault.jpg,11
2026-08-31T02:15:00.610597+00:00,PE,Peru,2,9,qaQlkyDnqNc,AQUINO reacciona al NUEVO TRAILER de GTA VI,UCDWfTlPBpzJjuR6fImZpzqA,AQUISI R,24,Entertainment,2026-08-30T19:00:13Z,PT38M23S,54803,2559,96,https://i.ytimg.com/vi/qaQlkyDnqNc/maxresdefault.jpg,7
2026-08-31T02:15:00.610597+00:00,PE,Peru,3,8,-SlvFCOVvTQ,POR CADA SALTO LLEGO MAS ALTO EN ROBLOX!🏔️,UColTsB6zogXWooPbeO67Wgw,ElAbrahaham,20,Gaming,2026-08-30T18:00:20Z,PT23M33S,547773,21754,2876,https://i.ytimg.com/vi/-SlvFCOVvTQ/maxresdefault.jpg,13
2026-08-31T02:15:00.610597+00:00,PE,Peru,4,7,XTdwQORXEJM,"Fuerza Regida, Grupo Frontera - COQUETA [video lyrics + letra]",UCWAlw2fr0YPfeLGyAGs3nuQ,Stream Lyrics,10,Music,2026-08-29T19:00:33Z,PT4M2S,59417,129,3,https://i.ytimg.com/vi/XTdwQORXEJM/maxresdefault.jpg,3
2026-08-31T02:15:00.610597+00:00,PE,Peru,5,6,rkEHl4jCpLU,MI REACCIÓN al TRAILER de GTA 6 😱 - Nexxuz,UCggHFGmLDDStxyM-uy9DYnQ,Nexxuz World,24,Entertainment,2026-08-30T20:00:25Z,PT49M22S,130765,9680,361,https://i.ytimg.com/vi/rkEHl4jCpLU/maxresdefault.jpg,18
2026-08-31T02:15:00.610597+00:00,PE,Peru,6,5,sQQ7pwt94cc,el MEJOR ESCONDITE de MECCHA CHAMELEON,UC7jtSuXXamDt0eKFfYfGLDQ,AQUISI,20,Gaming,2026-08-30T17:15:33Z,PT21M2S,141438,9322,378,https://i.ytimg.com/vi/sQQ7pwt94cc/maxresdefault.jpg,1
2026-08-31T02:15:00.610597+00:00,PE,Peru,7,4,960i8viwyko,"KAROL G, Judeline, rusowsky - BbY WOW (Letra)",UCnD0OseWT-jVB3xX1TAo1jg,GOD LYRICS,10,Music,2026-08-29T13:30:33Z,PT3M47S,65621,166,0,https://i.ytimg.com/vi/960i8viwyko/maxresdefault.jpg,1
2026-08-31T02:15:00.610597+00:00,PE,Peru,8,3,WsHXdkWrExA,Avengers: Doomsday | FINAL TRAILER CONCEPT “SACRIFICE” | Marvel Studios,UCO2EFMFF07y9BikFGKGIlkw,MovieTrailers Entertainment,24,Entertainment,2026-08-29T13:35:26Z,PT1M32S,3270710,22597,614,https://i.ytimg.com/vi/WsHXdkWrExA/maxresdefault.jpg,4
2026-08-31T02:15:00.610597+00:00,PE,Peru,9,2,hdrzQ9tmlOc,JUGAMOS AL MM2 DE TERROR CON AMIGOS | MM2 of The Locust,UCp-MGAju1QmvsCNZOEQikzQ,Nabriel,20,Gaming,2026-08-30T17:41:46Z,PT22M46S,219457,6547,625,https://i.ytimg.com/vi/hdrzQ9tmlOc/maxresdefault.jpg,3
2026-08-31T02:15:00.610597+00:00,PE,Peru,10,1,KS5kBykL81c,La Cita - Galy Galiano (Letra),UCkeWrvpH3MyplVSzgTGc-mg,Big Dance,10,Music,2026-08-28T20:36:17Z,PT4M51S,279534,416,1,https://i.ytimg.com/vi/KS5kBykL81c/maxresdefault.jpg,2
2026-08-31T02:15:00.610597+00:00,PH,Philippines,1,10,s466YCiHfKw,JENNIE - FALLEN ANGEL (Official Video),UCN9_L9lA9kqJbGANLRus_1A,JennieRubyJaneVEVO,10,Music,2026-08-28T04:00:19Z,PT5M43S,13544483,951234,65066,https://i.ytimg.com/vi/s466YCiHfKw/maxresdefault.jpg,12
2026-08-31T02:15:00.610597+00:00,PH,Philippines,2,9,L2NAh3CIdig,Avengers Endgame: Encore | Official Trailer | In Theaters Sep 25,UCvC4D8onUfXzvjTOM-dBfEA,Marvel Entertainment,24,Entertainment,2026-08-25T16:00:01Z,PT1M37S,13723396,319458,17219,https://i.ytimg.com/vi/L2NAh3CIdig/maxresdefault.jpg,29
2026-08-31T02:15:00.610597+00:00,PH,Philippines,3,8,rlRZ5MZVQo4,🔴 LIVE | MPL PH S18 | FILIPINO - Week 2 Day 2,UC5ASeit2rM3taMSUChv9tNA,MPL Philippines,20,Gaming,2026-08-29T14:19:19Z,PT7H47M46S,1176403,3118,15,https://i.ytimg.com/vi/rlRZ5MZVQo4/maxresdefault.jpg,1
2026-08-31T02:15:00.610597+00:00,PH,Philippines,4,7,qprlMje7lv0,New Tiktok Mashup 2026 Philippines Party Music Viral Dance Trends August 29th,UCEplDDv2Vs6PI25pY-A9ATg,Kuya Magik,10,Music,2026-08-28T23:00:06Z,PT6M57S,197862,548,18,https://i.ytimg.com/vi/qprlMje7lv0/maxresdefault.jpg,1
2026-08-31T02:15:00.610597+00:00,PH,Philippines,5,6,mVBXAw7KoyY,Birth to Death to ANGEL in Minecraft! | Full Movie (Tagalog),UCxc7QhSuo4MWrkGsaMVCqAw,Esoni TV,20,Gaming,2026-08-29T01:39:29Z,PT42M19S,320037,6057,167,https://i.ytimg.com/vi/mVBXAw7KoyY/maxresdefault.jpg,1
2026-08-31T02:15:00.610597+00:00,PH,Philippines,6,5,aub5U-8i-N0,Uncle Dags - Tamaraw (feat. KKRAM) [Official Audio],UCZi3t_c2hzyaIwivMksw7ZQ,Uncle Dags,10,Music,2026-08-27T12:19:05Z,PT2M55S,342987,6706,614,https://i.ytimg.com/vi/aub5U-8i-N0/maxresdefault.jpg,1
2026-08-31T02:15:00.610597+00:00,PH,Philippines,7,4,6dBkIHhMn6g,NINAKAW KO ANG PINAKA MALAKING ITLOG | Roblox | Steal an Egg,UCvJwM52bzNiciUl1kquh0kQ,PlayofEL,20,Gaming,2026-08-28T09:00:00Z,PT10M27S,359871,2783,204,https://i.ytimg.com/vi/6dBkIHhMn6g/maxresdefault.jpg,1
2026-08-31T02:15:00.610597+00:00,PH,Philippines,8,3,iDsCUEegBfU,On Bended Knee - Boyz II Men (Lyrics),UCVu5opa9d4JdDxGsR3zaqAg,LatinNow,10,Music,2026-08-28T16:07:35Z,PT5M32S,183706,204,5,https://i.ytimg.com/vi/iDsCUEegBfU/maxresdefault.jpg,2
2026-08-31T02:15:00.610597+00:00,PH,Philippines,9,2,0PvgNGS7ung,I reached MAXIMUM SPEED in Roblox Steal an Egg,UCzGPteDoucK29iiaj_dUKmg,LazySly,20,Gaming,2026-08-29T09:00:09Z,PT11M6S,390457,6788,637,https://i.ytimg.com/vi/0PvgNGS7ung/maxresdefault.jpg,1
2026-08-31T02:15:00.610597+00:00,PH,Philippines,10,1,W5UOE42ApkE,Ben&Ben - Leaves (Reimagined),UCD2HT__OY6xzj-YbnAXJhfA,Ben&Ben,10,Music,2026-08-26T16:00:06Z,PT6M9S,422168,13569,887,https://i.ytimg.com/vi/W5UOE42ApkE/maxresdefault.jpg,1
2026-08-31T02:15:00.610597+00:00,PL,Poland,1,10,DkL6pnllq9I,White 2115 x Mata - 1 na 1 000 000,UCwlfiDDikYOz4vLPyacLjhQ,Mata,10,Music,2026-08-26T10:01:17Z,PT2M52S,667353,25471,823,https://i.ytimg.com/vi/DkL6pnllq9I/maxresdefault.jpg,1
2026-08-31T02:15:00.610597+00:00,PL,Poland,2,9,QBresan2SAc,Oglądamy GTA VI Netflix Trailer,UCjgeJEsJgMcSYiq9W-9zowg,Rock Play,20,Gaming,2026-08-27T20:09:07Z,PT2H27M35S,148333,1703,241,https://i.ytimg.com/vi/QBresan2SAc/maxresdefault.jpg,1
2026-08-31T02:15:00.610597+00:00,PL,Poland,3,8,5cqRDe_J1m0,"♪ PALION - TO KONIEC feat. LEON, OLEK, LIONEK [OFFICIAL MUSIC VIDEO] ♪",UCeT1CAJARncDwNfFUL9vaQw,Palion Games Plus,20,Gaming,2026-08-28T16:34:57Z,PT3M47S,633926,15094,3936,https://i.ytimg.com/vi/5cqRDe_J1m0/maxresdefault.jpg,1
2026-08-31T02:15:00.610597+00:00,PL,Poland,4,7,LMsu2oI3OWc,"HELLFIELD, KIZO - Lato w Mieście (Official Video)",UC4zZ5a4AQ9Yift8qjtOXnWw,CrackHouse Cartel,10,Music,2026-08-26T16:00:07Z,PT2M3S,560390,9232,930,https://i.ytimg.com/vi/LMsu2oI3OWc/maxresdefault.jpg,1
2026-08-31T02:15:00.610597+00:00,PL,Poland,5,6,WppDuzDdydU,Avengers: Koniec gry - wersja rozszerzona - zwiastun [dubbing],UC013Ye43hZTVka-WGv79Ogg,MarvelPolska,1,Film & Animation,2026-08-25T16:24:53Z,PT1M36S,78357,1886,274,https://i.ytimg.com/vi/WppDuzDdydU/maxresdefault.jpg,1
2026-08-31T02:15:00.610597+00:00,PL,Poland,6,5,8H0E8kzJ5ys,PSYCHO FANKA ZAKOCHAŁA SIĘ WE MNIE w SZKOLE na Wojanowicach!,UCzTFc6-iB68HTx3syrjTN_w,Wojan Games,20,Gaming,2026-08-30T11:47:49Z,PT20M57S,184651,3804,266,https://i.ytimg.com/vi/8H0E8kzJ5ys/maxresdefault.jpg,1
2026-08-31T02:15:00.610597+00:00,PL,Poland,7,4,-KUTG19rJaM,Malik Montana - 5980 [Official Music Video],UC62NYWTdIoC6U8CLPsqekwg,Malik Montana,10,Music,2026-08-28T11:23:27Z,PT2M30S,149783,4392,172,https://i.ytimg.com/vi/-KUTG19rJaM/maxresdefault.jpg,1
2026-08-31T02:15:00.610597+00:00,PL,Poland,8,3,qhvPlcwJUvk,A New Way to Collect Brawlers! - Brawl Talk,UCooVYzDxdwTtGYAkcPmOgOw,Brawl Stars,20,Gaming,2026-08-29T15:00:06Z,PT12M51S,6239828,219502,14330,https://i.ytimg.com/vi/qhvPlcwJUvk/maxresdefault.jpg,27
2026-08-31T02:15:00.610597+00:00,PL,Poland,9,2,3tdwaMRGOZ8,"Mrozu feat. Kacperczyk – Wszystko, czego chciałem",UCFGAXAPCEw6wIj8W5LKPSyw,Mrozu,10,Music,2026-08-28T09:00:07Z,PT3M23S,251189,4282,175,https://i.ytimg.com/vi/3tdwaMRGOZ8/maxresdefault.jpg,1
2026-08-31T02:15:00.610597+00:00,PL,Poland,10,1,hTOPxdyQ-Rk,NIE ZMAZUJ TEGO w Minecraft ✏️✨,UClFiR6dnvdeTYJ_P_LlOWiA,Luczek 🐶,20,Gaming,2026-08-30T07:30:35Z,PT54M26S,98914,1238,58,https://i.ytimg.com/vi/hTOPxdyQ-Rk/maxresdefault.jpg,1
2026-08-31T02:15:00.610597+00:00,PT,Portugal,1,10,z-Fjsh-gZMs,Topboy BLK - Mota Jr (Official Video),UChtyL42RpgeOkIQjHS0rw3g,Topboy BLK,10,Music,2026-08-21T19:00:06Z,PT2M49S,217066,6414,346,https://i.ytimg.com/vi/z-Fjsh-gZMs/maxresdefault.jpg,2
2026-08-31T02:15:00.610597+00:00,PT,Portugal,2,9,L2NAh3CIdig,Avengers Endgame: Encore | Official Trailer | In Theaters Sep 25,UCvC4D8onUfXzvjTOM-dBfEA,Marvel Entertainment,24,Entertainment,2026-08-25T16:00:01Z,PT1M37S,13723396,319458,17219,https://i.ytimg.com/vi/L2NAh3CIdig/maxresdefault.jpg,29
2026-08-31T02:15:00.610597+00:00,PT,Portugal,3,8,b3YKHTYoK0o,GTA 6 está simplesmente INCRÍVEL...,UC6eo8jj1kws9Dhde_rTmKoA,Clips do Wuant,24,Entertainment,2026-08-28T21:19:14Z,PT33M30S,181321,6480,222,https://i.ytimg.com/vi/b3YKHTYoK0o/maxresdefault.jpg,1
2026-08-31T02:15:00.610597+00:00,PT,Portugal,4,7,NaMe2SBdhfY,"Calema, Léo Santana - Oi Amor ?",UC4Sx0tMqY7Z6VZKL8Z76tog,CalemaVEVO,10,Music,2026-08-28T15:00:06Z,PT2M53S,173852,5134,163,https://i.ytimg.com/vi/NaMe2SBdhfY/maxresdefault.jpg,1
2026-08-31T02:15:00.610597+00:00,PT,Portugal,5,6,IGk17XQ7IrQ,The Witcher 3: Wild Hunt — Remastered | Official Announcement Trailer,UCzybXLxv08IApdjdN0mJhEg,The Witcher,20,Gaming,2026-08-25T19:59:52Z,PT1M46S,4211127,203466,16372,https://i.ytimg.com/vi/IGk17XQ7IrQ/maxresdefault.jpg,28
2026-08-31T02:15:00.610597+00:00,PT,Portugal,6,5,dfFr-V9TNOI,🔴LIVE ➡️ GTA VI NETFLIX TRAILER WATCH PARTY ➡️ JUNTA-TE !!!,UC7I9vRncx1-vox41l1A0ACQ,RicFazeres,20,Gaming,2026-08-27T21:57:26Z,PT4H47M51S,284061,6389,71,https://i.ytimg.com/vi/dfFr-V9TNOI/maxresdefault.jpg,1
2026-08-31T02:15:00.610597+00:00,PT,Portugal,7,4,w0lUwHqF6G0,"VOU TACAR NA PEKA DAS BEBÊ - MC Kauan PV ""Coral das Quebradas"" (Love Funk) DJ Yago",UC9OMsuaqvGdF0MtK3gYYNkA,Love Funk,10,Music,2026-08-19T22:00:06Z,PT1M59S,2846838,53078,696,https://i.ytimg.com/vi/w0lUwHqF6G0/maxresdefault.jpg,1
2026-08-31T02:15:00.610597+00:00,PT,Portugal,8,3,DlRoO6C1rSg,Marvel’s Wolverine - Game Features Trailer | PS5 Games,UC-2Y8dQb0S6DtpxNgAKoJKA,PlayStation,20,Gaming,2026-08-28T12:00:23Z,PT4M3S,1653109,50829,3570,https://i.ytimg.com/vi/DlRoO6C1rSg/maxresdefault.jpg,3
2026-08-31T02:15:00.610597+00:00,PT,Portugal,9,2,4ixvYK2_GDc,O MUNDO ACABOU E VOU SALVAR MINHA FAMÍLIA - 60 Seconds,UCIzdh7oty8jCnXUj3eUj2WQ,Felipe Neto Joga,24,Entertainment,2026-08-28T15:00:34Z,PT1H8M47S,922024,52028,2029,https://i.ytimg.com/vi/4ixvYK2_GDc/maxresdefault.jpg,1
2026-08-31T02:15:00.610597+00:00,PT,Portugal,10,1,-6zqxjFMnNQ,"Minha mulher, melhor amiga",UCrjYRzYYytO87nVNU2pcHJQ,DEVEZ - Topic,10,Music,2026-08-25T15:06:10Z,PT4M,45115,1720,0,https://i.ytimg.com/vi/-6zqxjFMnNQ/maxresdefault.jpg,1
2026-08-31T02:15:00.610597+00:00,PR,Puerto Rico,1,10,HpB4Pcdxsrs,La Perversa - Mona (Video Oficial),UCjg8vMcrT6QzC2RVRJRNo7A,La Perversa,10,Music,2026-08-28T17:00:06Z,PT2M35S,1772707,113698,55182,https://i.ytimg.com/vi/HpB4Pcdxsrs/maxresdefault.jpg,6
2026-08-31T02:15:00.610597+00:00,PR,Puerto Rico,2,9,rkEHl4jCpLU,MI REACCIÓN al TRAILER de GTA 6 😱 - Nexxuz,UCggHFGmLDDStxyM-uy9DYnQ,Nexxuz World,24,Entertainment,2026-08-30T20:00:25Z,PT49M22S,130765,9684,361,https://i.ytimg.com/vi/rkEHl4jCpLU/maxresdefault.jpg,18
2026-08-31T02:15:00.610597+00:00,PR,Puerto Rico,3,8,7yj_WVQIB4I,This video will teach you How To Fish,UCzXwjTI6c6mVn6oui_p6oiw,SMii7Y,20,Gaming,2026-08-30T19:13:11Z,PT32M35S,1131249,45323,1992,https://i.ytimg.com/vi/7yj_WVQIB4I/maxresdefault.jpg,6
2026-08-31T02:15:00.610597+00:00,PR,Puerto Rico,4,7,kIwTVV-xQCY,"Louis BPM, Michael Flores - Suena (Video Oficial)",UCqHMVAE6BJ0WSY1oRJuTrgw,Louis BPM,10,Music,2026-08-28T22:00:06Z,PT3M49S,467205,20978,8046,https://i.ytimg.com/vi/kIwTVV-xQCY/maxresdefault.jpg,2
2026-08-31T02:15:00.610597+00:00,PR,Puerto Rico,5,6,DlRoO6C1rSg,Marvel’s Wolverine - Game Features Trailer | PS5 Games,UC-2Y8dQb0S6DtpxNgAKoJKA,PlayStation,20,Gaming,2026-08-28T12:00:23Z,PT4M3S,1653109,50829,3570,https://i.ytimg.com/vi/DlRoO6C1rSg/maxresdefault.jpg,3
2026-08-31T02:15:00.610597+00:00,PR,Puerto Rico,6,5,Dy06SXknr_g,World's Largest Minecraft Build!,UCIPPMRA040LQr5QPyJEbmXA,MrBeast Gaming,20,Gaming,2026-08-29T16:00:00Z,PT24M59S,20329039,400444,13676,https://i.ytimg.com/vi/Dy06SXknr_g/maxresdefault.jpg,40
2026-08-31T02:15:00.610597+00:00,PR,Puerto Rico,7,4,rSiWJC-xZCQ,"Clarent, Omar Courtz - Ojos Brujos (Video Oficial)",UC0Lraa8vhm003yImLsPOY3g,Clarent,10,Music,2026-08-28T00:00:07Z,PT4M35S,1081474,46564,1075,https://i.ytimg.com/vi/rSiWJC-xZCQ/maxresdefault.jpg,3
2026-08-31T02:15:00.610597+00:00,PR,Puerto Rico,8,3,L2NAh3CIdig,Avengers Endgame: Encore | Official Trailer | In Theaters Sep 25,UCvC4D8onUfXzvjTOM-dBfEA,Marvel Entertainment,24,Entertainment,2026-08-25T16:00:01Z,PT1M37S,13723396,319458,17219,https://i.ytimg.com/vi/L2NAh3CIdig/maxresdefault.jpg,29
2026-08-31T02:15:00.610597+00:00,PR,Puerto Rico,9,2,T2QYSLDlr7I,"MI TIENDA SE HIZO DE ORO (Tienda Pokemon, Episodio 6)",UCcjIvuxmWlS5IEQ0JdPV4Ng,Rubius Z,20,Gaming,2026-08-29T16:49:13Z,PT41M15S,2391066,100953,3567,https://i.ytimg.com/vi/T2QYSLDlr7I/maxresdefault.jpg,5
2026-08-31T02:15:00.610597+00:00,PR,Puerto Rico,10,1,EnFknOhVXBs,"Wisin, Ivy Queen - Hasta Abajo (Official Video)",UC9snVocfclGhLbFuSgrEfMw,wisinofficalVEVO,10,Music,2026-08-28T00:00:24Z,PT3M26S,929705,41457,2772,https://i.ytimg.com/vi/EnFknOhVXBs/maxresdefault.jpg,1
2026-08-31T02:15:00.610597+00:00,QA,Qatar,1,10,JqFzhcWo3EU,Yeshanagula | The Paradise | Nani | Keerthy Suresh | Anirudh Ravichander | Srikanth Odela,UC68nKdrLbLL0Vj7ilVkLmmg,Saregama Telugu,10,Music,2026-08-29T09:43:07Z,PT3M12S,33591008,451097,10577,https://i.ytimg.com/vi/JqFzhcWo3EU/maxresdefault.jpg,15
2026-08-31T02:15:00.610597+00:00,QA,Qatar,2,9,Fv1FQi6CWe4,Bethlehem Kudumba Unit Tamil Trailer | Girish AD | Nivin Pauly | Mamitha Baiju | September 4th,UCPvtzpmgq3fraUXl6lLoK3w,BHAVANA STUDIOS,24,Entertainment,2026-08-29T11:29:06Z,PT2M45S,2029786,12111,442,https://i.ytimg.com/vi/Fv1FQi6CWe4/maxresdefault.jpg,4
2026-08-31T02:15:00.610597+00:00,QA,Qatar,3,8,Dy06SXknr_g,World's Largest Minecraft Build!,UCIPPMRA040LQr5QPyJEbmXA,MrBeast Gaming,20,Gaming,2026-08-29T16:00:00Z,PT24M59S,20329039,400444,13676,https://i.ytimg.com/vi/Dy06SXknr_g/maxresdefault.jpg,40
2026-08-31T02:15:00.610597+00:00,QA,Qatar,4,7,xD_iSwqO1Dc,BL3ANAA بالعـنه,UC-qTT_8lgAHnzzWTB2J9dHA,SASY - Topic,10,Music,2026-08-27T10:04:31Z,PT2M51S,16218,207,0,https://i.ytimg.com/vi/xD_iSwqO1Dc/maxresdefault.jpg,1
2026-08-31T02:15:00.610597+00:00,QA,Qatar,5,6,AgiR798L_bQ,Operation Tral - Official Teaser Malayalam | Jayasurya | Ritika Singh |  Ratheesh Vega | Joby George,UCq6f9bBWaWTHl0FhH167RgA,GOODWILL ENTERTAINMENTS,24,Entertainment,2026-08-26T05:41:06Z,PT1M14S,1091856,9961,918,https://i.ytimg.com/vi/AgiR798L_bQ/maxresdefault.jpg,2
2026-08-31T02:15:00.610597+00:00,QA,Qatar,6,5,IaqQeBs6xL0,ROBLOX KICK BALL TO SPACE..,UCRkuUgtDAL4XSU5jB40J_wA,Foltyn,20,Gaming,2026-08-30T11:17:20Z,PT28M29S,778436,13970,3322,https://i.ytimg.com/vi/IaqQeBs6xL0/maxresdefault.jpg,3
2026-08-31T02:15:00.610597+00:00,QA,Qatar,7,4,rs0gQ-3hbPQ,Muthumani Music Video - DOROTHY | Maestro Ilaiyaraaja | Karthik Subbaraj,UCn4rEMqKtwBQ6-oEwbd4PcA,Sony Music South,10,Music,2026-08-29T06:32:03Z,PT5M24S,2766797,55854,5540,https://i.ytimg.com/vi/rs0gQ-3hbPQ/maxresdefault.jpg,5
2026-08-31T02:15:00.610597+00:00,QA,Qatar,8,3,Bm5S7ZKk6K8,"Haiwaan - Official Trailer | Akshay Kumar, Saif Ali Khan, Boman, Shriya, Saiyami | Priyadarshan",UCFFbwnve3yF62-tVXkTyHqg,Zee Music Company,24,Entertainment,2026-08-25T07:00:04Z,PT2M35S,18224177,161648,11222,https://i.ytimg.com/vi/Bm5S7ZKk6K8/maxresdefault.jpg,7
2026-08-31T02:15:00.610597+00:00,QA,Qatar,9,2,2wOGQaoYDMA,FFWS BD 2026 FALL | সেমি ফাইনাল শেষ দিন LIVE🛑| আমাদের BD Top1 টিম কি পারবো আজকে ফাইনালে উঠতে?🤔,UCrMWtvxARfGOBDagqB6zWWw,RAADVAI YT,20,Gaming,2026-08-30T14:57:35Z,PT5H18M45S,927687,76243,429,https://i.ytimg.com/vi/2wOGQaoYDMA/maxresdefault.jpg,2
2026-08-31T02:15:00.610597+00:00,QA,Qatar,10,1,msjA3KVNH7g,Asalayavale - Video Song | Khalifa | Prithviraj Sukumaran|Malvika Sharma | Jakes Bejoy x Sid Sriram,UCpJmCkjsJbqIBdvTRx2zt-w,Sony Music Malayalam,10,Music,2026-08-25T11:30:07Z,PT4M1S,3162082,30926,670,https://i.ytimg.com/vi/msjA3KVNH7g/maxresdefault.jpg,1
2026-08-31T02:15:00.610597+00:00,RO,Romania,1,10,qWLgeWpHVDg,Leo de la Rosiori - Am intrebat un om (Nebunu) (Official Video),UCzwfQikV7eW-rG_UjwLCOeA,Leo de la Rosiori,10,Music,2026-08-18T10:00:06Z,PT3M34S,4355116,47373,939,https://i.ytimg.com/vi/qWLgeWpHVDg/maxresdefault.jpg,1
2026-08-31T02:15:00.610597+00:00,RO,Romania,2,9,GplCYN963OY,TEAMBUILDING 2 | TRAILER OFICIAL,UCrHZJ6fddxeK2wwPIh5-O4Q,BRomania,1,Film & Animation,2026-08-24T15:28:38Z,PT3M5S,383460,2404,166,https://i.ytimg.com/vi/GplCYN963OY/maxresdefault.jpg,1
2026-08-31T02:15:00.610597+00:00,RO,Romania,3,8,qhvPlcwJUvk,A New Way to Collect Brawlers! - Brawl Talk,UCooVYzDxdwTtGYAkcPmOgOw,Brawl Stars,20,Gaming,2026-08-29T15:00:06Z,PT12M51S,6239828,219502,14330,https://i.ytimg.com/vi/qhvPlcwJUvk/maxresdefault.jpg,27
2026-08-31T02:15:00.610597+00:00,RO,Romania,4,7,unNPFNGn6Gg,Bogdan DLP - Hazolina | Official Video,UCOSuXx0kB-vHNsVY222B3lQ,Bogdan DLP,10,Music,2026-08-22T11:00:06Z,PT2M31S,1602818,16510,4502,https://i.ytimg.com/vi/unNPFNGn6Gg/maxresdefault.jpg,1
2026-08-31T02:15:00.610597+00:00,RO,Romania,5,6,IGk17XQ7IrQ,The Witcher 3: Wild Hunt — Remastered | Official Announcement Trailer,UCzybXLxv08IApdjdN0mJhEg,The Witcher,20,Gaming,2026-08-25T19:59:52Z,PT1M46S,4211127,203466,16372,https://i.ytimg.com/vi/IGk17XQ7IrQ/maxresdefault.jpg,28
2026-08-31T02:15:00.610597+00:00,RO,Romania,6,5,A35WlxFqcig,Testez SECRETE VIRALE pe +1 Keyboard Escape...,UCvx6iMuRRBS49A-vjmuISjQ,INSANITY,20,Gaming,2026-08-27T12:22:24Z,PT17M52S,119363,2988,76,https://i.ytimg.com/vi/A35WlxFqcig/maxresdefault.jpg,1
2026-08-31T02:15:00.610597+00:00,RO,Romania,7,4,U8f1zNZ1z7k,Florin Cercel - Trece viata ca pe banda (Official Video) | Manele TV,UClsy7TIetSLuLuyOIFJ6NuA,Manele TV,10,Music,2026-08-22T09:00:06Z,PT3M31S,1007389,13490,189,https://i.ytimg.com/vi/U8f1zNZ1z7k/maxresdefault.jpg,1
2026-08-31T02:15:00.610597+00:00,RO,Romania,8,3,L2NAh3CIdig,Avengers Endgame: Encore | Official Trailer | In Theaters Sep 25,UCvC4D8onUfXzvjTOM-dBfEA,Marvel Entertainment,24,Entertainment,2026-08-25T16:00:01Z,PT1M37S,13723396,319458,17219,https://i.ytimg.com/vi/L2NAh3CIdig/maxresdefault.jpg,29
2026-08-31T02:15:00.610597+00:00,RO,Romania,9,2,_FlwpZhugBw,Mananc DOAR Mancare din MINECRAFT !,UC7Tmdxj18fdu4tTtxVUhoCA,Jocuri Horror,20,Gaming,2026-08-29T08:15:31Z,PT19M4S,98126,4866,844,https://i.ytimg.com/vi/_FlwpZhugBw/maxresdefault.jpg,1
2026-08-31T02:15:00.610597+00:00,RO,Romania,10,1,9_lUXk2FGZQ,"M.G.L. x MGK666 - ""CARAIBE"" (Official Music Video)",UCxm_QtjdCckGT4L2V8P09VQ,M.G.L. Official,10,Music,2026-08-28T16:00:06Z,PT2M22S,229999,8564,274,https://i.ytimg.com/vi/9_lUXk2FGZQ/maxresdefault.jpg,1
2026-08-31T02:15:00.610597+00:00,RU,Russia,1,10,pOv_AkQMyEU,RAM — Король обезьян,UCXnr9Ux301mf5u1dNXQLieg,SIDxRAM aka Грязный Рамирес Official,10,Music,2026-08-30T09:19:57Z,PT4M42S,30450,1774,151,https://i.ytimg.com/vi/pOv_AkQMyEU/maxresdefault.jpg,1
2026-08-31T02:15:00.610597+00:00,RU,Russia,2,9,usHLeLpfMq0,42 факта о GTA VI. Что не показали в трейлере?,UCq7JZ8ATgQWeu6sDM1czjhg,StopGame,20,Gaming,2026-08-30T15:56:37Z,PT12M10S,112918,2881,244,https://i.ytimg.com/vi/usHLeLpfMq0/maxresdefault.jpg,1
2026-08-31T02:15:00.610597+00:00,RU,Russia,3,8,hCtwPB0U24k,GTA 6 ЖДЕТ ПРОВАЛ,UC6bTF68IAV1okfRfwXIP1Cg,itpedia,28,Science & Technology,2026-08-30T12:00:38Z,PT20M49S,692177,22180,2269,https://i.ytimg.com/vi/hCtwPB0U24k/maxresdefault.jpg,2
2026-08-31T02:15:00.610597+00:00,RU,Russia,4,7,H4anIiArkhw,ZenoiX - Adore  [Original Mix],UCcY1oC_j5jLRzCFR60HsERQ,ZenoiX,10,Music,2026-08-27T09:15:05Z,PT5M2S,83132,407,17,https://i.ytimg.com/vi/H4anIiArkhw/maxresdefault.jpg,1
2026-08-31T02:15:00.610597+00:00,RU,Russia,5,6,V9HBuYmdnns,ТОЛЬКО Я ПОНЯЛ ТРЕЙЛЕР GTA 6,UCptRK95GEDXvJGOQIFg50fg,Игорь Линк,20,Gaming,2026-08-29T15:39:15Z,PT11M36S,450581,12555,1254,https://i.ytimg.com/vi/V9HBuYmdnns/maxresdefault.jpg,4
2026-08-31T02:15:00.610597+00:00,RU,Russia,6,5,5cJg6Xxrr64,НАЧАЛ ЗАНОВО! ИСПОЛЬЗУЮ ТОЛЬКО ДОНАТ В АСМР КЛАВИАТУРЕ!,UCBYvr4SqfGQd5fTmOXVQ4Zw,ГЛЕНТ,20,Gaming,2026-08-30T10:00:09Z,PT21M20S,502507,15205,1401,https://i.ytimg.com/vi/5cJg6Xxrr64/maxresdefault.jpg,3
2026-08-31T02:15:00.610597+00:00,RU,Russia,7,4,wCYR8o5Wbpg,Твои глаза,UCY5Q8PgvAfr4YmUCDB1VBBw,Nurtore Esbol - Topic,10,Music,2026-08-24T13:18:24Z,PT2M55S,34815,154,2,https://i.ytimg.com/vi/wCYR8o5Wbpg/maxresdefault.jpg,1
2026-08-31T02:15:00.610597+00:00,RU,Russia,8,3,SbTzx0rlOaQ,НОВЫЕ ФИЛЬМЫ 2026 КОТОРЫЕ УЖЕ ВЫШЛИ В ХОРОШЕМ КАЧЕСТВЕ. ТОП 12! ТРЕЙЛЕРЫ. ЛУЧШИЕ НОВИНКИ КИНО,UCEScTo5Hk1YXsCqGW1zgQEw,топКино,1,Film & Animation,2026-08-30T13:37:16Z,PT20M29S,59524,432,27,https://i.ytimg.com/vi/SbTzx0rlOaQ/maxresdefault.jpg,1
2026-08-31T02:15:00.610597+00:00,RU,Russia,9,2,iblwYvwUJpA,Я ВЕРНУЛ РУБРИКУ АМОНГ АС КАК 6 ЛЕТ НАЗАД,UCrpt82vHWIWZSHtNQxncPrg,EdisonPts,20,Gaming,2026-08-30T12:12:32Z,PT36M50S,481862,23387,1619,https://i.ytimg.com/vi/iblwYvwUJpA/maxresdefault.jpg,1
2026-08-31T02:15:00.610597+00:00,RU,Russia,10,1,4jWO0CDhJxM,Сладкий грех,UCev3E483YN7fce8U2lToKxQ,Жиганчик - Topic,10,Music,2026-08-25T22:02:33Z,PT4M8S,41240,273,0,https://i.ytimg.com/vi/4jWO0CDhJxM/maxresdefault.jpg,1
2026-08-31T02:15:00.610597+00:00,SA,Saudi Arabia,1,10,wAc1rJPC1h8,فضل الصلاة على محمد وآل محمد | عبدالمحسن العمراني | 2026 | مولد النبي ص ,UC0NHFItzBnSEJ3SqDRhjNuw,عبدالمحسن العمراني,22,People & Blogs,2026-08-29T16:30:06Z,PT4M25S,36203,752,88,https://i.ytimg.com/vi/wAc1rJPC1h8/maxresdefault.jpg,2
2026-08-31T02:15:00.610597+00:00,SA,Saudi Arabia,2,9,Fxe9RDRFwjA,MITTI DE BAWAY | Teaser 1 | Ft. Mahira Khan - Wahaj Ali | Coming Soon Only on Green TV Entertainment,UCF2ltLX1dnPa6-L1paPaMzw,Green TV Entertainment,24,Entertainment,2026-08-30T14:30:21Z,PT1M4S,401114,4187,387,https://i.ytimg.com/vi/Fxe9RDRFwjA/maxresdefault.jpg,4
2026-08-31T02:15:00.610597+00:00,SA,Saudi Arabia,3,8,ppVVZYZotmQ,"ربلوكس سرقت بيضة ندرتها 0,00000001% ! Steal an egg",UCayyBWtI1PxJCtieqKUQZnA,اصحاب مازن,20,Gaming,2026-08-30T17:15:11Z,PT20M8S,232514,10978,1003,https://i.ytimg.com/vi/ppVVZYZotmQ/maxresdefault.jpg,3
2026-08-31T02:15:00.610597+00:00,SA,Saudi Arabia,4,7,sy7ACC7cCJQ,اشرف بشر | علي رضا الكاظمي - الكون يذيع,UCP4xSpgXwkA9MfYmb_ZXfZg,علي رضا الكاظمي | Ali Ridha Alkazemi - Topic,10,Music,2026-08-29T02:44:56Z,PT4M23S,9784,168,0,https://i.ytimg.com/vi/sy7ACC7cCJQ/maxresdefault.jpg,1
2026-08-31T02:15:00.610597+00:00,SA,Saudi Arabia,5,6,WsHXdkWrExA,Avengers: Doomsday | FINAL TRAILER CONCEPT “SACRIFICE” | Marvel Studios,UCO2EFMFF07y9BikFGKGIlkw,MovieTrailers Entertainment,24,Entertainment,2026-08-29T13:35:26Z,PT1M32S,3270710,22598,614,https://i.ytimg.com/vi/WsHXdkWrExA/maxresdefault.jpg,4
2026-08-31T02:15:00.610597+00:00,SA,Saudi Arabia,6,5,wrMooSQugdU,صرت مربي اطفال للمرة الثانية !! 😤😱🔥,UCyZfqIEu-mZSUZxe-b8k9EQ,سلطان,22,People & Blogs,2026-08-30T11:00:03Z,PT22M25S,96075,1609,111,https://i.ytimg.com/vi/wrMooSQugdU/maxresdefault.jpg,1
2026-08-31T02:15:00.610597+00:00,SA,Saudi Arabia,7,4,JqFzhcWo3EU,Yeshanagula | The Paradise | Nani | Keerthy Suresh | Anirudh Ravichander | Srikanth Odela,UC68nKdrLbLL0Vj7ilVkLmmg,Saregama Telugu,10,Music,2026-08-29T09:43:07Z,PT3M12S,33591008,451097,10577,https://i.ytimg.com/vi/JqFzhcWo3EU/maxresdefault.jpg,15
2026-08-31T02:15:00.610597+00:00,SA,Saudi Arabia,8,3,Fv1FQi6CWe4,Bethlehem Kudumba Unit Tamil Trailer | Girish AD | Nivin Pauly | Mamitha Baiju | September 4th,UCPvtzpmgq3fraUXl6lLoK3w,BHAVANA STUDIOS,24,Entertainment,2026-08-29T11:29:06Z,PT2M45S,2029786,12111,442,https://i.ytimg.com/vi/Fv1FQi6CWe4/maxresdefault.jpg,4
2026-08-31T02:15:00.610597+00:00,SA,Saudi Arabia,9,2,32VhjW36B5w,جبت اعلى ليفل بالعالم الجديد ودخلت التوب في ماب الكيبورد,UCyV4KQhKGIprrZrSMVKwO5Q,N9wf-نصوف,20,Gaming,2026-08-30T10:00:24Z,PT23M32S,220843,3776,216,https://i.ytimg.com/vi/32VhjW36B5w/maxresdefault.jpg,2
2026-08-31T02:15:00.610597+00:00,SA,Saudi Arabia,10,1,s466YCiHfKw,JENNIE - FALLEN ANGEL (Official Video),UCN9_L9lA9kqJbGANLRus_1A,JennieRubyJaneVEVO,10,Music,2026-08-28T04:00:19Z,PT5M43S,13544483,951234,65066,https://i.ytimg.com/vi/s466YCiHfKw/maxresdefault.jpg,12
2026-08-31T02:15:00.610597+00:00,SN,Senegal,1,10,0PTL9rj8ya0,"Akhlou Brick feat ( Abou Ndao, Kalimou Sy & Zayda Fatou Biteye ) — Tidjani Barhama",UCxkuK0gCqbrJfCCPwVM7Dpw,AkhlouBrickTV Officiel,10,Music,2026-08-21T21:20:10Z,PT4M37S,732326,28344,2254,https://i.ytimg.com/vi/0PTL9rj8ya0/maxresdefault.jpg,1
2026-08-31T02:15:00.610597+00:00,SN,Senegal,2,9,tzIT3t150eo,BOROM KEUR - Saison 2 - Episode 23 : Bande Annonce,UCKKbOgsOxOT83r1TdfjMaYg,EvenProd,1,Film & Animation,2026-08-29T09:00:12Z,PT1M46S,737215,25854,210,https://i.ytimg.com/vi/tzIT3t150eo/maxresdefault.jpg,2
2026-08-31T02:15:00.610597+00:00,SN,Senegal,3,8,cV9hgKwTUwU,FIFAe Continental Championship 2026 Africa ft. eFootball Mobile - Local Language,UCnpZzzqzyiS5qD2HDxqLkDA,FIFAe,20,Gaming,2026-08-27T22:15:30Z,PT9H27M49S,115097,1501,0,https://i.ytimg.com/vi/cV9hgKwTUwU/maxresdefault.jpg,2
2026-08-31T02:15:00.610597+00:00,SN,Senegal,4,7,eOfg_YQYzOM,Saifond Holo Horema (clip Officiel By Mintigui Prod,UCL3ltgLhi_JcFeFzzsOQ9pg,SAIFOND,10,Music,2026-08-21T18:00:06Z,PT2M53S,1047145,47173,4707,https://i.ytimg.com/vi/eOfg_YQYzOM/maxresdefault.jpg,1
2026-08-31T02:15:00.610597+00:00,SN,Senegal,5,6,W6cwd12tLKE,Série - Jeux de Dames - Saison 2 - La bande annonce - VOSTFR,UCqe0sSESmaQbLFdTExctQLA,Marodi TV Sénégal,24,Entertainment,2026-08-21T17:00:08Z,PT3M18S,1438865,39211,620,https://i.ytimg.com/vi/W6cwd12tLKE/maxresdefault.jpg,1
2026-08-31T02:15:00.610597+00:00,SN,Senegal,6,5,lMEEetdTLMc,Tout savoir sur le pack de Maldini Cannavaro Nesta Thiago Alcantara || Efootball mobile ,UC74nI5LDGVtBUeZiEeWj1Iw,IBZOGAMING,20,Gaming,2026-08-24T12:27:30Z,PT4M20S,28531,3974,172,https://i.ytimg.com/vi/lMEEetdTLMc/maxresdefault.jpg,1
2026-08-31T02:15:00.610597+00:00,SN,Senegal,7,4,oO0R4gC4Rr0,Jahman X-Press - WEURSEUK (version acoustique),UC0JZ_3DU8Pz4p8tM701RRjA,Jahman X-Press,10,Music,2026-08-18T19:05:28Z,PT4M40S,366586,11888,319,https://i.ytimg.com/vi/oO0R4gC4Rr0/maxresdefault.jpg,1
2026-08-31T02:15:00.610597+00:00,SN,Senegal,8,3,AUvqvvahc3Y,Bande annonce LILIYAN ÉPISODE 16,UC4o7amxQxFJKGzuq6GbKPFg,SANGO GOUMA TV,23,Comedy,2026-08-30T21:47:41Z,PT2M11S,5262,252,5,https://i.ytimg.com/vi/AUvqvvahc3Y/maxresdefault.jpg,1
2026-08-31T02:15:00.610597+00:00,SN,Senegal,9,2,1USv3P-drEA,I Played FC 27 Career Mode Early...,UChR1Yn7YpVrnP-SbsWtjuBA,S2G,20,Gaming,2026-08-26T15:00:35Z,PT24M24S,2190787,41708,1513,https://i.ytimg.com/vi/1USv3P-drEA/maxresdefault.jpg,2
2026-08-31T02:15:00.610597+00:00,SN,Senegal,10,1,k1mBuKMfqFQ,Adama Diallo Guidhoma  (Audio Officiel 2026 ,UC1maWyem_LwUc0JfJO1Mm5g,Adama Diallo ,22,People & Blogs,2026-08-22T18:00:06Z,PT3M26S,211371,6523,407,https://i.ytimg.com/vi/k1mBuKMfqFQ/maxresdefault.jpg,1
2026-08-31T02:15:00.610597+00:00,RS,Serbia,1,10,KNpYD2_qbBg,LOBO X BEJBI MOTOROLA - SMUTI,UCiZNnn7FzyB7hlY3A9tAgdw,Get Low Music,10,Music,2026-08-24T12:00:20Z,PT2M23S,263172,5866,239,https://i.ytimg.com/vi/KNpYD2_qbBg/maxresdefault.jpg,3
2026-08-31T02:15:00.610597+00:00,RS,Serbia,2,9,IGk17XQ7IrQ,The Witcher 3: Wild Hunt — Remastered | Official Announcement Trailer,UCzybXLxv08IApdjdN0mJhEg,The Witcher,20,Gaming,2026-08-25T19:59:52Z,PT1M46S,4211127,203466,16372,https://i.ytimg.com/vi/IGk17XQ7IrQ/maxresdefault.jpg,28
2026-08-31T02:15:00.610597+00:00,RS,Serbia,3,8,h2HJuJDUlo0,Mudja & Ćale REAGUJU NA Grand Theft Auto VI: An Extended Look,UCZbp-wYt5PiIkGmoEZ6ChmQ,Mudja,20,Gaming,2026-08-28T07:45:11Z,PT33M52S,483305,12764,434,https://i.ytimg.com/vi/h2HJuJDUlo0/maxresdefault.jpg,5
2026-08-31T02:15:00.610597+00:00,RS,Serbia,4,7,0P_q4g4v1TI,SLOBA RADANOVIC - POZVACU TE (OFFICIAL VIDEO 2026),UCtHQlg6FypR2SjqPjkkXoog,Sloba Radanovic,10,Music,2026-08-23T12:00:02Z,PT3M11S,2264327,12059,1147,https://i.ytimg.com/vi/0P_q4g4v1TI/maxresdefault.jpg,8
2026-08-31T02:15:00.610597+00:00,RS,Serbia,5,6,X1aFkAkFASk,Avengers: Doomsday | Special Look | In Theaters December 18,UCvC4D8onUfXzvjTOM-dBfEA,Marvel Entertainment,24,Entertainment,2026-08-15T04:06:21Z,PT2M10S,36887790,1343094,59863,https://i.ytimg.com/vi/X1aFkAkFASk/maxresdefault.jpg,22
2026-08-31T02:15:00.610597+00:00,RS,Serbia,6,5,qX-Vp2MmC9s,POJAVIO SE NEKI SUMLJIVI LIK NA BENZISKOJ PUMPI.. VR,UCD8geOrSnzs_DrHIhgsufoA,Cigvan Gaming,20,Gaming,2026-08-28T17:48:58Z,PT24M37S,141276,3145,43,https://i.ytimg.com/vi/qX-Vp2MmC9s/maxresdefault.jpg,4
2026-08-31T02:15:00.610597+00:00,RS,Serbia,7,4,LsYc-7ohfxc,VOYAGE - HOTEL I PARTY (OFFICIAL VIDEO),UCcF7lkZqxzI2asePTbksVdA,IDJVideos.TV,10,Music,2026-08-24T11:00:04Z,PT2M18S,246703,5391,223,https://i.ytimg.com/vi/LsYc-7ohfxc/maxresdefault.jpg,3
2026-08-31T02:15:00.610597+00:00,RS,Serbia,8,3,5fHXyqQOKL8,Primetime | Official Trailer HD | A24,UCuPivVjnfNo4mb3Oog_frZg,A24,1,Film & Animation,2026-08-06T13:00:36Z,PT2M17S,45775710,248756,16130,https://i.ytimg.com/vi/5fHXyqQOKL8/maxresdefault.jpg,5
2026-08-31T02:15:00.610597+00:00,RS,Serbia,9,2,vism0bIvS04,Kako Sam Napravio 99 NOĆI U MINECRAFTU !?,UCoRySXI-vMRIYBmDllxJQRA,zZzZOBRA,20,Gaming,2026-08-27T12:34:58Z,PT26M45S,154048,5141,180,https://i.ytimg.com/vi/vism0bIvS04/maxresdefault.jpg,1
2026-08-31T02:15:00.610597+00:00,RS,Serbia,10,1,S9yDCQYKCDU,Adi Šoše & Saša Matić - Daljine (Official video),UCSGBtI9ORCjRSLgcxy9JYGg,Adi Šoše / AL Music,24,Entertainment,2026-08-13T10:02:28Z,PT3M34S,1733586,14113,562,https://i.ytimg.com/vi/S9yDCQYKCDU/maxresdefault.jpg,5
2026-08-31T02:15:00.610597+00:00,SG,Singapore,1,10,jR3rWCBeO6M,@SaiAbhyankkar - Radhimaa (Music Video) | Bhagyashri Borse | Vivek | Thejo Bharathwaj | Think Indie,UCLbdVvreihwZRL6kwuEUYsA,Think Music India,10,Music,2026-08-24T15:06:36Z,PT5M48S,15957724,379283,10808,https://i.ytimg.com/vi/jR3rWCBeO6M/maxresdefault.jpg,4
2026-08-31T02:15:00.610597+00:00,SG,Singapore,2,9,X1aFkAkFASk,Avengers: Doomsday | Special Look | In Theaters December 18,UCvC4D8onUfXzvjTOM-dBfEA,Marvel Entertainment,24,Entertainment,2026-08-15T04:06:21Z,PT2M10S,36887790,1343094,59863,https://i.ytimg.com/vi/X1aFkAkFASk/maxresdefault.jpg,22
2026-08-31T02:15:00.610597+00:00,SG,Singapore,3,8,qhvPlcwJUvk,A New Way to Collect Brawlers! - Brawl Talk,UCooVYzDxdwTtGYAkcPmOgOw,Brawl Stars,20,Gaming,2026-08-29T15:00:06Z,PT12M51S,6239828,219502,14330,https://i.ytimg.com/vi/qhvPlcwJUvk/maxresdefault.jpg,27
2026-08-31T02:15:00.610597+00:00,SG,Singapore,4,7,s466YCiHfKw,JENNIE - FALLEN ANGEL (Official Video),UCN9_L9lA9kqJbGANLRus_1A,JennieRubyJaneVEVO,10,Music,2026-08-28T04:00:19Z,PT5M43S,13544483,951234,65066,https://i.ytimg.com/vi/s466YCiHfKw/maxresdefault.jpg,12
2026-08-31T02:15:00.610597+00:00,SG,Singapore,5,6,LnmF2vX8Dfo,Mandaadi - Teaser (Tamil) | Soori | Suhas | Mahima Nambiar |GV Prakash Kumar |Mathimaran Pugazhendhi,UCUjM7AzodC55Dq6BncrsBjA,RS Infotainment,24,Entertainment,2026-08-25T14:31:00Z,PT59S,3774038,87443,935,https://i.ytimg.com/vi/LnmF2vX8Dfo/maxresdefault.jpg,3
2026-08-31T02:15:00.610597+00:00,SG,Singapore,6,5,Dy06SXknr_g,World's Largest Minecraft Build!,UCIPPMRA040LQr5QPyJEbmXA,MrBeast Gaming,20,Gaming,2026-08-29T16:00:00Z,PT24M59S,20329039,400444,13676,https://i.ytimg.com/vi/Dy06SXknr_g/maxresdefault.jpg,40
2026-08-31T02:15:00.610597+00:00,SG,Singapore,7,4,N0KfiOTSpxs,Kalyana Virundhu - Lyric Video Song | DOROTHY | Maestro Ilaiyaraaja | Karthik Subbaraj,UCn4rEMqKtwBQ6-oEwbd4PcA,Sony Music South,10,Music,2026-08-22T11:30:35Z,PT3M57S,7035584,99329,6085,https://i.ytimg.com/vi/N0KfiOTSpxs/maxresdefault.jpg,1
2026-08-31T02:15:00.610597+00:00,SG,Singapore,8,3,hpqKHn0yS7I,"Robin • Summeretto Character Trailer: ""Chasing the Wind"" | Honkai: Star Rail",UC2PeMPA8PAOp-bynLoCeMLA,Honkai: Star Rail,20,Gaming,2026-08-25T04:00:39Z,PT2M13S,1586694,47860,1421,https://i.ytimg.com/vi/hpqKHn0yS7I/maxresdefault.jpg,1
2026-08-31T02:15:00.610597+00:00,SG,Singapore,9,2,LSCnrGz5-HU,T1 vs BFX | 2026 Wooribank LCK Playoffs Round 1,UCKVlixycWmapnGQ_wht4cHQ,LCK Global,20,Gaming,2026-08-29T13:17:47Z,PT5H43M39S,2011371,7284,105,https://i.ytimg.com/vi/LSCnrGz5-HU/maxresdefault.jpg,1
2026-08-31T02:15:00.610597+00:00,SG,Singapore,10,1,L8ZnXgbyUuc,BIGBANG - ‘BiiiG’ M/V,UCzw-C7fNfs018R1FzIKnlaA,BIGBANG,10,Music,2026-08-19T09:10:01Z,PT3M4S,12879090,666397,43067,https://i.ytimg.com/vi/L8ZnXgbyUuc/maxresdefault.jpg,3
2026-08-31T02:15:00.610597+00:00,SK,Slovakia,1,10,UHw5yT0S9xs,"Dominika Mirgová, Kali & Alan Murin - JA NA TO MÁM (prod. Marek Šurin)",UCli1wk7uy-_9XOSMWFKLisw,DMirgovaLIVE,10,Music,2026-08-24T16:30:06Z,PT3M40S,260960,4744,114,https://i.ytimg.com/vi/UHw5yT0S9xs/maxresdefault.jpg,1
2026-08-31T02:15:00.610597+00:00,SK,Slovakia,2,9,IGk17XQ7IrQ,The Witcher 3: Wild Hunt — Remastered | Official Announcement Trailer,UCzybXLxv08IApdjdN0mJhEg,The Witcher,20,Gaming,2026-08-25T19:59:52Z,PT1M46S,4211127,203466,16372,https://i.ytimg.com/vi/IGk17XQ7IrQ/maxresdefault.jpg,28
2026-08-31T02:15:00.610597+00:00,SK,Slovakia,3,8,YCU8SUOsI3g,Mecha Chameleon SKORO ako v REÁLNOM ŽIVOTE,UCmsd0Ar0UoZoMbYEBUWLWMA,Asimister,20,Gaming,2026-08-28T08:09:32Z,PT20M48S,60896,1942,134,https://i.ytimg.com/vi/YCU8SUOsI3g/maxresdefault.jpg,1
2026-08-31T02:15:00.610597+00:00,SK,Slovakia,4,7,A1GnaBOXj7Q,DESH X YOUNG FLY - SUV 2 (Official Music Video),UC7c86PFjRCUjbxQoYHmRo9A,DESH,10,Music,2026-08-20T15:00:06Z,PT2M27S,3264749,44636,931,https://i.ytimg.com/vi/A1GnaBOXj7Q/maxresdefault.jpg,2
2026-08-31T02:15:00.610597+00:00,SK,Slovakia,5,6,X1aFkAkFASk,Avengers: Doomsday | Special Look | In Theaters December 18,UCvC4D8onUfXzvjTOM-dBfEA,Marvel Entertainment,24,Entertainment,2026-08-15T04:06:21Z,PT2M10S,36887790,1343094,59863,https://i.ytimg.com/vi/X1aFkAkFASk/maxresdefault.jpg,22
2026-08-31T02:15:00.610597+00:00,SK,Slovakia,6,5,qhvPlcwJUvk,A New Way to Collect Brawlers! - Brawl Talk,UCooVYzDxdwTtGYAkcPmOgOw,Brawl Stars,20,Gaming,2026-08-29T15:00:06Z,PT12M51S,6239828,219502,14330,https://i.ytimg.com/vi/qhvPlcwJUvk/maxresdefault.jpg,27
2026-08-31T02:15:00.610597+00:00,SK,Slovakia,7,4,SiRzT3JXxmg,Jan Bendig - NEZABÚDÁM (Official video),UCCd3EhLVX0eem38v0ef9ONQ,JanBendigOfficial,10,Music,2026-08-23T17:00:07Z,PT4M18S,83793,2512,595,https://i.ytimg.com/vi/SiRzT3JXxmg/maxresdefault.jpg,1
2026-08-31T02:15:00.610597+00:00,SK,Slovakia,8,3,vt_1eIFpDI8,LÁSKA - trailer,UC3vymzC2fVjrNiRkZKIpe2A,ARTILERIA,1,Film & Animation,2026-08-18T12:01:50Z,PT1M37S,5560,7,0,https://i.ytimg.com/vi/vt_1eIFpDI8/sddefault.jpg,1
2026-08-31T02:15:00.610597+00:00,SK,Slovakia,9,2,nU5bL3iPhiI,"Jeden Hráč je PODVODNÍK… ale NEVÍ, jaké je Tajné Téma!",UC8o13lZCHWbnVzUTv5BEB9g,RiZiPlaysTV,20,Gaming,2026-08-26T14:49:50Z,PT13M18S,194687,3761,155,https://i.ytimg.com/vi/nU5bL3iPhiI/maxresdefault.jpg,2
2026-08-31T02:15:00.610597+00:00,SK,Slovakia,10,1,2wlF3ME5HmY,Mega M - NOBODY (Official Video)prod.GMM Production ,UCXZHPnUgCW4sZWrb5Z6RVqQ,MegaMusic Official ,10,Music,2026-08-23T16:36:02Z,PT3M59S,80605,2640,116,https://i.ytimg.com/vi/2wlF3ME5HmY/sddefault.jpg,1
2026-08-31T02:15:00.610597+00:00,SI,Slovenia,1,10,0P_q4g4v1TI,SLOBA RADANOVIC - POZVACU TE (OFFICIAL VIDEO 2026),UCtHQlg6FypR2SjqPjkkXoog,Sloba Radanovic,10,Music,2026-08-23T12:00:02Z,PT3M11S,2264327,12059,1147,https://i.ytimg.com/vi/0P_q4g4v1TI/maxresdefault.jpg,8
2026-08-31T02:15:00.610597+00:00,SI,Slovenia,2,9,X1aFkAkFASk,Avengers: Doomsday | Special Look | In Theaters December 18,UCvC4D8onUfXzvjTOM-dBfEA,Marvel Entertainment,24,Entertainment,2026-08-15T04:06:21Z,PT2M10S,36887790,1343094,59863,https://i.ytimg.com/vi/X1aFkAkFASk/maxresdefault.jpg,22
2026-08-31T02:15:00.610597+00:00,SI,Slovenia,3,8,Dy06SXknr_g,World's Largest Minecraft Build!,UCIPPMRA040LQr5QPyJEbmXA,MrBeast Gaming,20,Gaming,2026-08-29T16:00:00Z,PT24M59S,20329039,400444,13676,https://i.ytimg.com/vi/Dy06SXknr_g/maxresdefault.jpg,40
2026-08-31T02:15:00.610597+00:00,SI,Slovenia,4,7,76bLYIbKT3c,FIRBCI - NEKI SM NAREDU PRAV (Official video),UClZs4FsJE10IqshBCdYkkGw,FIRBCI,10,Music,2026-08-13T08:00:06Z,PT3M11S,179895,1983,80,https://i.ytimg.com/vi/76bLYIbKT3c/maxresdefault.jpg,1
2026-08-31T02:15:00.610597+00:00,SI,Slovenia,5,6,IGk17XQ7IrQ,The Witcher 3: Wild Hunt — Remastered | Official Announcement Trailer,UCzybXLxv08IApdjdN0mJhEg,The Witcher,20,Gaming,2026-08-25T19:59:52Z,PT1M46S,4211127,203466,16372,https://i.ytimg.com/vi/IGk17XQ7IrQ/maxresdefault.jpg,28
2026-08-31T02:15:00.610597+00:00,SI,Slovenia,6,5,qhvPlcwJUvk,A New Way to Collect Brawlers! - Brawl Talk,UCooVYzDxdwTtGYAkcPmOgOw,Brawl Stars,20,Gaming,2026-08-29T15:00:06Z,PT12M51S,6239828,219502,14330,https://i.ytimg.com/vi/qhvPlcwJUvk/maxresdefault.jpg,27
2026-08-31T02:15:00.610597+00:00,SI,Slovenia,7,4,WKKifdFO7qg,Jasna Zlokić i Jakov Jozinović - Ljudi poput nas (Official video),UCm3VSb_0u6LOX38LTnOdttg,Croatia Records,24,Entertainment,2026-08-21T17:00:06Z,PT4M14S,402573,8215,549,https://i.ytimg.com/vi/WKKifdFO7qg/maxresdefault.jpg,2
2026-08-31T02:15:00.610597+00:00,SI,Slovenia,8,3,9CP3EtvxmLM,V NEMČIJO PO KONJE! (POD JEZOM #9) [FS25 SLO],UCds1EPhhltieE3y7nIyzmxA,GERMA,20,Gaming,2026-08-30T14:00:23Z,PT18M17S,5534,248,13,https://i.ytimg.com/vi/9CP3EtvxmLM/maxresdefault.jpg,1
2026-08-31T02:15:00.610597+00:00,SI,Slovenia,9,2,S9yDCQYKCDU,Adi Šoše & Saša Matić - Daljine (Official video),UCSGBtI9ORCjRSLgcxy9JYGg,Adi Šoše / AL Music,24,Entertainment,2026-08-13T10:02:28Z,PT3M34S,1733586,14113,562,https://i.ytimg.com/vi/S9yDCQYKCDU/maxresdefault.jpg,5
2026-08-31T02:15:00.610597+00:00,SI,Slovenia,10,1,HlSI-m9u_L4,🔴 IGRAMO BEZALNICE V FORTNITE,UCw-TqendGG1zsJ4P2tgGIeA,Not Aleks,20,Gaming,2026-08-30T17:21:32Z,PT6H8M42S,4361,220,1,https://i.ytimg.com/vi/HlSI-m9u_L4/maxresdefault.jpg,1
2026-08-31T02:15:00.610597+00:00,ZA,South Africa,1,10,eQgSK0yzDFw,Ichunu,UC9pR-oRoOmN0V1dH81Im1Sg,Mthandeni Sk - Topic,10,Music,2026-08-27T10:00:30Z,PT4M6S,716864,28079,0,https://i.ytimg.com/vi/eQgSK0yzDFw/maxresdefault.jpg,1
2026-08-31T02:15:00.610597+00:00,ZA,South Africa,2,9,L2NAh3CIdig,Avengers Endgame: Encore | Official Trailer | In Theaters Sep 25,UCvC4D8onUfXzvjTOM-dBfEA,Marvel Entertainment,24,Entertainment,2026-08-25T16:00:01Z,PT1M37S,13723396,319458,17219,https://i.ytimg.com/vi/L2NAh3CIdig/maxresdefault.jpg,29
2026-08-31T02:15:00.610597+00:00,ZA,South Africa,3,8,pVm-0kQiFxk,I Became BEN-10 in Minecraft!,UC0eLBYhxW9HC0P9PXQ73mpQ,Cash,24,Entertainment,2026-08-30T15:00:19Z,PT20M36S,616337,7878,1375,https://i.ytimg.com/vi/pVm-0kQiFxk/maxresdefault.jpg,8
2026-08-31T02:15:00.610597+00:00,ZA,South Africa,4,7,57KDrbERlFQ,Halala,UCuAwQ3HIkGM8n3P76y5V12A,SNQAMU SODIDLA - Topic,10,Music,2026-08-22T07:29:31Z,PT4M9S,1216047,61790,0,https://i.ytimg.com/vi/57KDrbERlFQ/maxresdefault.jpg,1
2026-08-31T02:15:00.610597+00:00,ZA,South Africa,5,6,Dy06SXknr_g,World's Largest Minecraft Build!,UCIPPMRA040LQr5QPyJEbmXA,MrBeast Gaming,20,Gaming,2026-08-29T16:00:00Z,PT24M59S,20329039,400444,13676,https://i.ytimg.com/vi/Dy06SXknr_g/maxresdefault.jpg,40
2026-08-31T02:15:00.610597+00:00,ZA,South Africa,6,5,hWZ9dXhAbW0,Distance,UC6DpDTXOlB8YvMM8GM7fj8Q,Zulu Queens - Topic,10,Music,2026-08-18T22:01:40Z,PT4M22S,1158897,29653,0,https://i.ytimg.com/vi/hWZ9dXhAbW0/maxresdefault.jpg,1
2026-08-31T02:15:00.610597+00:00,ZA,South Africa,7,4,wSm9GTUttBs,GTA 6 (Grand Theft Auto 6) - Official Extended Gameplay,UCKy1dAqELo0zrOtPkf0eTMw,IGN,20,Gaming,2026-08-28T01:28:32Z,PT26M49S,5825407,97417,10813,https://i.ytimg.com/vi/wSm9GTUttBs/maxresdefault.jpg,4
2026-08-31T02:15:00.610597+00:00,ZA,South Africa,8,3,60E0_A8XQGw,Kwavela Ngaye,UCm9KvA_S8AhVantLlo0kDtg,Ntencane - Topic,10,Music,2026-08-27T21:55:33Z,PT3M51S,188613,8261,600,https://i.ytimg.com/vi/60E0_A8XQGw/maxresdefault.jpg,1
2026-08-31T02:15:00.610597+00:00,ZA,South Africa,9,2,ZmT0ITUGUII,Mikey and JJ Choose the Right Hole in Minecraft,UCJHBJ7F-nAIlMGolm0Hu4vg,Maizen,20,Gaming,2026-08-29T04:49:16Z,PT28M5S,954930,5842,797,https://i.ytimg.com/vi/ZmT0ITUGUII/maxresdefault.jpg,2
2026-08-31T02:15:00.610597+00:00,ZA,South Africa,10,1,SwXN4LYD_7A,Thethelela Dlozi Lami (Gwijo),UCroG2Ti6ucGvXu7cOuWddWQ,Afro Members - Topic,10,Music,2026-08-18T00:51:43Z,PT4M18S,549376,9615,0,https://i.ytimg.com/vi/SwXN4LYD_7A/maxresdefault.jpg,1
2026-08-31T02:15:00.610597+00:00,KR,South Korea,1,10,LNk-BX38FzQ,HEAVEN,UCAl7xQ6q0PEgZMQD7zr4AKQ,JENNIE - Topic,10,Music,2026-08-28T04:00:15Z,PT3M7S,503992,4072,55,https://i.ytimg.com/vi/LNk-BX38FzQ/maxresdefault.jpg,1
2026-08-31T02:15:00.610597+00:00,KR,South Korea,2,9,CDhtpYWNEuk,재혼 황후 | 티저 예고편 | 디즈니+,UCtdz9LWNNQKUg4Xpma_40Ug,Disney Plus Korea 디즈니 플러스 코리아,1,Film & Animation,2026-08-26T00:00:13Z,PT1M32S,1713171,6923,2355,https://i.ytimg.com/vi/CDhtpYWNEuk/maxresdefault.jpg,1
2026-08-31T02:15:00.610597+00:00,KR,South Korea,3,8,6ThZY2diLfA,더 강력해진 서버 골결 1위 해리케인 영입..이상호의 케인은 감동이 있다!,UCfIUuMA7U_jImP7oWfTe4Pw,이상호,20,Gaming,2026-08-30T03:45:56Z,PT27M7S,792379,4824,350,https://i.ytimg.com/vi/6ThZY2diLfA/maxresdefault.jpg,1
2026-08-31T02:15:00.610597+00:00,KR,South Korea,4,7,Zc0YQw_bkM8,Stardust,UCfnwBweBOXdVtDgr2Q2TC5Q,KyoungSeo - Topic,10,Music,2026-08-30T09:00:36Z,PT3M33S,28994,422,14,https://i.ytimg.com/vi/Zc0YQw_bkM8/maxresdefault.jpg,1
2026-08-31T02:15:00.610597+00:00,KR,South Korea,5,6,lDOGmJZjcnw,노말타입 체육관 관장이 되었습니다 ㅋㅋ【체육관 타이쿤】,UCEWqfxUKLIpqyMzebADGUlg,근가놈,20,Gaming,2026-08-30T14:04:15Z,PT1H2M1S,373487,2565,281,https://i.ytimg.com/vi/lDOGmJZjcnw/maxresdefault.jpg,1
2026-08-31T02:15:00.610597+00:00,KR,South Korea,6,5,hXYjK4in0MM,TNX - ‘Die Another Day’ MV,UC8Icvoedxf-HwIKm6o2Gzlg,TNX,24,Entertainment,2026-08-27T09:00:03Z,PT2M52S,2317559,10717,1206,https://i.ytimg.com/vi/hXYjK4in0MM/maxresdefault.jpg,1
2026-08-31T02:15:00.610597+00:00,KR,South Korea,7,4,XswJ2bJVRKE,레전드 의문사 발생,UCDBAVzfX3yZ1hah0FHnOoaA,괴물쥐 유튜브,20,Gaming,2026-08-30T13:01:21Z,PT22M17S,444076,1271,215,https://i.ytimg.com/vi/XswJ2bJVRKE/maxresdefault.jpg,1
2026-08-31T02:15:00.610597+00:00,KR,South Korea,8,3,Gk8F8waA0tM,송하예 '행복한 나를 (2026ver.)' Official MV,UCGyXqXvNM2Xot3_69QKATOA,하예일기장,10,Music,2026-08-27T09:00:08Z,PT4M48S,398565,2489,1912,https://i.ytimg.com/vi/Gk8F8waA0tM/maxresdefault.jpg,1
2026-08-31T02:15:00.610597+00:00,KR,South Korea,9,2,vaREd6wpWt4,FC온라인에 10억 이상 쓴 이상호의 개쩌는 '돈찍누' 전술 교육ㅋㅋㅋ,UCcgkgKhXT6QwdGj9Nr8PBcg,게임대장봉준,20,Gaming,2026-08-30T09:55:17Z,PT21M37S,335168,1286,106,https://i.ytimg.com/vi/vaREd6wpWt4/maxresdefault.jpg,1
2026-08-31T02:15:00.610597+00:00,KR,South Korea,10,1,JlEDdjt3n7c,Too Easily,UCxozuW68SpwHfcumlkQyRtw,SF9 - Topic,10,Music,2026-08-26T09:04:51Z,PT2M28S,48986,698,32,https://i.ytimg.com/vi/JlEDdjt3n7c/maxresdefault.jpg,1
2026-08-31T02:15:00.610597+00:00,ES,Spain,1,10,HpB4Pcdxsrs,La Perversa - Mona (Video Oficial),UCjg8vMcrT6QzC2RVRJRNo7A,La Perversa,10,Music,2026-08-28T17:00:06Z,PT2M35S,1772707,113699,55182,https://i.ytimg.com/vi/HpB4Pcdxsrs/maxresdefault.jpg,6
2026-08-31T02:15:00.610597+00:00,ES,Spain,2,9,om-lsGVdfL8,REACCIONANDO a GTA VI Tráiler Exclusivo - TheGrefg,UCCEmjNPpJYhGDgaEqeeA4HA,TheGrefg,20,Gaming,2026-08-27T22:42:04Z,PT27M55S,1857211,43349,1343,https://i.ytimg.com/vi/om-lsGVdfL8/maxresdefault.jpg,6
2026-08-31T02:15:00.610597+00:00,ES,Spain,3,8,T2QYSLDlr7I,"MI TIENDA SE HIZO DE ORO (Tienda Pokemon, Episodio 6)",UCcjIvuxmWlS5IEQ0JdPV4Ng,Rubius Z,20,Gaming,2026-08-29T16:49:13Z,PT41M15S,2391066,100953,3567,https://i.ytimg.com/vi/T2QYSLDlr7I/maxresdefault.jpg,5
2026-08-31T02:15:00.610597+00:00,ES,Spain,4,7,rSiWJC-xZCQ,"Clarent, Omar Courtz - Ojos Brujos (Video Oficial)",UC0Lraa8vhm003yImLsPOY3g,Clarent,10,Music,2026-08-28T00:00:07Z,PT4M35S,1081474,46564,1075,https://i.ytimg.com/vi/rSiWJC-xZCQ/maxresdefault.jpg,3
2026-08-31T02:15:00.610597+00:00,ES,Spain,5,6,rkEHl4jCpLU,MI REACCIÓN al TRAILER de GTA 6 😱 - Nexxuz,UCggHFGmLDDStxyM-uy9DYnQ,Nexxuz World,24,Entertainment,2026-08-30T20:00:25Z,PT49M22S,130765,9684,361,https://i.ytimg.com/vi/rkEHl4jCpLU/maxresdefault.jpg,18
2026-08-31T02:15:00.610597+00:00,ES,Spain,6,5,qhvPlcwJUvk,A New Way to Collect Brawlers! - Brawl Talk,UCooVYzDxdwTtGYAkcPmOgOw,Brawl Stars,20,Gaming,2026-08-29T15:00:06Z,PT12M51S,6239828,219502,14330,https://i.ytimg.com/vi/qhvPlcwJUvk/maxresdefault.jpg,27
2026-08-31T02:15:00.610597+00:00,ES,Spain,7,4,2zxT4YeasqY,"KAROL G, Judeline, rusowsky - BbY WOW (Letra)",UCgU-flq6J8DfYk19A0fOzWw,Aquarius Reggaeton,10,Music,2026-08-27T16:00:35Z,PT3M47S,408603,1323,9,https://i.ytimg.com/vi/2zxT4YeasqY/maxresdefault.jpg,1
2026-08-31T02:15:00.610597+00:00,ES,Spain,8,3,Bnt-OvZeldQ,GTA 6 TODOS LOS FALLOS Y BUGS DEL TRAILER EN PS5,UCF3Ez6QwZwwr_E7RZGJMW0A,saselandia,20,Gaming,2026-08-29T17:57:09Z,PT18M35S,29582,1335,335,https://i.ytimg.com/vi/Bnt-OvZeldQ/maxresdefault.jpg,1
2026-08-31T02:15:00.610597+00:00,ES,Spain,9,2,wKoJJeVBYdY,UNA NIÑA POSEÍDA POR SATÁN 👹 - Befriended Curse ft. Andrés [Completo],UCKvoBRFqMNqvuSvFBiNadgw,IlloJuan,20,Gaming,2026-08-29T13:15:00Z,PT1H19M,570246,13466,356,https://i.ytimg.com/vi/wKoJJeVBYdY/maxresdefault.jpg,1
2026-08-31T02:15:00.610597+00:00,ES,Spain,10,1,XlTW3v3k1gg,"Bonito, Bonito – Thiago Navarro Music (Lyrics)",UCZtoHl1p6R6_iLm2yjA9gew,Amazing Lyrics,10,Music,2026-08-27T18:09:17Z,PT3M29S,85990,983,31,https://i.ytimg.com/vi/XlTW3v3k1gg/maxresdefault.jpg,1
2026-08-31T02:15:00.610597+00:00,LK,Sri Lanka,1,10,jR3rWCBeO6M,@SaiAbhyankkar - Radhimaa (Music Video) | Bhagyashri Borse | Vivek | Thejo Bharathwaj | Think Indie,UCLbdVvreihwZRL6kwuEUYsA,Think Music India,10,Music,2026-08-24T15:06:36Z,PT5M48S,15957724,379283,10808,https://i.ytimg.com/vi/jR3rWCBeO6M/maxresdefault.jpg,4
2026-08-31T02:15:00.610597+00:00,LK,Sri Lanka,2,9,LnmF2vX8Dfo,Mandaadi - Teaser (Tamil) | Soori | Suhas | Mahima Nambiar |GV Prakash Kumar |Mathimaran Pugazhendhi,UCUjM7AzodC55Dq6BncrsBjA,RS Infotainment,24,Entertainment,2026-08-25T14:31:00Z,PT59S,3774038,87443,935,https://i.ytimg.com/vi/LnmF2vX8Dfo/maxresdefault.jpg,3
2026-08-31T02:15:00.610597+00:00,LK,Sri Lanka,3,8,b2fqd639i-0,Escape From Chunga Changa  Sinhala Game Play 😜,UC0PdkCm3QlHJ8HdH4JeNirA,YAKA MAN,20,Gaming,2026-08-28T10:30:06Z,PT25M11S,58720,4115,307,https://i.ytimg.com/vi/b2fqd639i-0/maxresdefault.jpg,1
2026-08-31T02:15:00.610597+00:00,LK,Sri Lanka,4,7,Fp-q8Db0yOg,SOSA LEAN - MONSTER X UMARA Prod. By Chamath Sangeeth,UClEwc1oR6Ljk2AwAIsTeJnw,Sosa Lean,10,Music,2026-08-28T12:30:06Z,PT3M57S,312741,25164,3263,https://i.ytimg.com/vi/Fp-q8Db0yOg/maxresdefault.jpg,1
2026-08-31T02:15:00.610597+00:00,LK,Sri Lanka,5,6,L2NAh3CIdig,Avengers Endgame: Encore | Official Trailer | In Theaters Sep 25,UCvC4D8onUfXzvjTOM-dBfEA,Marvel Entertainment,24,Entertainment,2026-08-25T16:00:01Z,PT1M37S,13723396,319458,17219,https://i.ytimg.com/vi/L2NAh3CIdig/maxresdefault.jpg,29
2026-08-31T02:15:00.610597+00:00,LK,Sri Lanka,6,5,0-d6Z1kTwj0,Birthday BOY 🩷😎 |  Master Brothers |,UCnLDg6H44ShnTB3TWLw_R0A,Master Brothers FF,20,Gaming,2026-08-28T18:49:37Z,PT4H3M1S,48156,5058,56,https://i.ytimg.com/vi/0-d6Z1kTwj0/maxresdefault.jpg,1
2026-08-31T02:15:00.610597+00:00,LK,Sri Lanka,7,4,2O7hEkSjwdA,Mihiran - Ma Sewu Angana (Thissema Nuba Sihiyata Ena) Official Music Video,UC6wvfVVgmnsMUlhfYCv64Gw,Mihiran,10,Music,2026-08-18T13:00:06Z,PT4M14S,594479,27648,2002,https://i.ytimg.com/vi/2O7hEkSjwdA/maxresdefault.jpg,1
2026-08-31T02:15:00.610597+00:00,LK,Sri Lanka,8,3,WKq3S2vvVEM,"Hi :) - Movie Official Trailer (Tamil) | Nayanthara, Kavin | Vishnu Edavan | In Cinemas 28th August",UCkQgukY-pSpY3C_LA6jiEQA,Zee Studios South,24,Entertainment,2026-08-20T13:05:04Z,PT2M48S,7246641,61239,1437,https://i.ytimg.com/vi/WKq3S2vvVEM/maxresdefault.jpg,1
2026-08-31T02:15:00.610597+00:00,LK,Sri Lanka,9,2,z4jdRFtuAPU,කවුරුහරි මට යන්න දෙන්නේ නෑ  . 😱 Ep - 3 | ඇත්තම Verity,UCTpl_WGLA1bQhB3iVZWIyvA,GlitcherZ,20,Gaming,2026-08-28T11:53:36Z,PT15M15S,30454,2047,487,https://i.ytimg.com/vi/z4jdRFtuAPU/maxresdefault.jpg,1
2026-08-31T02:15:00.610597+00:00,LK,Sri Lanka,10,1,V_V6jyJ9RZ0,Magema Radha (මාගේම රාධා) | Mage Prane E Wila | Imesh Sandeepa | Official Music Video,UCcZgNdoptxgTcY62qiRd1xQ,Imesh Sandeepa,10,Music,2026-08-23T10:15:06Z,PT4M5S,171634,6242,857,https://i.ytimg.com/vi/V_V6jyJ9RZ0/maxresdefault.jpg,1
2026-08-31T02:15:00.610597+00:00,SE,Sweden,1,10,getnHpYUxoM,"Saint Levant, Mohammed Assaf - MASKARA / مسكرة (Official Video)",UCCzciZk37I_YOOb94rpO62g,Saint Levant ,10,Music,2026-08-21T13:59:34Z,PT3M25S,6066996,82622,5246,https://i.ytimg.com/vi/getnHpYUxoM/maxresdefault.jpg,3
2026-08-31T02:15:00.610597+00:00,SE,Sweden,2,9,IGk17XQ7IrQ,The Witcher 3: Wild Hunt — Remastered | Official Announcement Trailer,UCzybXLxv08IApdjdN0mJhEg,The Witcher,20,Gaming,2026-08-25T19:59:52Z,PT1M46S,4211127,203466,16372,https://i.ytimg.com/vi/IGk17XQ7IrQ/maxresdefault.jpg,28
2026-08-31T02:15:00.610597+00:00,SE,Sweden,3,8,Dy06SXknr_g,World's Largest Minecraft Build!,UCIPPMRA040LQr5QPyJEbmXA,MrBeast Gaming,20,Gaming,2026-08-29T16:00:00Z,PT24M59S,20329039,400444,13676,https://i.ytimg.com/vi/Dy06SXknr_g/maxresdefault.jpg,40
2026-08-31T02:15:00.610597+00:00,SE,Sweden,4,7,V4unl30kQSs,Yasin - Vänta [Official Video],UCln7wI3zoFS2uG8eNJUQQMw,YasinTheDon,10,Music,2026-08-27T22:00:05Z,PT3M54S,44341,937,80,https://i.ytimg.com/vi/V4unl30kQSs/maxresdefault.jpg,1
2026-08-31T02:15:00.610597+00:00,SE,Sweden,5,6,LhbAbnhXAq4,TRAILER - I Manegen med Glenn Killing,UCo0EPBToASJsh8GauZ2DwfA,Killinggänget,22,People & Blogs,2026-08-24T06:00:41Z,PT2M59S,183474,1112,130,https://i.ytimg.com/vi/LhbAbnhXAq4/maxresdefault.jpg,1
2026-08-31T02:15:00.610597+00:00,SE,Sweden,6,5,dD3Lv0cjq5k,Vi Spelade Who’s Your Daddy..,UC-6vFiMYm8r0eHxZtXetCRQ,Periks Värld,20,Gaming,2026-08-29T13:00:10Z,PT17M52S,38249,330,24,https://i.ytimg.com/vi/dD3Lv0cjq5k/maxresdefault.jpg,1
2026-08-31T02:15:00.610597+00:00,SE,Sweden,7,4,is8UDe2PhKQ,KATSEYE (캣츠아이) 'Hootie Frutti' Official MV,UC3IZKseVpdzPSBaWxBxundA,HYBE LABELS,10,Music,2026-08-14T03:59:06Z,PT2M34S,58921333,982856,197828,https://i.ytimg.com/vi/is8UDe2PhKQ/maxresdefault.jpg,15
2026-08-31T02:15:00.610597+00:00,SE,Sweden,8,3,X1aFkAkFASk,Avengers: Doomsday | Special Look | In Theaters December 18,UCvC4D8onUfXzvjTOM-dBfEA,Marvel Entertainment,24,Entertainment,2026-08-15T04:06:21Z,PT2M10S,36887790,1343094,59863,https://i.ytimg.com/vi/X1aFkAkFASk/maxresdefault.jpg,22
2026-08-31T02:15:00.610597+00:00,SE,Sweden,9,2,elcGNmuxOXQ,Överraskar Bebis Perik Med Hans DRÖMKALAS I Minecraft!,UCUnoH_DQD5wLCEjcwkBL_eQ,Perik,20,Gaming,2026-08-29T06:00:10Z,PT22M43S,42898,549,78,https://i.ytimg.com/vi/elcGNmuxOXQ/maxresdefault.jpg,1
2026-08-31T02:15:00.610597+00:00,SE,Sweden,10,1,19Fw6fL7zKE,Wael Kfoury - Mahboubi (Official Lyric Video 2026) | وائل كفوري - محبوبي,UC1F4CV2YjvxKgNOOFqd_dfQ,Wael Kfoury | وائل كفوري,10,Music,2026-08-24T11:58:01Z,PT2M45S,2919692,15459,1123,https://i.ytimg.com/vi/19Fw6fL7zKE/maxresdefault.jpg,1
2026-08-31T02:15:00.610597+00:00,CH,Switzerland,1,10,NBZ30B8VYqo,Sido - ISSA [Official Video],UChl3h_bqcx_c15f7WOtSn-A,Sido,10,Music,2026-08-20T18:00:06Z,PT2M30S,2264797,87219,5652,https://i.ytimg.com/vi/NBZ30B8VYqo/maxresdefault.jpg,3
2026-08-31T02:15:00.610597+00:00,CH,Switzerland,2,9,IGk17XQ7IrQ,The Witcher 3: Wild Hunt — Remastered | Official Announcement Trailer,UCzybXLxv08IApdjdN0mJhEg,The Witcher,20,Gaming,2026-08-25T19:59:52Z,PT1M46S,4211127,203466,16372,https://i.ytimg.com/vi/IGk17XQ7IrQ/maxresdefault.jpg,28
2026-08-31T02:15:00.610597+00:00,CH,Switzerland,3,8,9Y_bOd4miH8,XXL BESTE FREUNDE OLYMPIADE,UCxdaFKaMlRHtVkBeGygsYTw,Papaplatte Gaming,20,Gaming,2026-08-27T17:00:34Z,PT2H53M59S,838563,23561,354,https://i.ytimg.com/vi/9Y_bOd4miH8/maxresdefault.jpg,2
2026-08-31T02:15:00.610597+00:00,CH,Switzerland,4,7,LqYBrTrWk40,Princ1 ft. Mandi & Ezo Menic - Yalla,UC8NaKtlPixx88fQBsmfkjXQ,Princ1 Music,10,Music,2026-08-24T14:00:06Z,PT3M9S,881028,6722,211,https://i.ytimg.com/vi/LqYBrTrWk40/maxresdefault.jpg,2
2026-08-31T02:15:00.610597+00:00,CH,Switzerland,5,6,L2NAh3CIdig,Avengers Endgame: Encore | Official Trailer | In Theaters Sep 25,UCvC4D8onUfXzvjTOM-dBfEA,Marvel Entertainment,24,Entertainment,2026-08-25T16:00:01Z,PT1M37S,13723396,319458,17219,https://i.ytimg.com/vi/L2NAh3CIdig/maxresdefault.jpg,29
2026-08-31T02:15:00.610597+00:00,CH,Switzerland,6,5,qhvPlcwJUvk,A New Way to Collect Brawlers! - Brawl Talk,UCooVYzDxdwTtGYAkcPmOgOw,Brawl Stars,20,Gaming,2026-08-29T15:00:06Z,PT12M51S,6239828,219502,14330,https://i.ytimg.com/vi/qhvPlcwJUvk/maxresdefault.jpg,27
2026-08-31T02:15:00.610597+00:00,CH,Switzerland,7,4,gyoMVNg7zkM,18 KARAT - IMMORTALE,UCw4gT99yX5P6W8gom1psUVg,SupremosTV,10,Music,2026-08-27T22:00:06Z,PT3M55S,266170,15636,2700,https://i.ytimg.com/vi/gyoMVNg7zkM/maxresdefault.jpg,3
2026-08-31T02:15:00.610597+00:00,CH,Switzerland,8,3,fWQqShbNXlA,Zarbex reagiert auf den Extended Look GTA 6 Trailer,UCEMOfc4WSYvEfAXelBiJyEQ,Mr. Geil,24,Entertainment,2026-08-29T08:41:57Z,PT49M50S,275443,5936,378,https://i.ytimg.com/vi/fWQqShbNXlA/maxresdefault.jpg,4
2026-08-31T02:15:00.610597+00:00,CH,Switzerland,9,2,Dy06SXknr_g,World's Largest Minecraft Build!,UCIPPMRA040LQr5QPyJEbmXA,MrBeast Gaming,20,Gaming,2026-08-29T16:00:00Z,PT24M59S,20329039,400444,13676,https://i.ytimg.com/vi/Dy06SXknr_g/maxresdefault.jpg,40
2026-08-31T02:15:00.610597+00:00,CH,Switzerland,10,1,0P_q4g4v1TI,SLOBA RADANOVIC - POZVACU TE (OFFICIAL VIDEO 2026),UCtHQlg6FypR2SjqPjkkXoog,Sloba Radanovic,10,Music,2026-08-23T12:00:02Z,PT3M11S,2264327,12059,1147,https://i.ytimg.com/vi/0P_q4g4v1TI/maxresdefault.jpg,8
2026-08-31T02:15:00.610597+00:00,TW,Taiwan,1,10,s466YCiHfKw,JENNIE - FALLEN ANGEL (Official Video),UCN9_L9lA9kqJbGANLRus_1A,JennieRubyJaneVEVO,10,Music,2026-08-28T04:00:19Z,PT5M43S,13544483,951234,65066,https://i.ytimg.com/vi/s466YCiHfKw/maxresdefault.jpg,12
2026-08-31T02:15:00.610597+00:00,TW,Taiwan,2,9,zh0MuoV-olY,還得是官方出手! 信息量逆天! 激情解析GTA6最新實機預告~ (Leya蕾雅),UCiXJjvsRQEyT06x3YUwueVw,Leya蕾雅,20,Gaming,2026-08-28T08:45:12Z,PT7M50S,265144,2930,456,https://i.ytimg.com/vi/zh0MuoV-olY/maxresdefault.jpg,2
2026-08-31T02:15:00.610597+00:00,TW,Taiwan,3,8,3T9IrVFwF9U,[中文] T1 vs BFX | 2026 LCK Playoffs R1,UC5Fms2Bl_HM6DPYgyL5DOyg,LCK-Carry,20,Gaming,2026-08-29T13:31:24Z,PT5H38M3S,1160846,2755,77,https://i.ytimg.com/vi/3T9IrVFwF9U/maxresdefault.jpg,2
2026-08-31T02:15:00.610597+00:00,TW,Taiwan,4,7,PTaXHjz6okQ,黃奇斌 Ng KiPin - 老朋友 Old Friend｜Official Music Video,UCfeCq9kBtv6ULUPpfMuCp3A,黃奇斌 Ng KiPin,22,People & Blogs,2026-08-28T12:59:44Z,PT4M45S,507029,6113,397,https://i.ytimg.com/vi/PTaXHjz6okQ/maxresdefault.jpg,1
2026-08-31T02:15:00.610597+00:00,TW,Taiwan,5,6,Mr79Z6iGiaA,【阿航】GTA6 超長預告 有史以來最多細節!!,UC_8ZjJOUstueP1MeaZPdzeg,RHung阿航,20,Gaming,2026-08-28T01:01:22Z,PT19M23S,98409,751,159,https://i.ytimg.com/vi/Mr79Z6iGiaA/maxresdefault.jpg,1
2026-08-31T02:15:00.610597+00:00,TW,Taiwan,6,5,5SpKtc9gXgw,GCS 2026 夏季例行賽W2D2－2026/08/30《Garena 傳說對決》,UCeMjhoCCvujpObnt6yeZeNg,Garena 傳說對決,20,Gaming,2026-08-30T13:10:16Z,PT5H53M45S,451536,1542,69,https://i.ytimg.com/vi/5SpKtc9gXgw/maxresdefault.jpg,1
2026-08-31T02:15:00.610597+00:00,TW,Taiwan,7,4,8eOs7Zd-690,麋先生 聖皓 MIXER Sheng Hao feat. 王識賢 Shih Hsien Wang [ 鹹酸苦汫 Tastes of Life ] Official Music Video,UCYD2qdutXvIZD0XUc3JbStg,麋先生MIXER,10,Music,2026-08-27T10:00:18Z,PT4M19S,577097,3182,108,https://i.ytimg.com/vi/8eOs7Zd-690/maxresdefault.jpg,1
2026-08-31T02:15:00.610597+00:00,TW,Taiwan,8,3,XaPtsgFjcCk,复联四重映版预告解析#漫威 #marvel #复仇者联盟4#复联4重映,UCFxojmwaq1P8FjiQtuGTBBA,巴赫影探【海外频道】,1,Film & Animation,2026-08-28T10:45:32Z,PT9M57S,60935,215,25,https://i.ytimg.com/vi/XaPtsgFjcCk/maxresdefault.jpg,1
2026-08-31T02:15:00.610597+00:00,TW,Taiwan,9,2,xvEk2R86NBY,[中文] CFO vs MVK | LCP 2026 Split 3 Lower Bracket Final,UCYfC038eP_cm9WNo5Cv-tBg,LoLEsportsTW ,20,Gaming,2026-08-29T11:55:37Z,PT4H49M58S,278095,802,33,https://i.ytimg.com/vi/xvEk2R86NBY/maxresdefault.jpg,1
2026-08-31T02:15:00.610597+00:00,TW,Taiwan,10,1,VxzJLeA19NY,逝去的煙花,UCE7dfQT4XUfgUTWuvfSO9_Q,Ginger - Topic,10,Music,2026-08-26T16:02:11Z,PT3M40S,23487,146,0,https://i.ytimg.com/vi/VxzJLeA19NY/maxresdefault.jpg,1
2026-08-31T02:15:00.610597+00:00,TZ,Tanzania,1,10,Ch4S_pRnMJo,"Nandy, Mbosso & S2kizzy - Malaika (Official Music Video)",UCuqG1YHwV5wLltChmEvsQPw,Mbosso,10,Music,2026-08-21T07:00:06Z,PT3M26S,1707240,36449,2367,https://i.ytimg.com/vi/Ch4S_pRnMJo/maxresdefault.jpg,2
2026-08-31T02:15:00.610597+00:00,TZ,Tanzania,2,9,X1aFkAkFASk,Avengers: Doomsday | Special Look | In Theaters December 18,UCvC4D8onUfXzvjTOM-dBfEA,Marvel Entertainment,24,Entertainment,2026-08-15T04:06:21Z,PT2M10S,36887790,1343094,59863,https://i.ytimg.com/vi/X1aFkAkFASk/maxresdefault.jpg,22
2026-08-31T02:15:00.610597+00:00,TZ,Tanzania,3,8,b365BuXjOK0,GTA 5 LIVE | MRRAJAPLAY #gtalive #gtaonline #gta5 #gtav #gaming,UCuM98BwdxBtyId7GtMmIDvw,MR RAJA PLAYZONE,20,Gaming,2026-08-29T21:58:20Z,PT31M26S,10167934,4691,2,https://i.ytimg.com/vi/b365BuXjOK0/maxresdefault.jpg,1
2026-08-31T02:15:00.610597+00:00,TZ,Tanzania,4,7,WRhCtoeMCs8,Jay Melody - Upweke (Official Visualizer),UCJ00BzcXtVacrZI02iClO5g,Jay Melody,10,Music,2026-08-26T09:00:06Z,PT3M22S,360713,12873,893,https://i.ytimg.com/vi/WRhCtoeMCs8/maxresdefault.jpg,1
2026-08-31T02:15:00.610597+00:00,TZ,Tanzania,5,6,G5hWlD5zfhw,Toxic Official Hindi Trailer | Rocking Star Yash | Geetu Mohandas | KVN | Monster Mind Creations,UC3DOgauBYLQQXdH1siGjfpw,KVN PRODUCTIONS,1,Film & Animation,2026-08-08T13:31:22Z,PT4M39S,36361900,667658,36940,https://i.ytimg.com/vi/G5hWlD5zfhw/maxresdefault.jpg,2
2026-08-31T02:15:00.610597+00:00,TZ,Tanzania,6,5,Yvb5QD5xlxs,GTA V LIVE #shortsfeed #shortlive #gta5 #shorts #live,UCBKMcGDiluE_Nhep-U3sVrA,WARZONEX GAMING ,20,Gaming,2026-08-30T21:07:27Z,PT5H31M16S,1002749,0,0,https://i.ytimg.com/vi/Yvb5QD5xlxs/maxresdefault.jpg,1
2026-08-31T02:15:00.610597+00:00,TZ,Tanzania,7,4,GGEIZS9nrpg,Lulu Diva X D Voice - Viatu Vyangu {Official Video},UCu9db-gbsE2vPDSrzu4Ehag,LuluDiva,10,Music,2026-08-28T07:00:06Z,PT2M50S,412780,6295,3079,https://i.ytimg.com/vi/GGEIZS9nrpg/maxresdefault.jpg,1
2026-08-31T02:15:00.610597+00:00,TZ,Tanzania,8,3,cV9hgKwTUwU,FIFAe Continental Championship 2026 Africa ft. eFootball Mobile - Local Language,UCnpZzzqzyiS5qD2HDxqLkDA,FIFAe,20,Gaming,2026-08-27T22:15:30Z,PT9H27M49S,115097,1501,0,https://i.ytimg.com/vi/cV9hgKwTUwU/maxresdefault.jpg,2
2026-08-31T02:15:00.610597+00:00,TZ,Tanzania,9,2,qLcK5K5EEpM,Rayvanny -  Touch (Official Music Video),UCo7hxTE3HeKVuu4K7N0dMYQ,Rayvanny,10,Music,2026-08-14T06:00:06Z,PT3M45S,3130951,51126,2897,https://i.ytimg.com/vi/qLcK5K5EEpM/maxresdefault.jpg,1
2026-08-31T02:15:00.610597+00:00,TZ,Tanzania,10,1,WSNFlqEqtAc,🔴 GTA 5 LIVE 🔥 TODAY SOMETHING CRAZY WILL HAPPEN! 😱💥 | GTA V LIVE,UCRPYtaOAOMaI4axoUeQeF9A,LUCKY GAMER,20,Gaming,2026-08-27T20:08:13Z,PT4H55M49S,2060306,0,1,https://i.ytimg.com/vi/WSNFlqEqtAc/maxresdefault.jpg,1
2026-08-31T02:15:00.610597+00:00,TH,Thailand,1,10,s466YCiHfKw,JENNIE - FALLEN ANGEL (Official Video),UCN9_L9lA9kqJbGANLRus_1A,JennieRubyJaneVEVO,10,Music,2026-08-28T04:00:19Z,PT5M43S,13544483,951234,65066,https://i.ytimg.com/vi/s466YCiHfKw/maxresdefault.jpg,12
2026-08-31T02:15:00.610597+00:00,TH,Thailand,2,9,k0AscWBSWCY,เจาะตัวอย่าง Ramayana (2026) ทีม Odyssey Dune มาร่วมสร้างด้วย กว่า 15 ตำนานอินเดีย จะมีอะไรบ้าง,UC5AKy_q13h7FHxda0D_oltQ,Suryaputra สุริยะบุตร เรื่องเล่า,24,Entertainment,2026-08-30T08:18:11Z,PT15M5S,25745,488,78,https://i.ytimg.com/vi/k0AscWBSWCY/maxresdefault.jpg,1
2026-08-31T02:15:00.610597+00:00,TH,Thailand,3,8,-E3KHpSy5hQ,การแข่งขัน RoV Pro League 2026 Winter | รอบเก็บคะแนน Week 2 Day 4,UCy19QXxbCHh8qVVCbuGk-ig,Garena RoV Thailand,20,Gaming,2026-08-30T14:30:22Z,PT9H13M20S,1017098,3611,33,https://i.ytimg.com/vi/-E3KHpSy5hQ/maxresdefault.jpg,1
2026-08-31T02:15:00.610597+00:00,TH,Thailand,4,7,u8crkVuo07g,ฮู้สึกง่าย - น้ำแข็ง ทิพวรรณ【OFFICIAL MV】,UCvUwtF6YtVes9m9rePJIAgg,น้ําแข็ง ทิพวรรณ,10,Music,2026-08-29T02:09:07Z,PT4M16S,111739,1911,198,https://i.ytimg.com/vi/u8crkVuo07g/maxresdefault.jpg,1
2026-08-31T02:15:00.610597+00:00,TH,Thailand,5,6,exKLy6CwUNo,Tower Defense X Tower Battles II Trailer | ROBLOX,UCojsj6T5tNPGPZSx7wn4coQ,JOHN ROBLOX,20,Gaming,2026-08-30T18:59:31Z,PT1M41S,85912,4593,1017,https://i.ytimg.com/vi/exKLy6CwUNo/maxresdefault.jpg,6
2026-08-31T02:15:00.610597+00:00,TH,Thailand,6,5,EjmFStY3dks,ตามสัญญา! ล่าช้างสตอเบอร์รี่ 1% | Steal An Egg Roblox,UChjKDMnMMG6iZY3twuuS2zg,PRIMKUNG,20,Gaming,2026-08-30T05:00:17Z,PT32M4S,427869,11493,490,https://i.ytimg.com/vi/EjmFStY3dks/maxresdefault.jpg,1
2026-08-31T02:15:00.610597+00:00,TH,Thailand,7,4,V58V1a-qiiw,"Red Flag Ost.You Maniac เดี๋ยวจะรักซะให้บ้า - William Jakrapatr, Est Supha",UC_mceLIVkQun_Xcu1KBmfdw,GMMTV RECORDS,10,Music,2026-08-28T10:00:39Z,PT2M50S,786866,66025,5585,https://i.ytimg.com/vi/V58V1a-qiiw/maxresdefault.jpg,1
2026-08-31T02:15:00.610597+00:00,TH,Thailand,8,3,Dy06SXknr_g,World's Largest Minecraft Build!,UCIPPMRA040LQr5QPyJEbmXA,MrBeast Gaming,20,Gaming,2026-08-29T16:00:00Z,PT24M59S,20329039,400444,13676,https://i.ytimg.com/vi/Dy06SXknr_g/maxresdefault.jpg,40
2026-08-31T02:15:00.610597+00:00,TH,Thailand,9,2,_ax7vSmd0fc,PEE CLOCK - รักชักกระตุก ft. YOUNGOHM (Official Video),UC1GrNIOFKdl7-XR9mdUfpRA,Pattaya Boi,10,Music,2026-08-28T09:00:06Z,PT3M40S,259174,6096,381,https://i.ytimg.com/vi/_ax7vSmd0fc/maxresdefault.jpg,1
2026-08-31T02:15:00.610597+00:00,TH,Thailand,10,1,EGg4gIHl3oc,ขโมยไข่ราชาคิงคองอีเว้นท์ใหม่ | Steal An Egg,UC5zGJZpxeZPFcds5gFcDE7Q,zbing z.,20,Gaming,2026-08-30T07:53:53Z,PT25M24S,229365,3272,287,https://i.ytimg.com/vi/EGg4gIHl3oc/maxresdefault.jpg,1
2026-08-31T02:15:00.610597+00:00,TN,Tunisia,1,10,ldAqAi1cdrs,Guito'N - Emprise [Cut],UCpOLOQNWwJUN4VGS93JcS0g,Guito'n,10,Music,2026-08-30T16:02:53Z,PT3M10S,7967,609,68,https://i.ytimg.com/vi/ldAqAi1cdrs/maxresdefault.jpg,1
2026-08-31T02:15:00.610597+00:00,TN,Tunisia,2,9,L2NAh3CIdig,Avengers Endgame: Encore | Official Trailer | In Theaters Sep 25,UCvC4D8onUfXzvjTOM-dBfEA,Marvel Entertainment,24,Entertainment,2026-08-25T16:00:01Z,PT1M37S,13723396,319458,17219,https://i.ytimg.com/vi/L2NAh3CIdig/maxresdefault.jpg,29
2026-08-31T02:15:00.610597+00:00,TN,Tunisia,3,8,RjQENj5FlOU,مقلب النوب في شخص عشوائي !!,UC2qdrMpLKn3GgeCwN65SX_Q,SA7RAWI Gaming,20,Gaming,2026-08-30T11:00:10Z,PT12M13S,240350,20451,1292,https://i.ytimg.com/vi/RjQENj5FlOU/maxresdefault.jpg,4
2026-08-31T02:15:00.610597+00:00,TN,Tunisia,4,7,o-jDwgcfZDM,راي جزائري صامت - صعيب ولفك وانا مانيش صبار,UCiJpn-jHAZnomOagzz1cEUA,Najiri Vision | نجيري فيزيون - Topic,10,Music,2026-08-27T23:34:44Z,PT1M32S,80586,253,2,https://i.ytimg.com/vi/o-jDwgcfZDM/maxresdefault.jpg,3
2026-08-31T02:15:00.610597+00:00,TN,Tunisia,5,6,YPlDmnZs-xc,قرصان في لعبة فري فاير !!,UCjHq0FqdRB0JP-1CcokW3-w,SA7RAWI,20,Gaming,2026-08-30T09:00:25Z,PT10M41S,207408,12388,1374,https://i.ytimg.com/vi/YPlDmnZs-xc/maxresdefault.jpg,1
2026-08-31T02:15:00.610597+00:00,TN,Tunisia,6,5,KBn9EgNGJYI,Faycel Sghir x Abdou Gambetta - Ana 3liha Nma3ni ( Remix Rai 2027 ),UCSAg3zqjC3gI-owuTS31MMw,aYoBeats,10,Music,2026-08-28T17:29:25Z,PT3M30S,41084,269,5,https://i.ytimg.com/vi/KBn9EgNGJYI/maxresdefault.jpg,4
2026-08-31T02:15:00.610597+00:00,TN,Tunisia,7,4,aIvgA68Aipk,عدت من الصفر في ماب الكيبورد 😢💔,UCOMwpjGPUrGGUS2Diq6UmVw,El Husamo X,20,Gaming,2026-08-30T16:31:53Z,PT9M4S,396765,9803,823,https://i.ytimg.com/vi/aIvgA68Aipk/maxresdefault.jpg,8
2026-08-31T02:15:00.610597+00:00,TN,Tunisia,8,3,Jjdi4byLilA,DANI DANI DAN,UCUdhbWZZrOAhomLkPeM4WSw,H'Mix - Topic,10,Music,2026-08-26T12:00:44Z,PT2M53S,181706,618,0,https://i.ytimg.com/vi/Jjdi4byLilA/maxresdefault.jpg,2
2026-08-31T02:15:00.610597+00:00,TN,Tunisia,9,2,EmTs6IoB5H4,اشتغلت مربية لطفل مسكون 😱 | The Baby In Yellow 👶🏻,UCz-H1BVdzwfjTIE9KD5kIMA,Esraa Gaming ,22,People & Blogs,2026-08-29T13:07:45Z,PT35M44S,1086018,32928,11722,https://i.ytimg.com/vi/EmTs6IoB5H4/maxresdefault.jpg,3
2026-08-31T02:15:00.610597+00:00,TN,Tunisia,10,1,q0VYmUoIcpA,te9etlini thabliniiiiiii تقتليني تهبليني,UCJDaal318UDu0cbuO4CRNPA,IA RAI STYLE - Topic,10,Music,2026-08-25T01:32:45Z,PT3M53S,42149,294,18,https://i.ytimg.com/vi/q0VYmUoIcpA/maxresdefault.jpg,2
2026-08-31T02:15:00.610597+00:00,TR,Turkey,1,10,5hdjPi2WMUs,ALLAME x SAGOPA KAJMER - BİR ŞANSIM DAHA OLSA,UCjIg0KHC-pKA2aKzDHjYLmA,Allame Official,10,Music,2026-08-27T20:30:06Z,PT2M58S,1254928,50663,5430,https://i.ytimg.com/vi/5hdjPi2WMUs/maxresdefault.jpg,1
2026-08-31T02:15:00.610597+00:00,TR,Turkey,2,9,qkdZNsgY2a4,RRaenee GTA 6 Fragmanını İlk Kez İzliyor!,UC6suM46jn6N7ZrNdyt24WZQ,Yusodit,22,People & Blogs,2026-08-28T18:41:18Z,PT41M17S,166008,1119,114,https://i.ytimg.com/vi/qkdZNsgY2a4/maxresdefault.jpg,1
2026-08-31T02:15:00.610597+00:00,TR,Turkey,3,8,TtpUwxQYqwQ,AVCI OLMAK İSTERKEN AV OLUYORDUK! | HOW TO FISH | BÖLÜM 1,UC51-ljNFrvY5ZmV0C_61XcA,Elraenn,20,Gaming,2026-08-27T15:01:33Z,PT2H12M32S,2317201,52606,3205,https://i.ytimg.com/vi/TtpUwxQYqwQ/maxresdefault.jpg,2
2026-08-31T02:15:00.610597+00:00,TR,Turkey,4,7,LiJ7is-RtA4,Motive & UZI - ANAKONDA'S (Official Visualizer),UCFuYPqxTjAkRXYVygo3ZgeQ,S.O.S,10,Music,2026-08-27T21:00:06Z,PT2M48S,361134,15004,1445,https://i.ytimg.com/vi/LiJ7is-RtA4/maxresdefault.jpg,1
2026-08-31T02:15:00.610597+00:00,TR,Turkey,5,6,CYIX7bsyIfE,AVENGERS DOOMSDAY Yeni Screen X Fragman İncelemesi Ve Ek Çekilen Sahneler Hakkında Detaylar,UCjKSkUQFZYnhYxXIGDHJxyA,doguqn STUDIOS,24,Entertainment,2026-08-29T18:37:29Z,PT8M46S,80254,1548,65,https://i.ytimg.com/vi/CYIX7bsyIfE/maxresdefault.jpg,1
2026-08-31T02:15:00.610597+00:00,TR,Turkey,6,5,0Kw9vMWJvfw,Zengin VS Fakir: Kafa Evi Kapışması (Minecraft),UCKizsKkBBjuEoY_fgRx-4QQ,Ferited,20,Gaming,2026-08-29T15:29:16Z,PT23M42S,551067,6114,879,https://i.ytimg.com/vi/0Kw9vMWJvfw/maxresdefault.jpg,2
2026-08-31T02:15:00.610597+00:00,TR,Turkey,7,4,DLQyeHa2CNE,ANAKONDA'S,UCkQ6jNdLeiwqUdMIY7QiXUg,Motive - Topic,10,Music,2026-08-27T10:04:40Z,PT2M48S,261117,6099,376,https://i.ytimg.com/vi/DLQyeHa2CNE/maxresdefault.jpg,1
2026-08-31T02:15:00.610597+00:00,TR,Turkey,8,3,qhvPlcwJUvk,A New Way to Collect Brawlers! - Brawl Talk,UCooVYzDxdwTtGYAkcPmOgOw,Brawl Stars,20,Gaming,2026-08-29T15:00:06Z,PT12M51S,6239828,219502,14330,https://i.ytimg.com/vi/qhvPlcwJUvk/maxresdefault.jpg,27
2026-08-31T02:15:00.610597+00:00,TR,Turkey,9,2,9HHRowEyy_4,kozzy (remix),UCmN22MCGBdqOhxE6FL0geew,Murda - Topic,10,Music,2026-08-27T21:00:24Z,PT2M47S,272403,5618,578,https://i.ytimg.com/vi/9HHRowEyy_4/maxresdefault.jpg,1
2026-08-31T02:15:00.610597+00:00,TR,Turkey,10,1,Dy06SXknr_g,World's Largest Minecraft Build!,UCIPPMRA040LQr5QPyJEbmXA,MrBeast Gaming,20,Gaming,2026-08-29T16:00:00Z,PT24M59S,20329039,400444,13676,https://i.ytimg.com/vi/Dy06SXknr_g/maxresdefault.jpg,40
2026-08-31T02:15:00.610597+00:00,UG,Uganda,1,10,GIH4nhli-AU,Joshua Baraka - Yoyo (Official Video),UCra5ZDZqHRQgmE4C3Wuz-Zg,Joshua Baraka,10,Music,2026-08-26T08:00:06Z,PT3M16S,1023542,21906,1661,https://i.ytimg.com/vi/GIH4nhli-AU/maxresdefault.jpg,2
2026-08-31T02:15:00.610597+00:00,UG,Uganda,2,9,L2NAh3CIdig,Avengers Endgame: Encore | Official Trailer | In Theaters Sep 25,UCvC4D8onUfXzvjTOM-dBfEA,Marvel Entertainment,24,Entertainment,2026-08-25T16:00:01Z,PT1M37S,13723396,319458,17219,https://i.ytimg.com/vi/L2NAh3CIdig/maxresdefault.jpg,29
2026-08-31T02:15:00.610597+00:00,UG,Uganda,3,8,yDm2QRqKUKg,⚽ Manchester United 5-2 Ipswich Town: Highlights | Premier League 26/27 | Game Simulation/Recreation,UCfFNw7MaO7QmWkswaGFGEvA,十Loork Football,20,Gaming,2026-08-30T18:44:04Z,PT5M32S,127506,572,1,https://i.ytimg.com/vi/yDm2QRqKUKg/maxresdefault.jpg,1
2026-08-31T02:15:00.610597+00:00,UG,Uganda,4,7,R5P_-lEws6Q,King Saha - Wewe,UCJ2kR29jOFFxTldaXOcjKYw,KingsahaVEVO,10,Music,2026-08-28T04:00:07Z,PT2M58S,86279,741,26,https://i.ytimg.com/vi/R5P_-lEws6Q/maxresdefault.jpg,1
2026-08-31T02:15:00.610597+00:00,UG,Uganda,5,6,Jkr-Thl4f1c,Trailer Din Part 15 2min mp4 on Tuesday,UCC-EdXIfzizbxoKmVHV9I5w,Habtom Entertainment,24,Entertainment,2026-08-24T11:00:00Z,PT1M47S,27432,981,23,https://i.ytimg.com/vi/Jkr-Thl4f1c/maxresdefault.jpg,1
2026-08-31T02:15:00.610597+00:00,UG,Uganda,6,5,0mE2LCGF8YE,"Man united vs Ipswich Town I Video Game Simulation I eFootball PES 2021 Live Stream I 30 Aug, 2026",UCbAb3jWPAy-427BSbITK8Dw,AA3GamingYT,20,Gaming,2026-08-30T18:50:05Z,PT2H42M31S,118242,326,0,https://i.ytimg.com/vi/0mE2LCGF8YE/maxresdefault.jpg,1
2026-08-31T02:15:00.610597+00:00,UG,Uganda,7,4,0xdvKEWdLnA,Sqoop Larma - Temutuloga (Official Video),UCtndKCjzR9yQbU_LhJgMlaw,Sqoop Larma,10,Music,2026-08-19T08:29:06Z,PT3M3S,286998,2977,210,https://i.ytimg.com/vi/0xdvKEWdLnA/maxresdefault.jpg,1
2026-08-31T02:15:00.610597+00:00,UG,Uganda,8,3,01IeKpHvgvM,The Gentlemen: Season 2 | Official Trailer | Netflix,UCWOA1ZGywLbqmigxE4Qlvuw,Netflix,24,Entertainment,2026-08-24T14:00:00Z,PT2M24S,1595192,23955,932,https://i.ytimg.com/vi/01IeKpHvgvM/maxresdefault.jpg,2
2026-08-31T02:15:00.610597+00:00,UG,Uganda,9,2,Dy06SXknr_g,World's Largest Minecraft Build!,UCIPPMRA040LQr5QPyJEbmXA,MrBeast Gaming,20,Gaming,2026-08-29T16:00:00Z,PT24M59S,20329039,400444,13676,https://i.ytimg.com/vi/Dy06SXknr_g/maxresdefault.jpg,40
2026-08-31T02:15:00.610597+00:00,UG,Uganda,10,1,UvtavP_kAEE,Vyroota - Calm Down (Official Music Video),UCd6K9bQ0AF9U1Wwmo5bY9-g,Vyroota,10,Music,2026-08-21T11:00:06Z,PT2M40S,152403,5023,2158,https://i.ytimg.com/vi/UvtavP_kAEE/maxresdefault.jpg,1
2026-08-31T02:15:00.610597+00:00,UA,Ukraine,1,10,ypMvNA4wwCA,І У ТЕМНУЮ НІЧ,UCJ4n6UBhNjuQKDBukXJpSIQ,DNK - Topic,10,Music,2026-08-21T10:00:28Z,PT2M16S,1849165,26970,210,https://i.ytimg.com/vi/ypMvNA4wwCA/maxresdefault.jpg,2
2026-08-31T02:15:00.610597+00:00,UA,Ukraine,2,9,V9HBuYmdnns,ТОЛЬКО Я ПОНЯЛ ТРЕЙЛЕР GTA 6,UCptRK95GEDXvJGOQIFg50fg,Игорь Линк,20,Gaming,2026-08-29T15:39:15Z,PT11M36S,450581,12555,1254,https://i.ytimg.com/vi/V9HBuYmdnns/maxresdefault.jpg,4
2026-08-31T02:15:00.610597+00:00,UA,Ukraine,3,8,qhvPlcwJUvk,A New Way to Collect Brawlers! - Brawl Talk,UCooVYzDxdwTtGYAkcPmOgOw,Brawl Stars,20,Gaming,2026-08-29T15:00:06Z,PT12M51S,6239828,219502,14330,https://i.ytimg.com/vi/qhvPlcwJUvk/maxresdefault.jpg,27
2026-08-31T02:15:00.610597+00:00,UA,Ukraine,4,7,byW7qJvCjIo,І У ТЕМНУЮ НІЧ (SLOWED),UCSDxWO44oRAvz_IjMN0LZNg,ElenaRo - Topic,10,Music,2026-08-25T10:41:27Z,PT2M26S,225599,1396,5,https://i.ytimg.com/vi/byW7qJvCjIo/maxresdefault.jpg,1
2026-08-31T02:15:00.610597+00:00,UA,Ukraine,5,6,SB3siHVCHpY,The Witcher 3: Wild Hunt — Songs of the Past | Official Teaser Trailer,UCzybXLxv08IApdjdN0mJhEg,The Witcher,20,Gaming,2026-08-25T20:08:52Z,PT1M15S,2395423,107870,5230,https://i.ytimg.com/vi/SB3siHVCHpY/maxresdefault.jpg,3
2026-08-31T02:15:00.610597+00:00,UA,Ukraine,6,5,DdTAD5eoCfg,[UA] Vitality проти Legacy | BLAST Open Porto 2026,UCwN7_8XdZY1az0SSDRx8oOA,CS2 Maincast,20,Gaming,2026-08-30T21:13:47Z,PT11H51M29S,247412,1983,0,https://i.ytimg.com/vi/DdTAD5eoCfg/maxresdefault.jpg,1
2026-08-31T02:15:00.610597+00:00,UA,Ukraine,7,4,3Qc8F-65iAk,Дурна любов,UCcqQ8af7JPMZtGAqffSKTfQ,GROSU - Topic,10,Music,2026-08-27T10:02:07Z,PT2M48S,128609,1661,27,https://i.ytimg.com/vi/3Qc8F-65iAk/maxresdefault.jpg,1
2026-08-31T02:15:00.610597+00:00,UA,Ukraine,8,3,VKt4J3aiIAU,ГЕЙМПЛЕЙ GTA 6 ВЫШЕЛ! РЕАКЦИЯ НА НОВЫЙ ТРЕЙЛЕР ГЕЙМПЛЕЯ ГТА 6,UCpDzpaUTbIkdjkCZ9pmfMrA,Coffi Channel,20,Gaming,2026-08-27T23:14:40Z,PT30M59S,385356,11136,814,https://i.ytimg.com/vi/VKt4J3aiIAU/maxresdefault.jpg,3
2026-08-31T02:15:00.610597+00:00,UA,Ukraine,9,2,ImAm6goVuB0,🤯ЗАТРОЛЛИЛ ДЕВУШКУ ЧИТАМИ в В УКРАДИ ЯЙЦО! УДАЛИЛ МАШЕ ВСЕ ЯЙЦА В РОБЛОКС,UCMDSzea8f4CC53mZC3ViZug,EroxBlox,20,Gaming,2026-08-29T08:54:26Z,PT19M27S,453117,10109,1607,https://i.ytimg.com/vi/ImAm6goVuB0/maxresdefault.jpg,2
2026-08-31T02:15:00.610597+00:00,UA,Ukraine,10,1,NDYIEdO8dk0,Біля тихої річки,UCHTJcYAO35jvETJ7ry_vtJQ,MOL'FA - Topic,10,Music,2026-08-22T10:02:01Z,PT4M19S,119403,483,7,https://i.ytimg.com/vi/NDYIEdO8dk0/maxresdefault.jpg,1
2026-08-31T02:15:00.610597+00:00,AE,United Arab Emirates,1,10,JqFzhcWo3EU,Yeshanagula | The Paradise | Nani | Keerthy Suresh | Anirudh Ravichander | Srikanth Odela,UC68nKdrLbLL0Vj7ilVkLmmg,Saregama Telugu,10,Music,2026-08-29T09:43:07Z,PT3M12S,33591008,451097,10577,https://i.ytimg.com/vi/JqFzhcWo3EU/maxresdefault.jpg,15
2026-08-31T02:15:00.610597+00:00,AE,United Arab Emirates,2,9,Fxe9RDRFwjA,MITTI DE BAWAY | Teaser 1 | Ft. Mahira Khan - Wahaj Ali | Coming Soon Only on Green TV Entertainment,UCF2ltLX1dnPa6-L1paPaMzw,Green TV Entertainment,24,Entertainment,2026-08-30T14:30:21Z,PT1M4S,401114,4187,387,https://i.ytimg.com/vi/Fxe9RDRFwjA/maxresdefault.jpg,4
2026-08-31T02:15:00.610597+00:00,AE,United Arab Emirates,3,8,IaqQeBs6xL0,ROBLOX KICK BALL TO SPACE..,UCRkuUgtDAL4XSU5jB40J_wA,Foltyn,20,Gaming,2026-08-30T11:17:20Z,PT28M29S,778436,13970,3322,https://i.ytimg.com/vi/IaqQeBs6xL0/maxresdefault.jpg,3
2026-08-31T02:15:00.610597+00:00,AE,United Arab Emirates,4,7,rs0gQ-3hbPQ,Muthumani Music Video - DOROTHY | Maestro Ilaiyaraaja | Karthik Subbaraj,UCn4rEMqKtwBQ6-oEwbd4PcA,Sony Music South,10,Music,2026-08-29T06:32:03Z,PT5M24S,2766797,55855,5540,https://i.ytimg.com/vi/rs0gQ-3hbPQ/maxresdefault.jpg,5
2026-08-31T02:15:00.610597+00:00,AE,United Arab Emirates,5,6,Fv1FQi6CWe4,Bethlehem Kudumba Unit Tamil Trailer | Girish AD | Nivin Pauly | Mamitha Baiju | September 4th,UCPvtzpmgq3fraUXl6lLoK3w,BHAVANA STUDIOS,24,Entertainment,2026-08-29T11:29:06Z,PT2M45S,2029786,12111,442,https://i.ytimg.com/vi/Fv1FQi6CWe4/maxresdefault.jpg,4
2026-08-31T02:15:00.610597+00:00,AE,United Arab Emirates,6,5,1tffqhaqxRI,UPDATE 30 TRAILER + MAGNET SHOWCASE | Blox Fruits,UC_xlDCBWQPlihORIZLWtpbA,Gamer Robot,20,Gaming,2026-08-30T02:00:06Z,PT14M19S,4358733,195427,50307,https://i.ytimg.com/vi/1tffqhaqxRI/maxresdefault.jpg,6
2026-08-31T02:15:00.610597+00:00,AE,United Arab Emirates,7,4,YJA51GSN7Is,"I'm Game - Audio Jukebox (Malayalam)| Dulquer Salmaan,Kayadu Lohar,Samyuktha Viswanathan|Jakes Bejoy",UCLsSLka8jODBozvi5VTQeaQ,Zee Music South,10,Music,2026-08-29T18:30:45Z,PT18M51S,182858,3967,861,https://i.ytimg.com/vi/YJA51GSN7Is/maxresdefault.jpg,1
2026-08-31T02:15:00.610597+00:00,AE,United Arab Emirates,8,3,MiAgdoQOqBY,Ottam Thullal Official Teaser | Vishnu Unnikrishnan | Harisree Ashokan | G Marthandan,UCq6f9bBWaWTHl0FhH167RgA,GOODWILL ENTERTAINMENTS,24,Entertainment,2026-08-30T11:30:06Z,PT1M13S,98512,880,109,https://i.ytimg.com/vi/MiAgdoQOqBY/maxresdefault.jpg,1
2026-08-31T02:15:00.610597+00:00,AE,United Arab Emirates,9,2,Dy06SXknr_g,World's Largest Minecraft Build!,UCIPPMRA040LQr5QPyJEbmXA,MrBeast Gaming,20,Gaming,2026-08-29T16:00:00Z,PT24M59S,20329039,400444,13676,https://i.ytimg.com/vi/Dy06SXknr_g/maxresdefault.jpg,40
2026-08-31T02:15:00.610597+00:00,AE,United Arab Emirates,10,1,cRgrrrdqbLM,अफीम (Official Video) #Khesari Lal Yadav | Kangana Sharma | #Shilpi Raj | Afeem | New #Bhojpuri Song,UC22nIfOTM7KLIQuFGMKzQbg,Wave Music,10,Music,2026-08-29T01:00:06Z,PT3M47S,3883325,194804,45225,https://i.ytimg.com/vi/cRgrrrdqbLM/maxresdefault.jpg,2
2026-08-31T02:15:00.610597+00:00,GB,United Kingdom,1,10,JqFzhcWo3EU,Yeshanagula | The Paradise | Nani | Keerthy Suresh | Anirudh Ravichander | Srikanth Odela,UC68nKdrLbLL0Vj7ilVkLmmg,Saregama Telugu,10,Music,2026-08-29T09:43:07Z,PT3M12S,33591008,451097,10577,https://i.ytimg.com/vi/JqFzhcWo3EU/maxresdefault.jpg,15
2026-08-31T02:15:00.610597+00:00,GB,United Kingdom,2,9,Fxe9RDRFwjA,MITTI DE BAWAY | Teaser 1 | Ft. Mahira Khan - Wahaj Ali | Coming Soon Only on Green TV Entertainment,UCF2ltLX1dnPa6-L1paPaMzw,Green TV Entertainment,24,Entertainment,2026-08-30T14:30:21Z,PT1M4S,401114,4187,387,https://i.ytimg.com/vi/Fxe9RDRFwjA/maxresdefault.jpg,4
2026-08-31T02:15:00.610597+00:00,GB,United Kingdom,3,8,pVm-0kQiFxk,I Became BEN-10 in Minecraft!,UC0eLBYhxW9HC0P9PXQ73mpQ,Cash,24,Entertainment,2026-08-30T15:00:19Z,PT20M36S,616337,7878,1375,https://i.ytimg.com/vi/pVm-0kQiFxk/maxresdefault.jpg,8
2026-08-31T02:15:00.610597+00:00,GB,United Kingdom,4,7,aVDhsQ0mNvk,Rmsaynarda  -  REAL G [Music Video],UCTuy4xBmN87DQbdqzwauq9Q,rmsaynarda,10,Music,2026-08-30T18:00:09Z,PT2M52S,4852,458,30,https://i.ytimg.com/vi/aVDhsQ0mNvk/maxresdefault.jpg,1
2026-08-31T02:15:00.610597+00:00,GB,United Kingdom,5,6,9HFLEy-nSro,Outside | Official Trailer | Netflix,UCWOA1ZGywLbqmigxE4Qlvuw,Netflix,24,Entertainment,2026-08-30T18:00:00Z,PT1M32S,60928,812,70,https://i.ytimg.com/vi/9HFLEy-nSro/maxresdefault.jpg,1
2026-08-31T02:15:00.610597+00:00,GB,United Kingdom,6,5,7yj_WVQIB4I,This video will teach you How To Fish,UCzXwjTI6c6mVn6oui_p6oiw,SMii7Y,20,Gaming,2026-08-30T19:13:11Z,PT32M35S,1131249,45323,1992,https://i.ytimg.com/vi/7yj_WVQIB4I/maxresdefault.jpg,6
2026-08-31T02:15:00.610597+00:00,GB,United Kingdom,7,4,oqTrR6HVSKg,"Andra x Leo de la Roșiori - Tinerețe, Nu Fugi De Mine (LIVE) #LaCerereaFanilor",UC-j_qmx-JdJWjwVIetg1vHQ,Andra,10,Music,2026-08-30T09:00:01Z,PT6M10S,172913,2452,127,https://i.ytimg.com/vi/oqTrR6HVSKg/maxresdefault.jpg,2
2026-08-31T02:15:00.610597+00:00,GB,United Kingdom,8,3,exKLy6CwUNo,Tower Defense X Tower Battles II Trailer | ROBLOX,UCojsj6T5tNPGPZSx7wn4coQ,JOHN ROBLOX,20,Gaming,2026-08-30T18:59:31Z,PT1M41S,85912,4593,1017,https://i.ytimg.com/vi/exKLy6CwUNo/maxresdefault.jpg,6
2026-08-31T02:15:00.610597+00:00,GB,United Kingdom,9,2,IaqQeBs6xL0,ROBLOX KICK BALL TO SPACE..,UCRkuUgtDAL4XSU5jB40J_wA,Foltyn,20,Gaming,2026-08-30T11:17:20Z,PT28M29S,778436,13970,3322,https://i.ytimg.com/vi/IaqQeBs6xL0/maxresdefault.jpg,3
2026-08-31T02:15:00.610597+00:00,GB,United Kingdom,10,1,Y6OGKFQBG7s,"""Moronic"" - Marsh Family parody of Alanis Morissette's ""Ironic"" about Trump's Trade War with Canada",UCMmgu60G09zrL9JsrFZYgqA,Marsh Family,10,Music,2026-08-30T21:04:37Z,PT3M50S,13844,2123,131,https://i.ytimg.com/vi/Y6OGKFQBG7s/maxresdefault.jpg,1
2026-08-31T02:15:00.610597+00:00,US,United States,1,10,JqFzhcWo3EU,Yeshanagula | The Paradise | Nani | Keerthy Suresh | Anirudh Ravichander | Srikanth Odela,UC68nKdrLbLL0Vj7ilVkLmmg,Saregama Telugu,10,Music,2026-08-29T09:43:07Z,PT3M12S,33591008,451097,10577,https://i.ytimg.com/vi/JqFzhcWo3EU/maxresdefault.jpg,15
2026-08-31T02:15:00.610597+00:00,US,United States,2,9,exKLy6CwUNo,Tower Defense X Tower Battles II Trailer | ROBLOX,UCojsj6T5tNPGPZSx7wn4coQ,JOHN ROBLOX,20,Gaming,2026-08-30T18:59:31Z,PT1M41S,85912,4593,1017,https://i.ytimg.com/vi/exKLy6CwUNo/maxresdefault.jpg,6
2026-08-31T02:15:00.610597+00:00,US,United States,3,8,7yj_WVQIB4I,This video will teach you How To Fish,UCzXwjTI6c6mVn6oui_p6oiw,SMii7Y,20,Gaming,2026-08-30T19:13:11Z,PT32M35S,1131249,45323,1992,https://i.ytimg.com/vi/7yj_WVQIB4I/maxresdefault.jpg,6
2026-08-31T02:15:00.610597+00:00,US,United States,4,7,GPb7pwHIDx4,Jarahn x SHLD - Yu Les (Audio) feat. Nene Morus & Rich Antony ,UC44awJ49tZNNMliYVPQDdmA,Jarahn,10,Music,2026-08-27T16:14:51Z,PT4M2S,25986,1499,86,https://i.ytimg.com/vi/GPb7pwHIDx4/maxresdefault.jpg,2
2026-08-31T02:15:00.610597+00:00,US,United States,5,6,CBUBk3uwWM0,The PS5 Pro is SOLD OUT All Over the U.S. after Netflix's GTA 6 Extended Look Trailer!,UCs95gwav7frv5HTVqAGa7uQ,Tyrone Magnus,20,Gaming,2026-08-30T21:48:23Z,PT4M51S,38182,1157,330,https://i.ytimg.com/vi/CBUBk3uwWM0/maxresdefault.jpg,2
2026-08-31T02:15:00.610597+00:00,US,United States,6,5,pVm-0kQiFxk,I Became BEN-10 in Minecraft!,UC0eLBYhxW9HC0P9PXQ73mpQ,Cash,24,Entertainment,2026-08-30T15:00:19Z,PT20M36S,616337,7878,1375,https://i.ytimg.com/vi/pVm-0kQiFxk/maxresdefault.jpg,8
2026-08-31T02:15:00.610597+00:00,US,United States,7,4,HpB4Pcdxsrs,La Perversa - Mona (Video Oficial),UCjg8vMcrT6QzC2RVRJRNo7A,La Perversa,10,Music,2026-08-28T17:00:06Z,PT2M35S,1772707,113699,55181,https://i.ytimg.com/vi/HpB4Pcdxsrs/maxresdefault.jpg,6
2026-08-31T02:15:00.610597+00:00,US,United States,8,3,h7EX3dxqXHI,Lanterns Episode 3 Trailer: WTF Happened To Hal Jordan,UCDiFRMQWpcp8_KD4vwIVicw,Emergency Awesome,24,Entertainment,2026-08-29T20:23:19Z,PT13M59S,333970,4485,603,https://i.ytimg.com/vi/h7EX3dxqXHI/maxresdefault.jpg,2
2026-08-31T02:15:00.610597+00:00,US,United States,9,2,fqZNgsq2zIM,YOU forgot to stop recording...,UCNDzLI-hyihpAx3zKtwhGZw,Techy Plays,20,Gaming,2026-08-30T20:15:00Z,PT12M25S,180428,4849,1030,https://i.ytimg.com/vi/fqZNgsq2zIM/maxresdefault.jpg,2
2026-08-31T02:15:00.610597+00:00,US,United States,10,1,ZbkNJGXeXJU,Prometiste Volver,UCBcH-tCfIuZ-PlpkPk7UZew,Release - Topic,10,Music,2026-08-29T15:57:05Z,PT3M7S,296968,1856,0,https://i.ytimg.com/vi/ZbkNJGXeXJU/maxresdefault.jpg,4
2026-08-31T02:15:00.610597+00:00,UY,Uruguay,1,10,cT6F08-NdSc,Pekeño 77 - ESTILO DE VIDA,UCK3wIe3eIVgJUv7bN3T8UOw,Pekeño 77,10,Music,2026-08-30T23:00:06Z,PT3M44S,4381,771,458,https://i.ytimg.com/vi/cT6F08-NdSc/maxresdefault.jpg,1
2026-08-31T02:15:00.610597+00:00,UY,Uruguay,2,9,rkEHl4jCpLU,MI REACCIÓN al TRAILER de GTA 6 😱 - Nexxuz,UCggHFGmLDDStxyM-uy9DYnQ,Nexxuz World,24,Entertainment,2026-08-30T20:00:25Z,PT49M22S,130765,9684,361,https://i.ytimg.com/vi/rkEHl4jCpLU/maxresdefault.jpg,18
2026-08-31T02:15:00.610597+00:00,UY,Uruguay,3,8,y4PdXhBzP_0,Evolucioné de POBRE a Adoptado por FAMILIA MILLONARIA en Minecraft!,UC8EkcHOycB94lHDkbAPSnQA,Nacho,20,Gaming,2026-08-30T21:07:18Z,PT24M8S,225093,4026,243,https://i.ytimg.com/vi/y4PdXhBzP_0/maxresdefault.jpg,12
2026-08-31T02:15:00.610597+00:00,UY,Uruguay,4,7,rSiWJC-xZCQ,"Clarent, Omar Courtz - Ojos Brujos (Video Oficial)",UC0Lraa8vhm003yImLsPOY3g,Clarent,10,Music,2026-08-28T00:00:07Z,PT4M35S,1081474,46564,1075,https://i.ytimg.com/vi/rSiWJC-xZCQ/maxresdefault.jpg,3
2026-08-31T02:15:00.610597+00:00,UY,Uruguay,5,6,r14fl2jb4Zo,¡TRAILER EXTENDIDO DE GTA VI!,UCm0ieYUIU0FijIulbZ4ukbw,Tiempo de Videojuegos,20,Gaming,2026-08-29T19:21:40Z,PT23M1S,488520,14042,759,https://i.ytimg.com/vi/r14fl2jb4Zo/maxresdefault.jpg,4
2026-08-31T02:15:00.610597+00:00,UY,Uruguay,6,5,7jljnd_429U,Encerré a Mis Amigas en UN BLOQUE ENDERMAN en Minecraft!,UC62nFXtc3KNujp9LCPJt-sA,Awita,20,Gaming,2026-08-30T20:09:41Z,PT32M35S,223025,5063,426,https://i.ytimg.com/vi/7jljnd_429U/maxresdefault.jpg,4
2026-08-31T02:15:00.610597+00:00,UY,Uruguay,7,4,zN6cPHhOUCg,"B-rlin, Rodrigo Tapari - La Culpa / Por Que Te Tengo Que Olvidar (Video Oficial)",UCBBy6zULfQ43sN-SfbxKfGg,B-RLIN,10,Music,2026-08-27T23:00:06Z,PT4M34S,277630,1353,26,https://i.ytimg.com/vi/zN6cPHhOUCg/maxresdefault.jpg,2
2026-08-31T02:15:00.610597+00:00,UY,Uruguay,8,3,vW12X2nHpc8,"BANANIROU Reacciona al TRAILER de GTA VI ""AN EXTENDED LOOK""",UCzzsHtfh30tPGdP3_2UyX9w,Bananirou,24,Entertainment,2026-08-27T20:18:26Z,PT29M2S,169015,4306,281,https://i.ytimg.com/vi/vW12X2nHpc8/maxresdefault.jpg,1
2026-08-31T02:15:00.610597+00:00,UY,Uruguay,9,2,T2QYSLDlr7I,"MI TIENDA SE HIZO DE ORO (Tienda Pokemon, Episodio 6)",UCcjIvuxmWlS5IEQ0JdPV4Ng,Rubius Z,20,Gaming,2026-08-29T16:49:13Z,PT41M15S,2391066,100953,3567,https://i.ytimg.com/vi/T2QYSLDlr7I/maxresdefault.jpg,5
2026-08-31T02:15:00.610597+00:00,UY,Uruguay,10,1,DOgWqtTNJ-4,La Kuppé - Echarte Al Olvido / Mis Sentimientos / Te Necesito (Video Oficial),UCGm6v-OwmylLGNzYPENsv4A,La Kuppé,10,Music,2026-08-28T23:00:06Z,PT7M31S,109637,863,54,https://i.ytimg.com/vi/DOgWqtTNJ-4/maxresdefault.jpg,1
2026-08-31T02:15:00.610597+00:00,VE,Venezuela,1,10,Too3XygnMdE,Juan Gabriel - Así Fue (En Vivo) (Letra/Lyrics),UC3OcsnHmfLzw0jSOr5ZYO3A,ROSES,10,Music,2026-08-29T20:00:10Z,PT7M3S,157384,705,3,https://i.ytimg.com/vi/Too3XygnMdE/maxresdefault.jpg,11
2026-08-31T02:15:00.610597+00:00,VE,Venezuela,2,9,rkEHl4jCpLU,MI REACCIÓN al TRAILER de GTA 6 😱 - Nexxuz,UCggHFGmLDDStxyM-uy9DYnQ,Nexxuz World,24,Entertainment,2026-08-30T20:00:25Z,PT49M22S,130765,9684,361,https://i.ytimg.com/vi/rkEHl4jCpLU/maxresdefault.jpg,18
2026-08-31T02:15:00.610597+00:00,VE,Venezuela,3,8,y4PdXhBzP_0,Evolucioné de POBRE a Adoptado por FAMILIA MILLONARIA en Minecraft!,UC8EkcHOycB94lHDkbAPSnQA,Nacho,20,Gaming,2026-08-30T21:07:18Z,PT24M8S,225093,4026,243,https://i.ytimg.com/vi/y4PdXhBzP_0/maxresdefault.jpg,12
2026-08-31T02:15:00.610597+00:00,VE,Venezuela,4,7,htPCBPfP8kY,"Kany García, Carín León - Te Lo Agradezco (Letra)",UC13_NvR3UwvMCxB_A2pdHmw,Ritmo Fest,10,Music,2026-08-28T17:54:37Z,PT3M4S,108024,227,1,https://i.ytimg.com/vi/htPCBPfP8kY/maxresdefault.jpg,2
2026-08-31T02:15:00.610597+00:00,VE,Venezuela,5,6,gps1sHrmgTY,TODO lo que NO VISTE en el TRAILER EXTENDIDO de GTA 6,UCiCEpAj4fGMPtpnPtapsgGw,Trolencio911,20,Gaming,2026-08-28T20:48:08Z,PT12M3S,149167,6979,377,https://i.ytimg.com/vi/gps1sHrmgTY/maxresdefault.jpg,1
2026-08-31T02:15:00.610597+00:00,VE,Venezuela,6,5,-SlvFCOVvTQ,POR CADA SALTO LLEGO MAS ALTO EN ROBLOX!🏔️,UColTsB6zogXWooPbeO67Wgw,ElAbrahaham,20,Gaming,2026-08-30T18:00:20Z,PT23M33S,547773,21760,2877,https://i.ytimg.com/vi/-SlvFCOVvTQ/maxresdefault.jpg,13
2026-08-31T02:15:00.610597+00:00,VE,Venezuela,7,4,1NCCKahcaPM,Vicente Fernández - Mujeres Divinas (En Vivo [Un Azteca en el Azteca] [Letra / Lyrics]),UCK586Wo8pKz0C50xlSZqSDA,vicentefernandezVEVO,10,Music,2026-08-30T00:00:28Z,PT3M19S,112580,967,30,https://i.ytimg.com/vi/1NCCKahcaPM/maxresdefault.jpg,2
2026-08-31T02:15:00.610597+00:00,VE,Venezuela,8,3,r14fl2jb4Zo,¡TRAILER EXTENDIDO DE GTA VI!,UCm0ieYUIU0FijIulbZ4ukbw,Tiempo de Videojuegos,20,Gaming,2026-08-29T19:21:40Z,PT23M1S,488520,14042,759,https://i.ytimg.com/vi/r14fl2jb4Zo/maxresdefault.jpg,4
2026-08-31T02:15:00.610597+00:00,VE,Venezuela,9,2,8p9ezbiLkIw,Me Convertí en FOCA y Sobreviví 7 Días en el Ártico en Roblox!,UCmkyN2GfMyR7gsIiKBCR3nw,Dagar Roblox,20,Gaming,2026-08-30T15:03:15Z,PT17M33S,302566,3345,120,https://i.ytimg.com/vi/8p9ezbiLkIw/maxresdefault.jpg,4
2026-08-31T02:15:00.610597+00:00,VE,Venezuela,10,1,QJTP_mN-tbE,Romeo Santos - Que Se Mueran  (Letra),UCuMZUmEIz6V26xIFiyDRgJg,Prestige Vibes,10,Music,2026-08-27T13:00:22Z,PT4M10S,75205,71,1,https://i.ytimg.com/vi/QJTP_mN-tbE/maxresdefault.jpg,2
2026-08-31T02:15:00.610597+00:00,VN,Vietnam,1,10,FNbT75NoaAI,JACK - J97 | HOA TRONG ĐÁ | Official Music Video - Album TAM THÁI TỬ - Track No.1,UChUJa1JyBc7Lc4orkiNKKQg,J97,10,Music,2026-08-29T13:30:06Z,PT4M58S,1535322,78493,16090,https://i.ytimg.com/vi/FNbT75NoaAI/maxresdefault.jpg,1
2026-08-31T02:15:00.610597+00:00,VN,Vietnam,2,9,bxN9i74GgBQ,Có Gì Hot Trong Trong Trailer 26 Phút Của GTA VI Sáng Nay?,UCTF0ldaORTbCfx2ahvFfYWg,Phê Game,20,Gaming,2026-08-28T06:10:05Z,PT14M37S,367346,3389,455,https://i.ytimg.com/vi/bxN9i74GgBQ/maxresdefault.jpg,1
2026-08-31T02:15:00.610597+00:00,VN,Vietnam,3,8,SBsq5XMeVZ0,Bình Luận Tiếng Việt: T1 vs BFX l LCK 2026 Playoffs Round 1,UCm0P5i4TNItvgmPCZCGSyYA,LCK Tiếng Việt,20,Gaming,2026-08-29T13:11:49Z,PT5H34M9S,2454850,9201,49,https://i.ytimg.com/vi/SBsq5XMeVZ0/maxresdefault.jpg,1
2026-08-31T02:15:00.610597+00:00,VN,Vietnam,4,7,UH21OnJwxZE,PHƯƠNG MỸ CHI x DTAP | 'THIÊN ĐƯỜNG VỚI NGƯỜI THƯƠNG' | OFFICIAL MUSIC VIDEO,UCGRIV5jOtKyAibhjBdIndZQ,Phương Mỹ Chi,10,Music,2026-08-12T13:00:06Z,PT4M7S,19399858,259869,27300,https://i.ytimg.com/vi/UH21OnJwxZE/maxresdefault.jpg,1
2026-08-31T02:15:00.610597+00:00,VN,Vietnam,5,6,dCs2BaTu8TA,"Official Trailer 2 Ngày 1 Đêm Mùa 5 | Dàn cast làm chủ hành trình, lập công ty du lịch tự do, tự lo",UCFMEYTv6N64hIL9FlQ_hxBw,ĐÔNG TÂY PROMOTION OFFICIAL,24,Entertainment,2026-08-28T05:00:12Z,PT2M11S,181295,1382,61,https://i.ytimg.com/vi/dCs2BaTu8TA/maxresdefault.jpg,1
2026-08-31T02:15:00.610597+00:00,VN,Vietnam,6,5,Rg5Z_dmMlnk,TS vs FPT | 1S vs RRQ | SGP vs FPL | GIAI ĐOẠN VÒNG BẢNG - LƯỢT ĐI | ĐTDV MÙA ĐÔNG 2026 (NGÀY 30/08),UCpnQwjzvDm1MOMtZV2zkVpA,Liên Quân Mobile eSports-Garena,20,Gaming,2026-08-30T16:54:19Z,PT10H14M11S,1938087,6363,22,https://i.ytimg.com/vi/Rg5Z_dmMlnk/maxresdefault.jpg,1
2026-08-31T02:15:00.610597+00:00,VN,Vietnam,7,4,49i3SrRDbSE,NHẠC REMIX TIKTOK TRIỆU VIEW - BXH Nhạc Trẻ Remix Hay Nhất Hiện Nay - Top 20 Nhạc Hot TikTok 2026,UCPDs5WRe5P-DFW_1EIPqlWQ,Orinn Mix,10,Music,2026-08-29T02:00:49Z,PT1H1M59S,499000,897,50,https://i.ytimg.com/vi/49i3SrRDbSE/maxresdefault.jpg,1
2026-08-31T02:15:00.610597+00:00,VN,Vietnam,8,3,MFYU4mVhgF0,Nếu Tô Gà Sở Hữu Tất Cả Verity Ball Trong Minecraft Man Hunt!,UCDhxPj5HsdH-jn7rUx6A2yg,Toga TV,20,Gaming,2026-08-29T11:36:24Z,PT17M55S,864867,5501,362,https://i.ytimg.com/vi/MFYU4mVhgF0/maxresdefault.jpg,1
2026-08-31T02:15:00.610597+00:00,VN,Vietnam,9,2,QCr4Wf_eJHo,"Yanbi, Khắc Việt - ĐẾN KHI NÀO (Cover) (Official Music Video)",UCUxJQAYyV0bHOzNcSR920Lw,Yanbi ,10,Music,2026-08-22T09:20:09Z,PT4M2S,1283137,6142,686,https://i.ytimg.com/vi/QCr4Wf_eJHo/maxresdefault.jpg,1
2026-08-31T02:15:00.610597+00:00,VN,Vietnam,10,1,Bohi_E7Rhss,(Goose Goose Duck #84) Loạt role mới khiến đàn ngỗng bối rối và lộ diện line-up vịt yếu nhất lịch sử,UCA_23dkEYToAc37hjSsCnXA,MixiGaming,24,Entertainment,2026-08-25T12:30:26Z,PT2H40M50S,1602191,13183,546,https://i.ytimg.com/vi/Bohi_E7Rhss/maxresdefault.jpg,1
2026-08-31T02:15:00.610597+00:00,YE,Yemen,1,10,zNtGTpO5MT8,"قلبي هواوي  وليته مابتلا بالهواء""شيله طربيه  غزليه لحن ترند جديد 2026",UCOPsnsGH0wpQ2hTTrlY15Ew,يماني ماركه FM,10,Music,2026-08-23T13:46:40Z,PT3M6S,68613,383,4,https://i.ytimg.com/vi/zNtGTpO5MT8/sddefault.jpg,1
2026-08-31T02:15:00.610597+00:00,YE,Yemen,2,9,bLgx3seSGIE,وش هالمخلوق اللي يطاردني؟! 😭💀 | 2# VISAGE,UCRu9mro2nPafhMxVy2CRfXA,AboFlah Gaming,20,Gaming,2026-08-29T12:31:29Z,PT55M6S,645853,32770,3819,https://i.ytimg.com/vi/bLgx3seSGIE/maxresdefault.jpg,1
2026-08-31T02:15:00.610597+00:00,YE,Yemen,3,8,4smXm7W031s,hayley kiyoko - nobody should have you (feat. chelsea cutler) [official video],UC00X4AUEmat8Pk772tDu8OA,Hayley Kiyoko,10,Music,2026-08-28T17:00:06Z,PT3M49S,447489,6723,424,https://i.ytimg.com/vi/4smXm7W031s/maxresdefault.jpg,1
2026-08-31T02:15:00.610597+00:00,YE,Yemen,4,7,pJxFzSErTBc,تجربه اف سي موبايل ٢٧ بيتا لأول مره قبل ما تنزل🤫🤯,UC9de4K00-WJx6pL90iDkOTw,HikaSIU,20,Gaming,2026-08-30T16:59:43Z,PT14M18S,229989,18145,1354,https://i.ytimg.com/vi/pJxFzSErTBc/maxresdefault.jpg,2
2026-08-31T02:15:00.610597+00:00,YE,Yemen,5,6,7DUTLxFjLGM,Haifa Wehbe - Nogha (Official Music Video) هيفاء وهبي - نوغا,UCUpLrHLtpJKplgkR__bZfMw,Haifa Wehbe,10,Music,2026-08-27T17:00:06Z,PT2M52S,948180,15993,2550,https://i.ytimg.com/vi/7DUTLxFjLGM/maxresdefault.jpg,3
2026-08-31T02:15:00.610597+00:00,YE,Yemen,6,5,Dy06SXknr_g,World's Largest Minecraft Build!,UCIPPMRA040LQr5QPyJEbmXA,MrBeast Gaming,20,Gaming,2026-08-29T16:00:00Z,PT24M59S,20329039,400444,13676,https://i.ytimg.com/vi/Dy06SXknr_g/maxresdefault.jpg,40
2026-08-31T02:15:00.610597+00:00,YE,Yemen,7,4,l8WPwntU6ho,ميدلي جماليات جديد الفنان ابراهيم رجب 2026,UCYb2SQnmcixylHL7QKojTKA,ابراهيم رجب ibrahim Rajab lI,10,Music,2026-08-27T18:00:06Z,PT3M20S,21650,837,218,https://i.ytimg.com/vi/l8WPwntU6ho/maxresdefault.jpg,1
2026-08-31T02:15:00.610597+00:00,YE,Yemen,8,3,7rV-M8OzUwA,فزعه راعي الشاص لي الشرطي الي حاولو يسرقو الـBMW حقتو لينصدم || فلم قراند 5,UCMSCWmyXPHDpo3ENQLqK4jA,قراند مان - Grand Man,20,Gaming,2026-08-29T11:14:05Z,PT23M59S,113470,1656,83,https://i.ytimg.com/vi/7rV-M8OzUwA/maxresdefault.jpg,1
2026-08-31T02:15:00.610597+00:00,YE,Yemen,9,2,aDd7j3hzmQg,ايوب طارش - اذا ابتسم يبتسم روحي | تسجيلات خاصة,UCWIic0-d4fRj3hy5xq-0Duw,Ayoub Taresh l ايوب طارش,10,Music,2026-08-27T17:15:21Z,PT12M13S,16791,416,49,https://i.ytimg.com/vi/aDd7j3hzmQg/maxresdefault.jpg,1
2026-08-31T02:15:00.610597+00:00,YE,Yemen,10,1,rdGBaGNJCLU,فلم قراند : الجميع سوف يدعس زعرور النملة العملاق في ثانية واحدة ( كركور يضرب ) ؟؟🔥😂,UCQkLgXGjPbIrrNtT8ZtHOmg,Ahmad GTA Family - عائلة احمد قراند ,22,People & Blogs,2026-08-30T12:29:44Z,PT18M30S,177148,2685,72,https://i.ytimg.com/vi/rdGBaGNJCLU/maxresdefault.jpg,3
2026-08-31T02:15:00.610597+00:00,ZW,Zimbabwe,1,10,t7pdJidH8KY,Nisha Ts - Shasha ft. Holy Ten (Official Music Video),UCxxMTUIH6PF9ihVrcUM25bw,Nisha Ts,10,Music,2026-08-18T08:00:06Z,PT2M17S,1204588,30967,2873,https://i.ytimg.com/vi/t7pdJidH8KY/maxresdefault.jpg,1
2026-08-31T02:15:00.610597+00:00,ZW,Zimbabwe,2,9,X1aFkAkFASk,Avengers: Doomsday | Special Look | In Theaters December 18,UCvC4D8onUfXzvjTOM-dBfEA,Marvel Entertainment,24,Entertainment,2026-08-15T04:06:21Z,PT2M10S,36887790,1343094,59863,https://i.ytimg.com/vi/X1aFkAkFASk/maxresdefault.jpg,22
2026-08-31T02:15:00.610597+00:00,ZW,Zimbabwe,3,8,pVm-0kQiFxk,I Became BEN-10 in Minecraft!,UC0eLBYhxW9HC0P9PXQ73mpQ,Cash,24,Entertainment,2026-08-30T15:00:19Z,PT20M36S,616337,7878,1375,https://i.ytimg.com/vi/pVm-0kQiFxk/maxresdefault.jpg,8
2026-08-31T02:15:00.610597+00:00,ZW,Zimbabwe,4,7,Uu6JUUujFVE,Jnr Spragga - DAKA,UCnd7uA3XSqpyC2NgzmP4K1g,Jnr Spragga,10,Music,2026-07-31T15:18:59Z,PT2M45S,2963519,52238,4746,https://i.ytimg.com/vi/Uu6JUUujFVE/maxresdefault.jpg,1
2026-08-31T02:15:00.610597+00:00,ZW,Zimbabwe,5,6,01IeKpHvgvM,The Gentlemen: Season 2 | Official Trailer | Netflix,UCWOA1ZGywLbqmigxE4Qlvuw,Netflix,24,Entertainment,2026-08-24T14:00:00Z,PT2M24S,1595192,23955,932,https://i.ytimg.com/vi/01IeKpHvgvM/maxresdefault.jpg,2
2026-08-31T02:15:00.610597+00:00,ZW,Zimbabwe,6,5,1tffqhaqxRI,UPDATE 30 TRAILER + MAGNET SHOWCASE | Blox Fruits,UC_xlDCBWQPlihORIZLWtpbA,Gamer Robot,20,Gaming,2026-08-30T02:00:06Z,PT14M19S,4358733,195427,50307,https://i.ytimg.com/vi/1tffqhaqxRI/maxresdefault.jpg,6
2026-08-31T02:15:00.610597+00:00,ZW,Zimbabwe,7,4,EnPm4xJ1G9g,King Alfa — Yadeuka Yadeuka ((Official Video)),UC7x0zHEykagtRVR_OXMrrDQ,King Alfa aka Kadiki zw,10,Music,2026-08-01T10:00:06Z,PT3M,2289931,54714,4875,https://i.ytimg.com/vi/EnPm4xJ1G9g/maxresdefault.jpg,1
2026-08-31T02:15:00.610597+00:00,ZW,Zimbabwe,8,3,5fHXyqQOKL8,Primetime | Official Trailer HD | A24,UCuPivVjnfNo4mb3Oog_frZg,A24,1,Film & Animation,2026-08-06T13:00:36Z,PT2M17S,45775710,248756,16130,https://i.ytimg.com/vi/5fHXyqQOKL8/maxresdefault.jpg,5
2026-08-31T02:15:00.610597+00:00,ZW,Zimbabwe,9,2,Dy06SXknr_g,World's Largest Minecraft Build!,UCIPPMRA040LQr5QPyJEbmXA,MrBeast Gaming,20,Gaming,2026-08-29T16:00:00Z,PT24M59S,20329039,400444,13676,https://i.ytimg.com/vi/Dy06SXknr_g/maxresdefault.jpg,40
2026-08-31T02:15:00.610597+00:00,ZW,Zimbabwe,10,1,a4C10JE72a0,Nutty O - Mercy  (Official Video ) ft .Holy Ten & Glory Sound ,UChVqcWocWFSmqewxOYhrA1Q, Nutty O - ABX,10,Music,2026-08-17T07:00:06Z,PT3M48S,531116,17020,2021,https://i.ytimg.com/vi/a4C10JE72a0/maxresdefault.jpg,1
